PRT1
1880
4649
4 0 68 (5120 3072 1024 ) (5120 3072 2048 ) (5120 3584 2048 ) (5120 3584 1024 ) 
4 0 4 (6144 3072 1024 ) (6144 3072 2048 ) (5120 3072 2048 ) (5120 3072 1024 ) 
4 0 1 (6144 3072 1024 ) (5120 3072 1024 ) (5120 3584 1024 ) (6144 3584 1024 ) 
4 1 69 (5120 3072 768 ) (5120 3072 1024 ) (5120 3584 1024 ) (5120 3584 768 ) 
4 1 5 (6144 3072 768 ) (6144 3072 1024 ) (5120 3072 1024 ) (5120 3072 768 ) 
4 1 2 (5120 3072 768 ) (5120 3584 768 ) (6144 3584 768 ) (6144 3072 768 ) 
4 2 70 (5120 3072 256 ) (5120 3072 768 ) (5120 3584 768 ) (5120 3584 256 ) 
4 2 6 (6144 3072 256 ) (6144 3072 768 ) (5120 3072 768 ) (5120 3072 256 ) 
4 3 25 (6624 2048 -96 ) (6624 2048 176 ) (6144 2048 176 ) (6144 2048 -96 ) 
4 3 23 (6144 2048 -96 ) (6144 2048 -32 ) (6144 2560 -32 ) (6144 2560 -96 ) 
4 3 16 (6144 2048 -32 ) (6144 2048 96 ) (6144 2560 96 ) (6144 2560 -32 ) 
4 3 15 (6144 2048 96 ) (6144 2048 176 ) (6144 2560 176 ) (6144 2560 96 ) 
4 4 83 (5120 2048 1024 ) (5120 2048 2048 ) (5120 3072 2048 ) (5120 3072 1024 ) 
4 4 26 (5120 2048 2048 ) (5120 2048 1024 ) (6144 2048 1024 ) (6144 2048 2048 ) 
4 4 5 (5120 2048 1024 ) (5120 3072 1024 ) (6144 3072 1024 ) (6144 2048 1024 ) 
4 5 84 (5120 2048 768 ) (5120 2048 1024 ) (5120 3072 1024 ) (5120 3072 768 ) 
4 5 27 (5120 2048 1024 ) (5120 2048 768 ) (6144 2048 768 ) (6144 2048 1024 ) 
4 5 6 (6144 2048 768 ) (5120 2048 768 ) (5120 3072 768 ) (6144 3072 768 ) 
4 6 90 (5120 2048 256 ) (5120 2048 592 ) (5120 2656 592 ) (5120 2656 256 ) 
4 6 88 (5120 2656 592 ) (5120 2976 592 ) (5120 2976 256 ) (5120 2656 256 ) 
4 6 86 (5120 2976 592 ) (5120 3072 592 ) (5120 3072 256 ) (5120 2976 256 ) 
4 6 85 (5120 2048 592 ) (5120 2048 768 ) (5120 3072 768 ) (5120 3072 592 ) 
4 6 28 (5120 2048 768 ) (5120 2048 256 ) (6144 2048 256 ) (6144 2048 768 ) 
4 7 35 (5536 2048 128 ) (5600 2048 128 ) (5600 2048 176 ) (5536 2048 176 ) 
4 7 15 (5600 2048 176 ) (5600 2048 128 ) (5536 2112 128 ) (5536 2112 176 ) 
3 7 11 (5568 2048 128 ) (5536 2048 128 ) (5536 2080 128 ) 
4 7 9 (5536 2111.996094 128 ) (5599.996094 2048 128 ) (5568 2048 128 ) (5536 2080 128 ) 
4 8 100 (5120 2048 128 ) (5120 2048 240 ) (5120 2496 240 ) (5120 2496 128 ) 
4 8 39 (5120 2048 240 ) (5120 2048 128 ) (5504 2048 128 ) (5504 2048 240 ) 
3 8 12 (5120 2304 128 ) (5120 2496 128 ) (5312 2304 128 ) 
5 8 14 (5504 2112 128 ) (5504 2048 128 ) (5120 2048 128 ) (5120 2304 128 ) (5312 2304 128 ) 
4 9 35 (5568 2048 -96 ) (5600 2048 -96 ) (5600 2048 128 ) (5568 2048 128 ) 
4 9 24 (5600 2048 -96 ) (5536 2112 -96 ) (5536 2112 -32 ) (5600 2048 -32 ) 
4 9 17 (5536 2112 -32 ) (5536 2112 96 ) (5600 2048 96 ) (5600 2048 -32 ) 
4 9 15 (5536 2112 96 ) (5536 2112 128 ) (5600 2048 128 ) (5600 2048 96 ) 
4 9 11 (5536 2080.003906 -96 ) (5568.003906 2048 -96 ) (5568 2048 128 ) (5536 2080 128 ) 
4 10 21 (5148 2500 128 ) (5424 2224 128 ) (5424 2224 -32 ) (5148 2500 -32 ) 
4 10 12 (5312 2304 128 ) (5132 2484 128 ) (5132.001465 2484.001465 -32 ) (5312.002930 2304 -32 ) 
4 10 14 (5408.001465 2208.001465 -32 ) (5408 2208 128 ) (5312 2304 128 ) (5312.002930 2304 -32 ) 
4 11 35 (5536 2048 -96 ) (5568 2048 -96 ) (5568 2048 128 ) (5536 2048 128 ) 
4 12 101 (5120 2304 128 ) (5120 2496 128 ) (5120 2496 -32 ) (5120 2304 -32 ) 
3 12 13 (5312 2304 -32 ) (5280 2304 -32 ) (5296 2320 -32 ) 
4 12 14 (5312 2304 -32 ) (5312 2304 128 ) (5120 2304 128 ) (5120 2304 -32 ) 
4 13 14 (5280 2304 -96 ) (5312 2304 -96 ) (5312 2304 -32 ) (5280 2304 -32 ) 
4 14 124 (5120 2048 -96 ) (5120 2048 -32 ) (5120 2304 -32 ) (5120 2304 -96 ) 
4 14 101 (5120 2048 -32 ) (5120 2048 128 ) (5120 2304 128 ) (5120 2304 -32 ) 
4 14 39 (5120 2048 128 ) (5120 2048 -96 ) (5504 2048 -96 ) (5504 2048 128 ) 
4 15 35 (6144 2048 96 ) (6144 2048 176 ) (5600 2048 176 ) (5600 2048 96 ) 
5 15 16 (5664 2240 96 ) (5984 2560 96 ) (6144 2560 96 ) (6144 2048 96 ) (5856 2048 96 ) 
4 15 17 (5600 2048 96 ) (5536 2112 96 ) (5664 2240 96 ) (5856 2048 96 ) 
4 16 35 (6144 2048 -32 ) (6144 2048 96 ) (5856 2048 96 ) (5856 2048 -32 ) 
5 16 23 (6144 2048 -32 ) (5856 2048 -32 ) (5664 2240 -32 ) (5984 2560 -32 ) (6144 2560 -32 ) 
4 16 17 (5856 2048 96 ) (5664 2240 96 ) (5664 2240 -32 ) (5856 2048 -32 ) 
4 17 35 (5856 2048 96 ) (5600 2048 96 ) (5600 2048 -32 ) (5856 2048 -32 ) 
4 17 24 (5856 2048 -32 ) (5600 2048 -32 ) (5480 2168 -32 ) (5608 2296 -32 ) 
4 17 20 (5592 2280 -32 ) (5491 2179 -32 ) (5491 2179 72 ) (5592 2280 72 ) 
4 18 102 (5120 2976 168 ) (5120 2976 -32 ) (5120 2528 -32 ) (5120 2528 168 ) 
4 18 19 (5135 2535 -32 ) (5209 2609 -32 ) (5209 2609 96 ) (5135 2535 96 ) 
4 19 21 (5159 2511 -32 ) (5233 2585 -32 ) (5233 2585 96 ) (5159 2511 96 ) 
4 20 21 (5568.003906 2303.996094 72 ) (5568.003906 2303.996094 -32 ) (5467.003906 2202.996094 -32 ) (5467.003906 2202.996094 72 ) 
4 21 22 (5568.002441 2303.997559 -32 ) (5260.001953 2611.998047 -32 ) (5260.001953 2611.998047 128 ) (5568.002441 2303.997559 128 ) 
4 23 35 (5856 2048 -96 ) (6144 2048 -96 ) (6144 2048 -32 ) (5856 2048 -32 ) 
4 23 24 (5664.002441 2240.001709 -96 ) (5856.003906 2048 -96 ) (5856 2048 -32 ) (5664 2240 -32 ) 
4 24 35 (5600 2048 -96 ) (5856 2048 -96 ) (5856 2048 -32 ) (5600 2048 -32 ) 
4 25 35 (6144 2048 176 ) (6144 2048 -96 ) (6144 1728 -96 ) (6144 1728 176 ) 
4 26 157 (5120 1024 1024 ) (5120 1024 2048 ) (5120 2048 2048 ) (5120 2048 1024 ) 
4 26 62 (5120 1024 2048 ) (5120 1024 1024 ) (6144 1024 1024 ) (6144 1024 2048 ) 
4 26 27 (6144 1024 1024 ) (5120 1024 1024 ) (5120 2048 1024 ) (6144 2048 1024 ) 
4 27 158 (5120 1024 768 ) (5120 1024 1024 ) (5120 2048 1024 ) (5120 2048 768 ) 
4 27 63 (5120 1024 1024 ) (5120 1024 768 ) (6144 1024 768 ) (6144 1024 1024 ) 
4 27 28 (6144 2048 768 ) (6144 1024 768 ) (5120 1024 768 ) (5120 2048 768 ) 
4 28 173 (5120 1024 256 ) (5120 1024 384 ) (5120 1056 384 ) (5120 1056 256 ) 
4 28 171 (5120 1056 384 ) (5120 1064 384 ) (5120 1064 256 ) (5120 1056 256 ) 
4 28 164 (5120 1064 384 ) (5120 1160 384 ) (5120 1160 256 ) (5120 1064 256 ) 
4 28 161 (5120 1160 384 ) (5120 1168 384 ) (5120 1168 256 ) (5120 1160 256 ) 
4 28 160 (5120 1168 384 ) (5120 2048 384 ) (5120 2048 256 ) (5120 1168 256 ) 
4 28 159 (5120 1024 384 ) (5120 1024 768 ) (5120 2048 768 ) (5120 2048 384 ) 
4 28 64 (5120 1024 768 ) (5120 1024 256 ) (6144 1024 256 ) (6144 1024 768 ) 
4 29 37 (5856 1447.292725 -96 ) (5696 1513.175171 -96 ) (5696 1513.175293 96 ) (5856 1447.292847 96 ) 
4 29 36 (5696 1513.175293 96 ) (5696 1513.175293 240 ) (5856 1447.292969 240 ) (5856 1447.292847 96 ) 
4 29 32 (5696 1513.179688 64 ) (5696 1513.179688 -96 ) (5696 1200 -96 ) (5696 1200 64 ) 
4 29 31 (5696 1513.179688 96 ) (5696 1513.179688 64 ) (5696 1200 64 ) (5696 1200 96 ) 
4 29 30 (5696 1513.179688 240 ) (5696 1513.179688 96 ) (5696 1200 96 ) (5696 1200 240 ) 
4 30 65 (5696 1024 96 ) (5696 1024 240 ) (5536 1024 240 ) (5536 1024 96 ) 
4 30 57 (5536 1024 96 ) (5536 1024 240 ) (5536 1200 240 ) (5536 1200 96 ) 
4 30 50 (5536 1200 240 ) (5536 1340.470459 240 ) (5536 1340.470459 96 ) (5536 1200 96 ) 
4 30 40 (5536 1340.470459 240 ) (5536 1579.058838 240 ) (5536 1579.058838 96 ) (5536 1340.470459 96 ) 
4 30 36 (5536 1579.057617 96 ) (5536 1579.057617 240 ) (5696 1513.175293 240 ) (5696 1513.175171 96 ) 
5 30 31 (5536 1024 96 ) (5536 1564.858398 96 ) (5541 1577.003296 96 ) (5696 1513.179688 96 ) (5696 1024 96 ) 
4 31 65 (5696 1024 64 ) (5696 1024 96 ) (5536 1024 96 ) (5536 1024 64 ) 
4 31 57 (5536 1024 64 ) (5536 1024 96 ) (5536 1200 96 ) (5536 1200 64 ) 
4 31 53 (5536 1200 96 ) (5536 1340.470703 96 ) (5536 1340.470581 64 ) (5536 1200 64 ) 
4 31 44 (5536 1340.470703 96 ) (5536 1564.858643 96 ) (5536 1564.858643 64 ) (5536 1340.470581 64 ) 
4 31 37 (5541 1577 96 ) (5696 1513.175171 96 ) (5696 1513.175171 64 ) (5541 1577 64 ) 
5 31 32 (5536 1024 64 ) (5536 1564.858398 64 ) (5541 1577.003296 64 ) (5696 1513.179688 64 ) (5696 1024 64 ) 
4 32 65 (5696 1024 -25.597771 ) (5696 1024 64 ) (5536 1024 64 ) (5536 1024 -25.599014 ) 
5 32 57 (5536 1200 -96 ) (5536 1199.996948 -96 ) (5536 1024 -25.599022 ) (5536 1024 64 ) (5536 1200 64 ) 
4 32 53 (5536 1340.470581 -96 ) (5536 1200 -96 ) (5536 1200 64 ) (5536 1340.470703 64 ) 
4 32 46 (5536 1564.858643 -96 ) (5536 1340.470581 -96 ) (5536 1340.470703 64 ) (5536 1564.858643 64 ) 
4 32 37 (5696 1513.175171 -96 ) (5541 1577 -96 ) (5541 1577 64 ) (5696 1513.175171 64 ) 
4 32 34 (5536 1024 -25.599274 ) (5536 1040.001343 -32 ) (5696 1040.004761 -32 ) (5696 1024 -25.597931 ) 
4 32 33 (5536 1564.856934 -96 ) (5536 1564.858398 64 ) (5541 1577 64 ) (5541 1577 -96 ) 
4 33 47 (5536 1579.058838 -96 ) (5536 1564.858643 -96 ) (5536 1564.858643 64 ) (5536 1579.058838 64 ) 
4 34 65 (5696 1024 -32 ) (5696 1024 -25.597771 ) (5536 1024 -25.599014 ) (5536 1024 -32 ) 
3 34 58 (5536 1024 -32 ) (5536 1024 -25.599022 ) (5536 1040.001953 -32 ) 
4 35 38 (5536 2040 -96 ) (5536 1848 -96 ) (5536 1848 8 ) (5536 2040 8 ) 
4 36 40 (5536 1579.058838 96 ) (5536 1579.058838 240 ) (5536 1616 240 ) (5536 1616 96 ) 
4 36 37 (5856 1616 96 ) (5856 1447.294189 96 ) (5541 1577 96 ) (5557.058105 1616 96 ) 
4 38 39 (5504 2040 -96 ) (5504 1848 -96 ) (5504 1848 8 ) (5504 2040 8 ) 
4 39 228 (5120 2048 -32 ) (5120 2048 -96 ) (5120 1848 -96 ) (5120 1848 -32 ) 
4 39 227 (5120 2048 24 ) (5120 2048 -32 ) (5120 1848 -32 ) (5120 1848 24 ) 
4 39 218 (5120 2048 32 ) (5120 2048 24 ) (5120 1848 24 ) (5120 1848 32 ) 
4 39 192 (5120 2048 128 ) (5120 2048 32 ) (5120 1848 32 ) (5120 1848 128 ) 
4 39 179 (5120 2048 136 ) (5120 2048 128 ) (5120 1848 128 ) (5120 1848 136 ) 
4 39 174 (5120 1848 240 ) (5120 2048 240 ) (5120 2048 136 ) (5120 1848 136 ) 
4 39 48 (5120 1848 -96 ) (5504 1848 -96 ) (5504 1848 96 ) (5120 1848 96 ) 
4 39 42 (5504 1848 96 ) (5504 1848 240 ) (5120 1848 240 ) (5120 1848 96 ) 
4 40 50 (5536 1340.469849 96 ) (5536 1340.469849 240 ) (5504 1353.646362 240 ) (5504 1353.646362 96 ) 
4 40 44 (5536 1340.474609 96 ) (5504 1353.651123 96 ) (5504 1487.143433 96 ) (5536 1564.858643 96 ) 
4 40 41 (5504 1538.285034 96 ) (5504 1353.648438 96 ) (5504 1353.648438 240 ) (5504 1538.285034 240 ) 
4 41 52 (5454.170898 1374.164307 240 ) (5438.994141 1380.413574 240 ) (5438.994141 1380.413574 96 ) (5454.170898 1374.164307 96 ) 
4 41 50 (5504 1353.646362 240 ) (5454.170898 1374.164307 240 ) (5454.170898 1374.164307 96 ) (5504 1353.646362 96 ) 
3 41 44 (5504 1353.651123 96 ) (5457 1373.003540 96 ) (5504 1487.143433 96 ) 
4 42 192 (5120 1848 128 ) (5120 1848 96 ) (5120 1511.764648 96 ) (5120 1511.764648 128 ) 
4 42 179 (5120 1848 136 ) (5120 1848 128 ) (5120 1511.764648 128 ) (5120 1511.764648 136 ) 
4 42 174 (5120 1511.764648 240 ) (5120 1848 240 ) (5120 1848 136 ) (5120 1511.764648 136 ) 
4 42 60 (5248 1459.058228 240 ) (5120 1511.764160 240 ) (5120 1511.764160 96 ) (5248 1459.058228 96 ) 
4 42 51 (5406 1394 240 ) (5248 1459.058228 240 ) (5248 1459.058228 96 ) (5406 1394 96 ) 
4 42 49 (5120 1750.353027 96 ) (5120 1829.882446 96 ) (5501 1673 96 ) (5473 1605 96 ) 
4 42 48 (5120 1829.882446 96 ) (5120 1848 96 ) (5504 1848 96 ) (5504 1671.764771 96 ) 
4 42 43 (5389 1401.003540 96 ) (5120 1511.768555 96 ) (5120 1750.353027 96 ) (5473 1605 96 ) 
4 43 192 (5120 1511.764648 64 ) (5120 1511.764648 96 ) (5120 1750.353027 96 ) (5120 1750.353027 64 ) 
4 43 60 (5248 1459.058228 96 ) (5120 1511.764160 96 ) (5120 1511.764160 64 ) (5248 1459.058228 64 ) 
4 43 56 (5389 1401 96 ) (5248 1459.058228 96 ) (5248 1459.058228 64 ) (5389 1401 64 ) 
4 43 49 (5120 1750.352295 96 ) (5473 1605 96 ) (5473 1605 64 ) (5120 1750.352295 64 ) 
4 43 45 (5389 1401.001831 64 ) (5120 1511.766724 64 ) (5120 1750.353882 64 ) (5473 1605 64 ) 
4 44 53 (5536 1340.469849 64 ) (5536 1340.469849 96 ) (5457 1373 96 ) (5457 1373 64 ) 
3 44 46 (5536 1340.472656 64 ) (5457 1373.001831 64 ) (5536 1564.858276 64 ) 
4 45 229 (5120 1750.353027 -96 ) (5120 1511.764648 -96 ) (5120 1511.764648 24 ) (5120 1750.353027 24 ) 
4 45 218 (5120 1511.764648 24 ) (5120 1511.764648 32 ) (5120 1750.353027 32 ) (5120 1750.353027 24 ) 
4 45 192 (5120 1511.764648 32 ) (5120 1511.764648 64 ) (5120 1750.353027 64 ) (5120 1750.353027 32 ) 
4 45 61 (5120 1511.764160 -96 ) (5248 1459.058228 -96 ) (5248 1459.058228 -32 ) (5120 1511.764160 -32 ) 
4 45 60 (5248 1459.058228 -32 ) (5248 1459.058228 64 ) (5120 1511.764160 64 ) (5120 1511.764160 -32 ) 
4 45 56 (5248 1459.058228 -96 ) (5389 1401 -96 ) (5389 1401 64 ) (5248 1459.058228 64 ) 
4 45 49 (5473 1605 -96 ) (5120 1750.352295 -96 ) (5120 1750.352295 64 ) (5473 1605 64 ) 
4 45 47 (5472.998047 1604.996094 -96 ) (5472.998047 1604.996094 64 ) (5389 1401 64 ) (5389 1401 -96 ) 
4 46 53 (5457 1373 -96 ) (5536 1340.469849 -96 ) (5536 1340.469849 64 ) (5457 1373 64 ) 
4 46 47 (5457 1373 -96 ) (5457 1373 64 ) (5536 1564.857178 64 ) (5536 1564.857178 -96 ) 
4 48 228 (5120 1848 -32 ) (5120 1848 -96 ) (5120 1829.882446 -96 ) (5120 1829.882446 -32 ) 
4 48 227 (5120 1848 24 ) (5120 1848 -32 ) (5120 1829.882446 -32 ) (5120 1829.882446 24 ) 
4 48 218 (5120 1848 32 ) (5120 1848 24 ) (5120 1829.882446 24 ) (5120 1829.882446 32 ) 
4 48 192 (5120 1848 96 ) (5120 1848 32 ) (5120 1829.882446 32 ) (5120 1829.882446 96 ) 
4 48 49 (5501 1673 96 ) (5120 1829.881348 96 ) (5120 1829.881348 -96 ) (5501 1673 -96 ) 
4 49 229 (5120 1792 -96 ) (5120 1750.353027 -96 ) (5120 1750.353027 24 ) (5120 1792 24 ) 
4 49 228 (5120 1829.882446 -96 ) (5120 1792 -96 ) (5120 1792 -32 ) (5120 1829.882446 -32 ) 
4 49 227 (5120 1792 -32 ) (5120 1792 24 ) (5120 1829.882446 24 ) (5120 1829.882446 -32 ) 
4 49 218 (5120 1750.353027 24 ) (5120 1750.353027 32 ) (5120 1829.882446 32 ) (5120 1829.882446 24 ) 
4 49 192 (5120 1750.353027 32 ) (5120 1750.353027 96 ) (5120 1829.882446 96 ) (5120 1829.882446 32 ) 
4 50 59 (5280.006348 1200 96 ) (5440 1200 96 ) (5440 1200 240 ) (5280.006348 1200 240 ) 
4 50 57 (5440 1200 96 ) (5536 1200 96 ) (5536 1200 240 ) (5440 1200 240 ) 
4 50 54 (5385.764648 1200 96 ) (5280.006348 1200 96 ) (5397.837891 1317.831543 96 ) (5429 1305 96 ) 
4 50 53 (5536 1200 96 ) (5385.764648 1200 96 ) (5457 1373 96 ) (5536 1340.469971 96 ) 
4 50 52 (5454.171875 1374.164062 240 ) (5454.171875 1374.164062 96 ) (5423.995117 1343.987183 96 ) (5423.995117 1343.987183 240 ) 
4 51 60 (5248 1459.060547 240 ) (5248 1459.060547 96 ) (5248 1216 96 ) (5248 1216 240 ) 
4 51 56 (5248 1379.529541 96 ) (5248 1459.058472 96 ) (5389 1401 96 ) (5361 1333 96 ) 
3 51 55 (5248 1216 96 ) (5248 1379.529541 96 ) (5363.833496 1331.833496 96 ) 
4 53 59 (5440 1200 -32 ) (5440 1200 96 ) (5385.764648 1200 96 ) (5385.764648 1200 -32 ) 
4 53 57 (5440 1200 -96 ) (5536 1200 -96 ) (5536 1200 96 ) (5440 1200 96 ) 
4 53 54 (5385.763672 1200 -96 ) (5385.763672 1200 96 ) (5429 1305 96 ) (5429 1305 -96 ) 
4 54 59 (5385.764648 1200 -32 ) (5385.764648 1200 96 ) (5280.006348 1200 96 ) (5280.006348 1200 -32 ) 
4 55 61 (5248 1379.529541 -96 ) (5248 1216 -96 ) (5248 1216 -32 ) (5248 1379.529541 -32 ) 
4 55 60 (5248 1216 -32 ) (5248 1216 96 ) (5248 1379.529541 96 ) (5248 1379.529541 -32 ) 
4 55 56 (5361 1333 -96 ) (5248 1379.529297 -96 ) (5248 1379.529297 96 ) (5361 1333 96 ) 
4 56 61 (5248 1459.060547 -32 ) (5248 1459.060547 -96 ) (5248 1379.529541 -96 ) (5248 1379.529541 -32 ) 
4 56 60 (5248 1459.060547 96 ) (5248 1459.060547 -32 ) (5248 1379.529541 -32 ) (5248 1379.529541 96 ) 
4 57 65 (5536 1024 -25.599030 ) (5536 1024 240 ) (5440 1024 240 ) (5440 1024 -25.599792 ) 
5 57 59 (5440 1200 240 ) (5440 1200 -32 ) (5440 1040 -32 ) (5440 1024 -25.599808 ) (5440 1024 240 ) 
4 57 58 (5440 1024 -25.599915 ) (5440 1040 -32 ) (5536 1040.001953 -32 ) (5536 1024 -25.599022 ) 
4 58 65 (5536 1024 -32 ) (5536 1024 -25.599030 ) (5440 1024 -25.599792 ) (5440 1024 -32 ) 
3 58 59 (5440 1024 -32 ) (5440 1024 -25.599808 ) (5440 1040 -32 ) 
4 59 65 (5440 1024 -32 ) (5440 1024 240 ) (5248 1024 240 ) (5248 1024 -32 ) 
4 60 235 (5120 1160 -32 ) (5120 1088 -32 ) (5120 1088 24 ) (5120 1160 24 ) 
4 60 234 (5120 1088 24 ) (5120 1088 32 ) (5120 1160 32 ) (5120 1160 24 ) 
4 60 233 (5120 1232 -32 ) (5120 1160 -32 ) (5120 1160 24 ) (5120 1232 24 ) 
4 60 229 (5120 1511.764648 24 ) (5120 1511.764648 -32 ) (5120 1232 -32 ) (5120 1232 24 ) 
4 60 218 (5120 1511.764648 32 ) (5120 1511.764648 24 ) (5120 1160 24 ) (5120 1160 32 ) 
4 60 192 (5120 1511.764648 128 ) (5120 1511.764648 32 ) (5120 1088 32 ) (5120 1088 128 ) 
4 60 189 (5120 1160 136 ) (5120 1160 128 ) (5120 1088 128 ) (5120 1088 136 ) 
4 60 186 (5120 1088 240 ) (5120 1160 240 ) (5120 1160 136 ) (5120 1088 136 ) 
4 60 179 (5120 1511.764648 136 ) (5120 1511.764648 128 ) (5120 1160 128 ) (5120 1160 136 ) 
4 60 178 (5120 1160 240 ) (5120 1232 240 ) (5120 1232 136 ) (5120 1160 136 ) 
4 60 174 (5120 1232 240 ) (5120 1511.764648 240 ) (5120 1511.764648 136 ) (5120 1232 136 ) 
4 60 61 (5120 1511.764526 -32 ) (5248 1459.058594 -32 ) (5248 1216 -32 ) (5120 1088 -32 ) 
4 61 235 (5120 1088 -32 ) (5120 1160 -32 ) (5120 1160 -96 ) (5120 1088 -96 ) 
4 61 233 (5120 1160 -32 ) (5120 1232 -32 ) (5120 1232 -96 ) (5120 1160 -96 ) 
4 61 229 (5120 1232 -32 ) (5120 1511.764648 -32 ) (5120 1511.764648 -96 ) (5120 1232 -96 ) 
4 62 262 (5120 0 1024 ) (5120 0 2048 ) (5120 1024 2048 ) (5120 1024 1024 ) 
4 62 63 (6144 0 1024 ) (5120 0 1024 ) (5120 1024 1024 ) (6144 1024 1024 ) 
4 63 263 (5120 0 768 ) (5120 0 1024 ) (5120 1024 1024 ) (5120 1024 768 ) 
4 63 64 (5120 1024 768 ) (6144 1024 768 ) (6144 0 768 ) (5120 0 768 ) 
4 64 264 (5120 0 256 ) (5120 0 768 ) (5120 1024 768 ) (5120 1024 256 ) 
4 65 66 (5248 1024 144 ) (5248 1024 -32 ) (5248 768 -32 ) (5248 768 144 ) 
4 66 67 (5216 1024 -32 ) (5216 768 -32 ) (5216 768 144 ) (5216 1024 144 ) 
4 67 265 (5120 768 -32 ) (5120 768 144 ) (5120 1024 144 ) (5120 1024 -32 ) 
4 68 83 (5120 3072 1024 ) (5120 3072 2048 ) (4096 3072 2048 ) (4096 3072 1024 ) 
4 68 71 (4096 3072 1024 ) (4096 3072 2048 ) (4096 3584 2048 ) (4096 3584 1024 ) 
4 68 69 (5120 3072 1024 ) (4096 3072 1024 ) (4096 3584 1024 ) (5120 3584 1024 ) 
4 69 84 (5120 3072 768 ) (5120 3072 1024 ) (4096 3072 1024 ) (4096 3072 768 ) 
4 69 72 (4096 3072 768 ) (4096 3072 1024 ) (4096 3584 1024 ) (4096 3584 768 ) 
4 69 70 (4096 3072 768 ) (4096 3584 768 ) (5120 3584 768 ) (5120 3072 768 ) 
4 70 93 (4384 3072 592 ) (4096 3072 592 ) (4096 3072 256 ) (4384 3072 256 ) 
4 70 92 (4416 3072 592 ) (4384 3072 592 ) (4384 3072 256 ) (4416 3072 256 ) 
4 70 87 (4656 3072 592 ) (4416 3072 592 ) (4416 3072 256 ) (4656 3072 256 ) 
4 70 86 (5120 3072 256 ) (5120 3072 592 ) (4656 3072 592 ) (4656 3072 256 ) 
4 70 85 (5120 3072 592 ) (5120 3072 768 ) (4096 3072 768 ) (4096 3072 592 ) 
4 70 73 (4096 3072 256 ) (4096 3072 768 ) (4096 3584 768 ) (4096 3584 256 ) 
4 71 141 (3360 3072 2048 ) (3072 3072 2048 ) (3072 3072 1024 ) (3360 3072 1024 ) 
4 71 126 (4096 3072 1024 ) (4096 3072 2048 ) (3360 3072 2048 ) (3360 3072 1024 ) 
4 71 74 (3072 3072 1024 ) (3072 3072 2048 ) (3072 3584 2048 ) (3072 3584 1024 ) 
4 71 72 (4096 3072 1024 ) (3072 3072 1024 ) (3072 3584 1024 ) (4096 3584 1024 ) 
4 72 142 (3360 3072 1024 ) (3072 3072 1024 ) (3072 3072 768 ) (3360 3072 768 ) 
4 72 127 (4096 3072 768 ) (4096 3072 1024 ) (3360 3072 1024 ) (3360 3072 768 ) 
4 72 75 (3072 3072 768 ) (3072 3072 1024 ) (3072 3584 1024 ) (3072 3584 768 ) 
4 72 73 (4096 3072 768 ) (3392 3072 768 ) (3392 3584 768 ) (4096 3584 768 ) 
4 73 139 (3776 3072 768 ) (3392 3072 768 ) (3392 3072 256 ) (3776 3072 256 ) 
4 73 138 (3968 3072 768 ) (3776 3072 768 ) (3776 3072 256 ) (3968 3072 256 ) 
4 73 135 (4000 3072 768 ) (3968 3072 768 ) (3968 3072 256 ) (4000 3072 256 ) 
4 73 128 (4096 3072 256 ) (4096 3072 768 ) (4000 3072 768 ) (4000 3072 256 ) 
4 74 278 (3072 3072 1024 ) (3072 3072 2048 ) (2048 3072 2048 ) (2048 3072 1024 ) 
4 74 78 (2048 3072 1024 ) (2048 3072 2048 ) (2048 3584 2048 ) (2048 3584 1024 ) 
4 74 75 (3072 3072 1024 ) (2048 3072 1024 ) (2048 3584 1024 ) (3072 3584 1024 ) 
4 75 279 (3072 3072 768 ) (3072 3072 1024 ) (2048 3072 1024 ) (2048 3072 768 ) 
4 75 79 (2048 3072 768 ) (2048 3072 1024 ) (2048 3584 1024 ) (2048 3584 768 ) 
4 75 76 (2240 3072 768 ) (2048 3072 768 ) (2048 3584 768 ) (2240 3584 768 ) 
4 76 294 (2048 3072 448 ) (2048 3072 256 ) (2240 3072 256 ) (2240 3072 448 ) 
4 76 286 (2048 3072 640 ) (2048 3072 448 ) (2240 3072 448 ) (2240 3072 640 ) 
4 76 281 (2240 3072 768 ) (2048 3072 768 ) (2048 3072 640 ) (2240 3072 640 ) 
4 76 81 (2048 3072 256 ) (2048 3072 640 ) (2048 3584 640 ) (2048 3584 256 ) 
4 76 80 (2048 3072 640 ) (2048 3072 768 ) (2048 3584 768 ) (2048 3584 640 ) 
4 76 77 (2240 3072 256 ) (2048 3072 256 ) (2048 3584 256 ) (2240 3584 256 ) 
4 77 296 (2240 3072 256 ) (2048 3072 256 ) (2048 3072 208 ) (2240 3072 208 ) 
4 77 82 (2048 3072 208 ) (2048 3072 256 ) (2048 3584 256 ) (2048 3584 208 ) 
4 78 599 (1024 3072 1024 ) (1024 3072 2048 ) (1024 3584 2048 ) (1024 3584 1024 ) 
4 78 300 (2048 3072 1024 ) (2048 3072 2048 ) (1024 3072 2048 ) (1024 3072 1024 ) 
4 78 79 (1024 3584 1024 ) (2048 3584 1024 ) (2048 3072 1024 ) (1024 3072 1024 ) 
4 79 600 (1024 3072 768 ) (1024 3072 1024 ) (1024 3584 1024 ) (1024 3584 768 ) 
4 79 301 (2048 3072 768 ) (2048 3072 1024 ) (1024 3072 1024 ) (1024 3072 768 ) 
4 79 80 (1024 3584 768 ) (2048 3584 768 ) (2048 3072 768 ) (1024 3072 768 ) 
4 80 603 (1024 3072 640 ) (1024 3072 768 ) (1024 3584 768 ) (1024 3584 640 ) 
4 80 302 (2048 3072 640 ) (2048 3072 768 ) (1024 3072 768 ) (1024 3072 640 ) 
4 80 81 (2048 3072 640 ) (1280 3072 640 ) (1280 3584 640 ) (2048 3584 640 ) 
4 81 302 (2048 3072 256 ) (2048 3072 640 ) (1280 3072 640 ) (1280 3072 256 ) 
4 81 82 (1280 3584 256 ) (2048 3584 256 ) (2048 3072 256 ) (1280 3072 256 ) 
4 82 305 (1904 3072 252 ) (1280 3072 252 ) (1280 3072 208 ) (1904 3072 208 ) 
4 82 304 (2048 3072 208 ) (2048 3072 252 ) (1904 3072 252 ) (1904 3072 208 ) 
4 82 303 (2048 3072 252 ) (2048 3072 256 ) (1280 3072 256 ) (1280 3072 252 ) 
4 83 157 (5120 2048 1024 ) (5120 2048 2048 ) (4096 2048 2048 ) (4096 2048 1024 ) 
4 83 126 (4096 3072 2048 ) (4096 3072 1024 ) (4096 2048 1024 ) (4096 2048 2048 ) 
4 83 84 (5120 2048 1024 ) (4096 2048 1024 ) (4096 3072 1024 ) (5120 3072 1024 ) 
4 84 158 (5120 2048 768 ) (5120 2048 1024 ) (4096 2048 1024 ) (4096 2048 768 ) 
4 84 127 (4096 3072 1024 ) (4096 3072 768 ) (4096 2048 768 ) (4096 2048 1024 ) 
4 84 85 (4096 2048 768 ) (4096 3072 768 ) (5120 3072 768 ) (5120 2048 768 ) 
4 85 159 (5120 2048 592 ) (5120 2048 768 ) (4096 2048 768 ) (4096 2048 592 ) 
4 85 133 (4096 2208 592 ) (4096 2176 592 ) (4096 2176 768 ) (4096 2208 768 ) 
4 85 134 (4096 2176 592 ) (4096 2048 592 ) (4096 2048 768 ) (4096 2176 768 ) 
4 85 130 (4096 2976 592 ) (4096 2208 592 ) (4096 2208 768 ) (4096 2976 768 ) 
4 85 129 (4096 3008 592 ) (4096 2976 592 ) (4096 2976 768 ) (4096 3008 768 ) 
4 85 128 (4096 3072 768 ) (4096 3072 592 ) (4096 3008 592 ) (4096 3008 768 ) 
4 85 93 (4096 3008 592 ) (4096 3072 592 ) (4384 3072 592 ) (4384 3008 592 ) 
4 85 92 (4384 3072 592 ) (4416 3072 592 ) (4416 3008 592 ) (4384 3008 592 ) 
4 85 97 (4096 2048 592 ) (4096 2176 592 ) (4416 2176 592 ) (4416 2048 592 ) 
4 85 91 (4656 2048 592 ) (4416 2048 592 ) (4416 2496 592 ) (4656 2496 592 ) 
4 85 90 (5120 2656 592 ) (5120 2048 592 ) (4656 2048 592 ) (4656 2656 592 ) 
4 85 88 (5120 2976 592 ) (5120 2656 592 ) (4656 2656 592 ) (4656 2976 592 ) 
4 85 87 (4416 3072 592 ) (4656 3072 592 ) (4656 3008 592 ) (4416 3008 592 ) 
4 85 86 (4656 3072 592 ) (5120 3072 592 ) (5120 2976 592 ) (4656 2976 592 ) 
4 86 88 (4656 2976 256 ) (5120 2976 256 ) (5120 2976 592 ) (4656 2976 592 ) 
4 86 87 (4656 3072 256 ) (4656 3008 256 ) (4656 3008 592 ) (4656 3072 592 ) 
4 87 92 (4416 3072 256 ) (4416 3008 256 ) (4416 3008 592 ) (4416 3072 592 ) 
4 88 90 (4656 2656 256 ) (5120 2656 256 ) (5120 2656 592 ) (4656 2656 592 ) 
4 89 98 (4416 2656 256 ) (4416 2976 256 ) (4608 2976 256 ) (4608 2656 256 ) 
4 90 160 (5120 2048 256 ) (5120 2048 384 ) (4656 2048 384 ) (4656 2048 256 ) 
4 90 159 (5120 2048 384 ) (5120 2048 592 ) (4656 2048 592 ) (4656 2048 384 ) 
4 90 91 (4656 2496 256 ) (4656 2048 256 ) (4656 2048 592 ) (4656 2496 592 ) 
4 91 160 (4416 2048 384 ) (4416 2048 256 ) (4656 2048 256 ) (4656 2048 384 ) 
4 91 159 (4656 2048 592 ) (4416 2048 592 ) (4416 2048 384 ) (4656 2048 384 ) 
4 91 97 (4416 2176 256 ) (4416 2048 256 ) (4416 2048 592 ) (4416 2176 592 ) 
4 92 93 (4384 3072 256 ) (4384 3008 256 ) (4384 3008 592 ) (4384 3072 592 ) 
4 93 128 (4096 3072 592 ) (4096 3072 256 ) (4096 3008 256 ) (4096 3008 592 ) 
4 94 132 (4096 2208 264 ) (4096 2208 480 ) (4096 2592 480 ) (4096 2592 264 ) 
4 94 131 (4096 2592 480 ) (4096 2976 480 ) (4096 2976 264 ) (4096 2592 264 ) 
4 94 96 (4336 2208 384 ) (4176 2208 384 ) (4176 2208 264 ) (4336 2208 264 ) 
4 94 95 (4096 2592 264 ) (4096 2976 264 ) (4384 2976 264 ) (4384 2592 264 ) 
4 95 131 (4096 2976 256 ) (4096 2592 256 ) (4096 2592 264 ) (4096 2976 264 ) 
4 95 99 (4096 2592 256 ) (4096 2976 256 ) (4384 2976 256 ) (4384 2592 256 ) 
4 96 97 (4336 2176 264 ) (4336 2176 384 ) (4176 2176 384 ) (4176 2176 264 ) 
4 97 160 (4096 2048 384 ) (4096 2048 256 ) (4416 2048 256 ) (4416 2048 384 ) 
4 97 159 (4416 2048 592 ) (4096 2048 592 ) (4096 2048 384 ) (4416 2048 384 ) 
4 97 134 (4096 2176 256 ) (4096 2048 256 ) (4096 2048 592 ) (4096 2176 592 ) 
4 98 107 (4416 2656 240 ) (4416 2976 240 ) (4608 2976 240 ) (4608 2656 240 ) 
4 99 147 (4096 2976 240 ) (4096 2592 240 ) (4096 2592 256 ) (4096 2976 256 ) 
4 99 115 (4096 2808 240 ) (4096 2976 240 ) (4384 2976 240 ) (4384 2808 240 ) 
4 99 116 (4096 2592 240 ) (4096 2808 240 ) (4384 2808 240 ) (4384 2592 240 ) 
4 100 185 (5000 2048 136 ) (4992 2048 136 ) (4992 2048 128 ) (5000 2048 128 ) 
4 100 179 (5120 2048 128 ) (5120 2048 136 ) (5000 2048 136 ) (5000 2048 128 ) 
4 100 174 (5120 2048 136 ) (5120 2048 240 ) (4992 2048 240 ) (4992 2048 136 ) 
4 100 103 (4992 2048 128 ) (4992 2048 240 ) (4992 2560 240 ) (4992 2560 128 ) 
5 100 101 (4992 2048 128 ) (4992 2560 128 ) (5056 2560 128 ) (5120 2496 128 ) (5120 2048 128 ) 
4 101 227 (5120 2048 -32 ) (5120 2048 24 ) (4992 2048 24 ) (4992 2048 -32 ) 
4 101 218 (5120 2048 24 ) (5120 2048 32 ) (4992 2048 32 ) (4992 2048 24 ) 
4 101 192 (5120 2048 32 ) (5120 2048 128 ) (4992 2048 128 ) (4992 2048 32 ) 
4 101 124 (5120 2304 -32 ) (5120 2048 -32 ) (4992 2048 -32 ) (4992 2304 -32 ) 
4 101 106 (4992 2560 -32 ) (4992 2048 -32 ) (4992 2048 96 ) (4992 2560 96 ) 
4 101 103 (4992 2048 96 ) (4992 2048 128 ) (4992 2560 128 ) (4992 2560 96 ) 
4 102 104 (4992 2960 -32 ) (4992 2672 -32 ) (4992 2672 96 ) (4992 2960 96 ) 
4 103 192 (4864 2048 128 ) (4864 2048 96 ) (4992 2048 96 ) (4992 2048 128 ) 
4 103 185 (4864 2048 136 ) (4864 2048 128 ) (4992 2048 128 ) (4992 2048 136 ) 
4 103 177 (4970 2048 240 ) (4864 2048 240 ) (4864 2048 136 ) (4970 2048 136 ) 
4 103 174 (4992 2048 240 ) (4970 2048 240 ) (4970 2048 136 ) (4992 2048 136 ) 
4 103 111 (4864 2495.600098 240 ) (4864 2560 240 ) (4864 2560 96 ) (4864 2495.600098 96 ) 
4 103 110 (4864 2048 96 ) (4864 2048 240 ) (4864 2495.600098 240 ) (4864 2495.600098 96 ) 
4 103 106 (4864 2048 96 ) (4864 2560 96 ) (4992 2560 96 ) (4992 2048 96 ) 
4 104 105 (4880 2960 96 ) (4880 2960 -32 ) (4880 2672 -32 ) (4880 2672 96 ) 
4 105 108 (4864 2960 -32 ) (4864 2816 -32 ) (4864 2816 96 ) (4864 2960 96 ) 
4 105 109 (4864 2816 -32 ) (4864 2672 -32 ) (4864 2672 96 ) (4864 2816 96 ) 
4 106 227 (4864 2048 24 ) (4864 2048 -32 ) (4992 2048 -32 ) (4992 2048 24 ) 
4 106 218 (4864 2048 32 ) (4864 2048 24 ) (4992 2048 24 ) (4992 2048 32 ) 
4 106 192 (4864 2048 96 ) (4864 2048 32 ) (4992 2048 32 ) (4992 2048 96 ) 
4 106 124 (4992 2048 -32 ) (4864 2048 -32 ) (4864 2304 -32 ) (4992 2304 -32 ) 
4 106 111 (4864 2560 -32 ) (4864 2495.600098 -32 ) (4864 2495.600098 96 ) (4864 2560 96 ) 
4 106 110 (4864 2495.600098 -32 ) (4864 2048 -32 ) (4864 2048 96 ) (4864 2495.600098 96 ) 
4 107 114 (4416 2832 240 ) (4416 2960 240 ) (4416 2960 160 ) (4416 2832 160 ) 
4 107 108 (4416 2816 160 ) (4416 2976 160 ) (4608 2976 160 ) (4608 2816 160 ) 
4 107 109 (4608 2656 160 ) (4416 2656 160 ) (4416 2816 160 ) (4608 2816 160 ) 
4 108 114 (4416 2832 160 ) (4416 2960 160 ) (4416 2960 112 ) (4416 2832 112 ) 
5 108 109 (4864 2816 -32 ) (4864 2816 160 ) (4416 2816 160 ) (4416 2816 112 ) (4632 2816 -32 ) 
4 110 227 (4828 2048 24 ) (4828 2048 -32 ) (4864 2048 -32 ) (4864 2048 24 ) 
4 110 218 (4828 2048 32 ) (4828 2048 24 ) (4864 2048 24 ) (4864 2048 32 ) 
4 110 192 (4828 2048 128 ) (4828 2048 32 ) (4864 2048 32 ) (4864 2048 128 ) 
4 110 185 (4828 2048 136 ) (4828 2048 128 ) (4864 2048 128 ) (4864 2048 136 ) 
4 110 177 (4864 2048 240 ) (4828 2048 240 ) (4828 2048 136 ) (4864 2048 136 ) 
5 110 125 (4832 2048 -32 ) (4828 2048 -32 ) (4736 2140 -32 ) (4736 2176 -32 ) (4832 2176 -32 ) 
4 110 124 (4864 2304 -32 ) (4864 2048 -32 ) (4832 2048 -32 ) (4832 2304 -32 ) 
4 110 112 (4828 2048 96 ) (4828 2048 240 ) (4492 2384 240 ) (4492 2384 96 ) 
4 110 113 (4492 2384 -32 ) (4828 2048 -32 ) (4828 2048 96 ) (4492 2384 96 ) 
4 110 111 (4864 2495.599365 240 ) (4864 2495.599365 -32 ) (4612 2420 -32 ) (4612 2420 240 ) 
4 112 207 (4416 2048 128 ) (4416 2048 96 ) (4624 2048 96 ) (4624 2048 128 ) 
4 112 195 (4624 2048 96 ) (4720 2048 96 ) (4720 2048 128 ) (4624 2048 128 ) 
4 112 194 (4720 2048 96 ) (4728 2048 96 ) (4728 2048 128 ) (4720 2048 128 ) 
4 112 193 (4728 2048 96 ) (4752 2048 96 ) (4752 2048 128 ) (4728 2048 128 ) 
4 112 192 (4752 2048 96 ) (4828 2048 96 ) (4828 2048 128 ) (4752 2048 128 ) 
4 112 185 (4416 2048 136 ) (4416 2048 128 ) (4828 2048 128 ) (4828 2048 136 ) 
4 112 177 (4828 2048 240 ) (4416 2048 240 ) (4416 2048 136 ) (4828 2048 136 ) 
4 112 122 (4416 2048 96 ) (4416 2048 240 ) (4416 2088 240 ) (4416 2088 96 ) 
4 112 120 (4416 2136 240 ) (4416 2343.285645 240 ) (4416 2343.285645 96 ) (4416 2136 96 ) 
4 112 119 (4416 2088 240 ) (4416 2136 240 ) (4416 2136 96 ) (4416 2088 96 ) 
4 112 113 (4416 2048 96 ) (4416 2343.285645 96 ) (4492 2384 96 ) (4828 2048 96 ) 
4 113 227 (4416 2048 24 ) (4416 2048 -32 ) (4828 2048 -32 ) (4828 2048 24 ) 
4 113 224 (4416 2048 32 ) (4416 2048 24 ) (4728 2048 24 ) (4728 2048 32 ) 
4 113 219 (4728 2048 24 ) (4752 2048 24 ) (4752 2048 32 ) (4728 2048 32 ) 
4 113 218 (4752 2048 24 ) (4828 2048 24 ) (4828 2048 32 ) (4752 2048 32 ) 
4 113 208 (4416 2048 96 ) (4416 2048 32 ) (4624 2048 32 ) (4624 2048 96 ) 
4 113 195 (4624 2048 32 ) (4720 2048 32 ) (4720 2048 96 ) (4624 2048 96 ) 
4 113 194 (4720 2048 32 ) (4728 2048 32 ) (4728 2048 96 ) (4720 2048 96 ) 
4 113 193 (4728 2048 32 ) (4752 2048 32 ) (4752 2048 96 ) (4728 2048 96 ) 
4 113 192 (4752 2048 32 ) (4828 2048 32 ) (4828 2048 96 ) (4752 2048 96 ) 
3 113 125 (4828 2048 -32 ) (4736 2048 -32 ) (4736 2140 -32 ) 
4 113 123 (4416 2088 -32 ) (4416 2048 -32 ) (4416 2048 96 ) (4416 2088 96 ) 
4 113 121 (4416 2460 -32 ) (4416 2136 -32 ) (4416 2136 96 ) (4416 2460 96 ) 
4 113 119 (4416 2136 -32 ) (4416 2088 -32 ) (4416 2088 96 ) (4416 2136 96 ) 
4 114 115 (4384 2832 112 ) (4384 2832 240 ) (4384 2960 240 ) (4384 2960 112 ) 
4 115 151 (4096 2808 112 ) (4096 2808 224 ) (4096 2976 224 ) (4096 2976 112 ) 
4 115 149 (4096 2808 224 ) (4096 2808 240 ) (4096 2976 240 ) (4096 2976 224 ) 
4 115 116 (4384 2808 112 ) (4384 2808 240 ) (4096 2808 240 ) (4096 2808 112 ) 
4 116 152 (4096 2808 -32 ) (4096 2592 -32 ) (4096 2592 224 ) (4096 2808 224 ) 
4 116 149 (4096 2592 224 ) (4096 2592 240 ) (4096 2808 240 ) (4096 2808 224 ) 
4 116 117 (4096 2592 -32 ) (4384 2592 -32 ) (4384 2592 160 ) (4096 2592 160 ) 
4 117 153 (4096 2592 -32 ) (4096 2560 -32 ) (4096 2560 160 ) (4096 2592 160 ) 
4 117 118 (4096 2560 -32 ) (4384 2560 -32 ) (4384 2560 160 ) (4096 2560 160 ) 
4 118 154 (4096 2560 -32 ) (4096 2240 -32 ) (4096 2240 160 ) (4096 2560 160 ) 
4 118 123 (4096 2239.996826 -32 ) (4180.001465 2323.998779 -32 ) (4180 2324 96 ) (4096 2239.997559 96 ) 
4 118 121 (4204.001465 2348 -32 ) (4366.001465 2510 -32 ) (4366.001465 2510 96 ) (4204 2348 96 ) 
4 119 122 (4416 2088 96 ) (4416 2088 240 ) (4272 2232 240 ) (4272 2232 96 ) 
4 119 123 (4272 2232 -32 ) (4416 2088 -32 ) (4416 2088 96 ) (4272 2232 96 ) 
4 119 120 (4416 2136 240 ) (4416 2136 96 ) (4296 2256 96 ) (4296 2256 240 ) 
4 119 121 (4416 2136 96 ) (4416 2136 -32 ) (4296 2256 -32 ) (4296 2256 96 ) 
4 120 121 (4416 2136 96 ) (4296 2256 96 ) (4380 2324 96 ) (4416 2343.285645 96 ) 
4 122 207 (4150.428711 2048 128 ) (4150.428711 2048 96 ) (4416 2048 96 ) (4416 2048 128 ) 
4 122 185 (4150.428711 2048 136 ) (4150.428711 2048 128 ) (4416 2048 128 ) (4416 2048 136 ) 
4 122 177 (4416 2048 240 ) (4150.428223 2048 240 ) (4150.428711 2048 136 ) (4416 2048 136 ) 
5 122 123 (4272.001465 2232.001953 96 ) (4416 2088.003906 96 ) (4416 2048 96 ) (4150.428223 2048 96 ) (4204 2147.998779 96 ) 
4 123 227 (4132 2048 24 ) (4132 2048 -32 ) (4416 2048 -32 ) (4416 2048 24 ) 
4 123 224 (4132 2048 32 ) (4132 2048 24 ) (4416 2048 24 ) (4416 2048 32 ) 
4 123 208 (4132 2048 96 ) (4132 2048 32 ) (4416 2048 32 ) (4416 2048 96 ) 
4 123 155 (4096 2240 -32 ) (4096 2084 -32 ) (4096 2084 96 ) (4096 2240 96 ) 
4 124 228 (5120 2048 -96 ) (5120 2048 -32 ) (4832 2048 -32 ) (4832 2048 -96 ) 
4 124 125 (4832 2176 -96 ) (4832 2048 -96 ) (4832 2048 -32 ) (4832 2176 -32 ) 
4 125 228 (4832 2048 -32 ) (4736 2048 -32 ) (4736 2048 -96 ) (4832 2048 -96 ) 
4 126 237 (4096 2048 1024 ) (4096 2048 2048 ) (3360 2048 2048 ) (3360 2048 1024 ) 
4 126 141 (3360 3072 2048 ) (3360 3072 1024 ) (3360 2048 1024 ) (3360 2048 2048 ) 
4 126 127 (3360 2048 1024 ) (3360 3072 1024 ) (4096 3072 1024 ) (4096 2048 1024 ) 
4 127 238 (4096 2048 768 ) (4096 2048 1024 ) (3360 2048 1024 ) (3360 2048 768 ) 
4 127 142 (3360 3072 1024 ) (3360 3072 768 ) (3360 2048 768 ) (3360 2048 1024 ) 
4 127 140 (3776 2112 768 ) (3776 2048 768 ) (3392 2048 768 ) (3392 2112 768 ) 
4 127 139 (3392 3072 768 ) (3776 3072 768 ) (3776 2112 768 ) (3392 2112 768 ) 
4 127 138 (3776 3072 768 ) (3968 3072 768 ) (3968 2048 768 ) (3776 2048 768 ) 
4 127 136 (4000 3008 768 ) (4000 2176 768 ) (3968 2176 768 ) (3968 3008 768 ) 
4 127 135 (3968 3072 768 ) (4000 3072 768 ) (4000 3008 768 ) (3968 3008 768 ) 
4 127 137 (4000 2176 768 ) (4000 2048 768 ) (3968 2048 768 ) (3968 2176 768 ) 
4 127 133 (4096 2208 768 ) (4096 2176 768 ) (4000 2176 768 ) (4000 2208 768 ) 
4 127 134 (4096 2176 768 ) (4096 2048 768 ) (4000 2048 768 ) (4000 2176 768 ) 
4 127 130 (4096 2976 768 ) (4096 2208 768 ) (4000 2208 768 ) (4000 2976 768 ) 
4 127 129 (4096 3008 768 ) (4096 2976 768 ) (4000 2976 768 ) (4000 3008 768 ) 
4 127 128 (4000 3072 768 ) (4096 3072 768 ) (4096 3008 768 ) (4000 3008 768 ) 
4 128 135 (4000 3072 256 ) (4000 3008 256 ) (4000 3008 768 ) (4000 3072 768 ) 
4 128 129 (4000 3008 768 ) (4000 3008 592 ) (4096 3008 592 ) (4096 3008 768 ) 
4 129 136 (4000 2976 592 ) (4000 2976 768 ) (4000 3008 768 ) (4000 3008 592 ) 
4 129 130 (4000 2976 768 ) (4000 2976 592 ) (4096 2976 592 ) (4096 2976 768 ) 
4 130 136 (4000 2208 592 ) (4000 2208 768 ) (4000 2976 768 ) (4000 2976 592 ) 
4 130 133 (4000 2208 768 ) (4000 2208 592 ) (4096 2208 592 ) (4096 2208 768 ) 
4 131 147 (4096 2976 256 ) (4096 2592 256 ) (4000 2592 256 ) (4000 2976 256 ) 
4 131 132 (4096 2592 480 ) (4000 2592 480 ) (4000 2592 264 ) (4096 2592 264 ) 
4 133 136 (4000 2176 592 ) (4000 2176 768 ) (4000 2208 768 ) (4000 2208 592 ) 
4 133 134 (4000 2176 768 ) (4000 2176 592 ) (4096 2176 592 ) (4096 2176 768 ) 
4 134 240 (4096 2048 256 ) (4096 2048 480 ) (4000 2048 480 ) (4000 2048 256 ) 
4 134 239 (4096 2048 480 ) (4096 2048 768 ) (4000 2048 768 ) (4000 2048 480 ) 
4 134 137 (4000 2176 256 ) (4000 2048 256 ) (4000 2048 768 ) (4000 2176 768 ) 
4 135 138 (3968 3072 256 ) (3968 3008 256 ) (3968 3008 768 ) (3968 3072 768 ) 
4 135 136 (3968 3008 768 ) (3968 3008 592 ) (4000 3008 592 ) (4000 3008 768 ) 
4 136 138 (3968 2176 592 ) (3968 2176 768 ) (3968 3008 768 ) (3968 3008 592 ) 
4 136 137 (3968 2176 768 ) (3968 2176 592 ) (4000 2176 592 ) (4000 2176 768 ) 
4 137 240 (3968 2048 480 ) (3968 2048 256 ) (4000 2048 256 ) (4000 2048 480 ) 
4 137 239 (4000 2048 768 ) (3968 2048 768 ) (3968 2048 480 ) (4000 2048 480 ) 
4 137 138 (3968 2176 256 ) (3968 2048 256 ) (3968 2048 768 ) (3968 2176 768 ) 
4 138 240 (3776 2048 480 ) (3776 2048 256 ) (3968 2048 256 ) (3968 2048 480 ) 
4 138 239 (3968 2048 768 ) (3776 2048 768 ) (3776 2048 480 ) (3968 2048 480 ) 
4 138 140 (3776 2048 480 ) (3776 2048 768 ) (3776 2112 768 ) (3776 2112 480 ) 
4 138 139 (3776 3072 256 ) (3776 2112 256 ) (3776 2112 768 ) (3776 3072 768 ) 
4 139 140 (3392 2112 768 ) (3392 2112 480 ) (3776 2112 480 ) (3776 2112 768 ) 
4 140 239 (3776 2048 768 ) (3392 2048 768 ) (3392 2048 480 ) (3776 2048 480 ) 
4 141 278 (3072 3072 2048 ) (3072 3072 1024 ) (3072 2048 1024 ) (3072 2048 2048 ) 
4 141 251 (3072 2048 2048 ) (3072 2048 1024 ) (3200 2048 1024 ) (3200 2048 2048 ) 
4 141 237 (3200 2048 1024 ) (3360 2048 1024 ) (3360 2048 2048 ) (3200 2048 2048 ) 
4 141 142 (3072 2048 1024 ) (3072 3072 1024 ) (3360 3072 1024 ) (3360 2048 1024 ) 
4 142 279 (3072 3072 1024 ) (3072 3072 768 ) (3072 2048 768 ) (3072 2048 1024 ) 
4 142 252 (3072 2048 1024 ) (3072 2048 768 ) (3200 2048 768 ) (3200 2048 1024 ) 
4 142 238 (3200 2048 768 ) (3360 2048 768 ) (3360 2048 1024 ) (3200 2048 1024 ) 
4 143 282 (3072 2336 448 ) (3072 2080 448 ) (3072 2080 640 ) (3072 2336 640 ) 
4 143 144 (3184 2080 448 ) (3072 2080 448 ) (3072 2208 448 ) (3184 2208 448 ) 
4 144 287 (3072 2208 432 ) (3072 2080 432 ) (3072 2080 448 ) (3072 2208 448 ) 
4 144 145 (3104 2208 432 ) (3184 2208 432 ) (3184 2080 432 ) (3104 2080 432 ) 
4 144 146 (3072 2080 432 ) (3072 2208 432 ) (3104 2208 432 ) (3104 2080 432 ) 
4 145 146 (3104 2208 256 ) (3104 2080 256 ) (3104 2080 432 ) (3104 2208 432 ) 
4 146 288 (3072 2336 256 ) (3072 2080 256 ) (3072 2080 432 ) (3072 2336 432 ) 
4 146 148 (3072 2208 256 ) (3072 2336 256 ) (3104 2336 256 ) (3104 2208 256 ) 
4 147 149 (4096 2976 240 ) (4096 2592 240 ) (4000 2592 240 ) (4000 2976 240 ) 
4 148 289 (3072 2336 240 ) (3072 2208 240 ) (3072 2208 256 ) (3072 2336 256 ) 
4 148 150 (3104 2208 240 ) (3072 2208 240 ) (3072 2336 240 ) (3104 2336 240 ) 
4 149 151 (4096 2976 224 ) (4096 2808 224 ) (4000 2808 224 ) (4000 2976 224 ) 
4 149 152 (4096 2808 224 ) (4096 2592 224 ) (4000 2592 224 ) (4000 2808 224 ) 
4 150 290 (3072 2336 224 ) (3072 2208 224 ) (3072 2208 240 ) (3072 2336 240 ) 
4 150 156 (3072 2208 224 ) (3072 2336 224 ) (3104 2336 224 ) (3104 2208 224 ) 
4 151 152 (4000 2808 224 ) (4000 2808 112 ) (4096 2808 112 ) (4096 2808 224 ) 
4 152 153 (4000 2592 160 ) (4000 2592 -32 ) (4096 2592 -32 ) (4096 2592 160 ) 
4 153 154 (4096 2560 160 ) (4000 2560 160 ) (4000 2560 -32 ) (4096 2560 -32 ) 
4 154 155 (4018 2162 -32 ) (4096 2240 -32 ) (4096 2240 96 ) (4018 2162 96 ) 
4 156 291 (3072 2944 48 ) (3072 2208 48 ) (3072 2208 224 ) (3072 2944 224 ) 
4 157 262 (5120 1024 1024 ) (5120 1024 2048 ) (4096 1024 2048 ) (4096 1024 1024 ) 
4 157 237 (4096 1024 1024 ) (4096 1024 2048 ) (4096 2048 2048 ) (4096 2048 1024 ) 
4 157 158 (4096 1024 1024 ) (4096 2048 1024 ) (5120 2048 1024 ) (5120 1024 1024 ) 
4 158 263 (5120 1024 768 ) (5120 1024 1024 ) (4096 1024 1024 ) (4096 1024 768 ) 
4 158 238 (4096 1024 768 ) (4096 1024 1024 ) (4096 2048 1024 ) (4096 2048 768 ) 
4 158 159 (5120 1024 768 ) (4096 1024 768 ) (4096 2048 768 ) (5120 2048 768 ) 
4 159 264 (5120 1024 384 ) (5120 1024 768 ) (4096 1024 768 ) (4096 1024 384 ) 
4 159 248 (4096 1024 384 ) (4096 1024 480 ) (4096 1280 480 ) (4096 1280 384 ) 
4 159 245 (4096 1280 480 ) (4096 1312 480 ) (4096 1312 384 ) (4096 1280 384 ) 
4 159 242 (4096 1312 480 ) (4096 1536 480 ) (4096 1536 384 ) (4096 1312 384 ) 
4 159 240 (4096 1536 480 ) (4096 2048 480 ) (4096 2048 384 ) (4096 1536 384 ) 
4 159 239 (4096 1024 480 ) (4096 1024 768 ) (4096 2048 768 ) (4096 2048 480 ) 
4 159 173 (5120 1024 384 ) (4096 1024 384 ) (4096 1056 384 ) (5120 1056 384 ) 
4 159 171 (4400 1064 384 ) (5120 1064 384 ) (5120 1056 384 ) (4400 1056 384 ) 
4 159 172 (4096 1056 384 ) (4096 1064 384 ) (4288 1064 384 ) (4288 1056 384 ) 
4 159 170 (4096 1064 384 ) (4096 1160 384 ) (4288 1160 384 ) (4288 1064 384 ) 
4 159 164 (4400 1160 384 ) (5120 1160 384 ) (5120 1064 384 ) (4400 1064 384 ) 
4 159 161 (4400 1168 384 ) (5120 1168 384 ) (5120 1160 384 ) (4400 1160 384 ) 
4 159 162 (4096 1160 384 ) (4096 1168 384 ) (4288 1168 384 ) (4288 1160 384 ) 
4 159 160 (4096 1168 384 ) (4096 2048 384 ) (5120 2048 384 ) (5120 1168 384 ) 
4 160 248 (4096 1168 384 ) (4096 1280 384 ) (4096 1280 256 ) (4096 1168 256 ) 
4 160 245 (4096 1280 384 ) (4096 1312 384 ) (4096 1312 256 ) (4096 1280 256 ) 
4 160 242 (4096 1312 384 ) (4096 1536 384 ) (4096 1536 256 ) (4096 1312 256 ) 
4 160 240 (4096 1536 384 ) (4096 2048 384 ) (4096 2048 256 ) (4096 1536 256 ) 
5 160 161 (5120 1168 256 ) (5120 1168 384 ) (4400 1168 384 ) (4400 1168 308 ) (4451.998535 1168 256 ) 
4 160 162 (4288 1168 384 ) (4096 1168 384 ) (4096 1168 256 ) (4288 1168 256 ) 
5 161 164 (5120 1160 256 ) (5120 1160 384 ) (4400 1160 384 ) (4400 1160 308 ) (4451.998535 1160 256 ) 
4 162 248 (4096 1160 384 ) (4096 1168 384 ) (4096 1168 256 ) (4096 1160 256 ) 
4 162 170 (4288 1160 384 ) (4096 1160 384 ) (4096 1160 256 ) (4288 1160 256 ) 
4 163 168 (4400 1160 264 ) (4400 1160 256 ) (4400 1064 256 ) (4400 1064 264 ) 
4 163 166 (4400 1160 296 ) (4400 1160 264 ) (4400 1064 264 ) (4400 1064 296 ) 
4 163 165 (4440 1064 256 ) (4400 1064 256 ) (4400 1160 256 ) (4440 1160 256 ) 
5 164 171 (5120 1064 256 ) (5120 1064 384 ) (4400 1064 384 ) (4400 1064 307.998138 ) (4451.995605 1064 256 ) 
4 165 187 (4400 1160 240 ) (4456 1160 240 ) (4456 1064 240 ) (4400 1064 240 ) 
4 165 169 (4400 1160 256 ) (4400 1160 240 ) (4400 1064 240 ) (4400 1064 256 ) 
4 166 170 (4288 1160 360 ) (4288 1160 264 ) (4288 1064 264 ) (4288 1064 360 ) 
4 166 168 (4296 1160 264 ) (4400 1160 264 ) (4400 1064 264 ) (4296 1064 264 ) 
4 166 167 (4392 1160 303.998077 ) (4335.998047 1160 360 ) (4335.998047 1064 360 ) (4392 1064 303.998077 ) 
4 168 169 (4296 1064 256 ) (4296 1160 256 ) (4400 1160 256 ) (4400 1064 256 ) 
4 169 187 (4312 1160 240 ) (4400 1160 240 ) (4400 1064 240 ) (4312 1064 240 ) 
4 170 248 (4096 1064 384 ) (4096 1160 384 ) (4096 1160 256 ) (4096 1064 256 ) 
4 170 172 (4288 1064 256 ) (4288 1064 384 ) (4096 1064 384 ) (4096 1064 256 ) 
5 171 173 (5120 1056 256 ) (5120 1056 384 ) (4400 1056 384 ) (4400 1056 308 ) (4452 1056 256 ) 
4 172 248 (4096 1056 384 ) (4096 1064 384 ) (4096 1064 256 ) (4096 1056 256 ) 
4 172 173 (4288 1056 384 ) (4096 1056 384 ) (4096 1056 256 ) (4288 1056 256 ) 
4 173 264 (5120 1024 256 ) (5120 1024 384 ) (4096 1024 384 ) (4096 1024 256 ) 
4 173 248 (4096 1024 256 ) (4096 1024 384 ) (4096 1056 384 ) (4096 1056 256 ) 
4 174 185 (4970 2048 136 ) (5000 2048 136 ) (4566 1614 136 ) (4551 1629 136 ) 
4 174 182 (4566 1614 136 ) (4344 1392 136 ) (4329 1407 136 ) (4551 1629 136 ) 
7 174 181 (4448 1336 136 ) (4368 1416 136 ) (4728 1776 136 ) (4728 1264 136 ) (4616 1264 136 ) (4584 1276 136 ) (4479 1321 136 ) 
4 174 180 (4752 1232 136 ) (4728 1232 136 ) (4728 1776 136 ) (4752 1800 136 ) 
5 174 179 (5000 2048 136 ) (5120 2048 136 ) (5120 1232 136 ) (4752 1232 136 ) (4752 1800 136 ) 
4 174 178 (4752 1232 136 ) (5120 1232 136 ) (5120 1232 240 ) (4752 1232 240 ) 
4 174 177 (4970 2048 136 ) (4551 1629 136 ) (4551 1629 240 ) (4970 2048 240 ) 
4 174 175 (4551 1629 136 ) (4329 1407 136 ) (4329 1407 240 ) (4551 1629 240 ) 
4 175 260 (4096 1312 240 ) (4096 1918.400024 240 ) (4096 1918.400024 136 ) (4096 1312 136 ) 
5 175 183 (4096 1312 136 ) (4096 1918.400024 136 ) (4303 1877 136 ) (4551 1629 136 ) (4165 1243 136 ) 
4 175 177 (4551.001953 1628.998047 240 ) (4551.001953 1628.998047 136 ) (4303 1877 136 ) (4303 1877 240 ) 
4 175 176 (4302.998535 1877 240 ) (4302.998535 1877 136 ) (4108 1916 136 ) (4108 1916 240 ) 
3 176 184 (4144 2036 136 ) (4303 1877 136 ) (4108 1916 136 ) 
4 176 177 (4303 1877 136 ) (4144 2036 136 ) (4144 2036 240 ) (4303 1877 240 ) 
4 177 185 (4150.428711 2048 136 ) (4970 2048 136 ) (4551 1629 136 ) (4144 2036 136 ) 
4 178 186 (5120 1160 136 ) (5120 1160 240 ) (4752 1160 240 ) (4752 1160 136 ) 
4 178 179 (5120 1160 136 ) (4752 1160 136 ) (4752 1232 136 ) (5120 1232 136 ) 
5 179 192 (5000 2048 128 ) (5120 2048 128 ) (5120 1160 128 ) (4752 1160 128 ) (4752 1800 128 ) 
4 179 189 (4752 1160 128 ) (5120 1160 128 ) (5120 1160 136 ) (4752 1160 136 ) 
4 179 185 (5000 2048 128 ) (4752 1800 128 ) (4752 1800 136 ) (5000 2048 136 ) 
4 179 180 (4752 1800 136 ) (4752 1800 128 ) (4752 1232 128 ) (4752 1232 136 ) 
4 180 193 (4728 1232 128 ) (4728 1776 128 ) (4752 1800 128 ) (4752 1232 128 ) 
4 180 185 (4752 1800 128 ) (4728 1776 128 ) (4728 1776 136 ) (4752 1800 136 ) 
4 180 181 (4728 1776.001953 136 ) (4728 1776.001953 128 ) (4728 1264 128 ) (4728 1264 136 ) 
3 181 207 (4566 1614 128 ) (4624 1672 128 ) (4624 1556 128 ) 
5 181 205 (4624 1388.666260 128 ) (4624 1264 128 ) (4616 1264 128 ) (4583.998535 1276 128 ) (4577 1279 128 ) 
7 181 198 (4368 1416 128 ) (4566 1614 128 ) (4624 1556 128 ) (4624 1388.666260 128 ) (4577 1279 128 ) (4479 1321 128 ) (4448 1336 128 ) 
4 181 195 (4624 1672 128 ) (4720 1768 128 ) (4720 1264 128 ) (4624 1264 128 ) 
4 181 194 (4720 1768 128 ) (4728 1776 128 ) (4728 1264 128 ) (4720 1264 128 ) 
4 181 185 (4728 1776 128 ) (4566 1614 128 ) (4566 1614 136 ) (4728 1776 136 ) 
4 181 182 (4566 1614 128 ) (4368 1416 128 ) (4368 1416 136 ) (4566 1614 136 ) 
4 182 214 (4368 1416 128 ) (4344 1392 128 ) (4329 1407 128 ) (4353 1431 128 ) 
4 182 198 (4551 1629 128 ) (4566 1614 128 ) (4368 1416 128 ) (4353 1431 128 ) 
4 182 185 (4566.001953 1613.998047 136 ) (4566.001953 1613.998047 128 ) (4551 1629 128 ) (4551 1629 136 ) 
4 182 183 (4551 1629 136 ) (4551 1629 128 ) (4329 1407 128 ) (4329 1407 136 ) 
4 183 260 (4096 1918.400024 128 ) (4096 1312 128 ) (4096 1312 136 ) (4096 1918.400024 136 ) 
4 183 215 (4096 1312 128 ) (4096 1688 128 ) (4353 1431 128 ) (4165 1243 128 ) 
5 183 198 (4096 1688 128 ) (4096 1918.400024 128 ) (4303 1877 128 ) (4551 1629 128 ) (4353 1431 128 ) 
4 183 185 (4551 1629 128 ) (4303 1877 128 ) (4303 1877 136 ) (4551 1629 136 ) 
4 183 184 (4303 1877 136 ) (4303 1877 128 ) (4108 1916 128 ) (4108 1916 136 ) 
3 184 199 (4144 2036 128 ) (4303 1877 128 ) (4108 1916 128 ) 
4 184 185 (4303 1877 128 ) (4144 2036 128 ) (4144 2036 136 ) (4303 1877 136 ) 
5 185 207 (4150.428711 2048 128 ) (4624 2048 128 ) (4624 1672 128 ) (4566 1614 128 ) (4144 2036 128 ) 
4 185 195 (4624 2048 128 ) (4720 2048 128 ) (4720 1768 128 ) (4624 1672 128 ) 
4 185 194 (4720 2048 128 ) (4728 2048 128 ) (4728 1776 128 ) (4720 1768 128 ) 
4 185 193 (4728 2048 128 ) (4752 2048 128 ) (4752 1800 128 ) (4728 1776 128 ) 
3 185 192 (4752 2048 128 ) (5000 2048 128 ) (4752 1800 128 ) 
5 186 189 (4752 1160 136 ) (5120 1160 136 ) (5120 1088 136 ) (5096 1064 136 ) (4752 1064 136 ) 
4 186 188 (4752 1064 136 ) (5096 1064 136 ) (5096 1064 240 ) (4752 1064 240 ) 
4 187 190 (4416.001953 1160 136 ) (4560 1160 136 ) (4560 1064 136 ) (4416.001953 1064 136 ) 
4 188 191 (5088 1056 136 ) (4752 1056 136 ) (4752 1064 136 ) (5096 1064 136 ) 
5 189 192 (4752 1160 128 ) (5120 1160 128 ) (5120 1088 128 ) (5096 1064 128 ) (4752 1064 128 ) 
4 189 191 (4752 1064 128 ) (5096 1064 128 ) (5096 1064 136 ) (4752 1064 136 ) 
4 190 217 (4424.002441 1160 128 ) (4568 1160 128 ) (4568 1064 128 ) (4424.002441 1064 128 ) 
4 191 192 (4752 1064 128 ) (5096 1064 128 ) (5088 1056 128 ) (4752 1056 128 ) 
4 192 236 (5096 1064 32 ) (5088 1056 32 ) (4752 1056 32 ) (4752 1064 32 ) 
5 192 234 (5120 1160 32 ) (5120 1088 32 ) (5096 1064 32 ) (4752 1064 32 ) (4752 1160 32 ) 
4 192 218 (4752 2048 32 ) (5120 2048 32 ) (5120 1160 32 ) (4752 1160 32 ) 
4 192 193 (4752 2048 32 ) (4752 1232 32 ) (4752 1232 128 ) (4752 2048 128 ) 
4 193 219 (4728 2048 32 ) (4752 2048 32 ) (4752 1232 32 ) (4728 1232 32 ) 
4 193 194 (4728 2048 32 ) (4728 1264 32 ) (4728 1264 128 ) (4728 2048 128 ) 
4 194 224 (4720 2048 32 ) (4728 2048 32 ) (4728 1806 32 ) (4720 1798 32 ) 
4 194 221 (4728 1806 32 ) (4728 1776 32 ) (4720 1768 32 ) (4720 1798 32 ) 
4 194 220 (4728 1776 32 ) (4728 1264 32 ) (4720 1264 32 ) (4720 1768 32 ) 
4 194 195 (4720 2048 32 ) (4720 1264 32 ) (4720 1264 128 ) (4720 2048 128 ) 
4 195 224 (4624 2048 32 ) (4720 2048 32 ) (4720 1798 32 ) (4624 1702 32 ) 
4 195 221 (4720 1798 32 ) (4720 1768 32 ) (4624 1672 32 ) (4624 1702 32 ) 
4 195 220 (4720 1768 32 ) (4720 1264 32 ) (4624 1264 32 ) (4624 1672 32 ) 
4 195 207 (4624 1556 96 ) (4624 1556 128 ) (4624 2048 128 ) (4624 2048 96 ) 
4 195 208 (4624 2048 32 ) (4624 1556 32 ) (4624 1556 96 ) (4624 2048 96 ) 
4 195 205 (4624 1388.666260 32 ) (4624 1264 32 ) (4624 1264 128 ) (4624 1388.666260 128 ) 
4 195 198 (4624 1556 32 ) (4624 1388.666260 32 ) (4624 1388.666260 128 ) (4624 1556 128 ) 
4 195 196 (4624 1264 128 ) (4624 1264 32 ) (4720 1264 32 ) (4720 1264 128 ) 
4 196 197 (4624 1256 128 ) (4624 1256 32 ) (4720 1256 32 ) (4720 1256 128 ) 
4 197 216 (4624 1160 32 ) (4624 1064 32 ) (4624 1064 128 ) (4624 1160 128 ) 
4 197 209 (4624 1256 32 ) (4624 1168 32 ) (4624 1168 128 ) (4624 1256 128 ) 
4 198 260 (4096 1688 128 ) (4096 1918.400024 128 ) (4096 1918.400024 32 ) (4096 1688 32 ) 
5 198 222 (4096 1688 32 ) (4096 1918.400024 32 ) (4303 1877 32 ) (4551 1629 32 ) (4353 1431 32 ) 
4 198 221 (4551 1629 32 ) (4566 1614 32 ) (4368 1416 32 ) (4353 1431 32 ) 
7 198 220 (4566 1614 32 ) (4624 1556 32 ) (4624 1388.666260 32 ) (4577.001465 1279.003296 32 ) (4478.921387 1321.037842 32 ) (4448 1336 32 ) (4368 1416 32 ) 
4 198 215 (4096 1688 32 ) (4353 1431 32 ) (4353 1431 128 ) (4096 1688 128 ) 
4 198 214 (4353 1431 32 ) (4368 1416 32 ) (4368 1416 128 ) (4353 1431 128 ) 
4 198 213 (4374 1410 32 ) (4442 1342 32 ) (4442 1342 128 ) (4374 1410 128 ) 
4 198 207 (4624 1555.998047 128 ) (4624 1555.998047 96 ) (4302.996094 1877 96 ) (4302.995605 1877 128 ) 
4 198 208 (4624 1555.998047 96 ) (4624 1555.998047 32 ) (4302.997559 1877 32 ) (4302.996094 1877 96 ) 
4 198 205 (4577 1279.003784 32 ) (4624 1388.668945 32 ) (4624 1388.668945 128 ) (4577 1279 128 ) 
4 198 202 (4486.001465 1318.003662 32 ) (4577.001465 1279.003662 32 ) (4577 1279 128 ) (4486 1318 128 ) 
4 198 199 (4303 1877 128 ) (4303 1877 32 ) (4108 1916 32 ) (4108 1916 128 ) 
3 199 223 (4144 2036 32 ) (4303 1877 32 ) (4108 1916 32 ) 
4 199 207 (4144 2035.997559 96 ) (4144 2035.997070 128 ) (4302.995605 1877 128 ) (4302.996094 1877 96 ) 
4 199 208 (4302.997559 1877 32 ) (4144 2035.998535 32 ) (4144 2035.997559 96 ) (4302.996094 1877 96 ) 
4 200 212 (4464.666992 1319.333130 32 ) (4528 1256 32 ) (4528 1256 128 ) (4464.666992 1319.332886 128 ) 
4 200 210 (4528.001953 1256 128 ) (4528.001953 1256 32 ) (4567.143066 1256 32 ) (4567.143066 1256 128 ) 
4 200 206 (4567.142090 1256 128 ) (4567.142090 1256 32 ) (4570.570801 1264 32 ) (4570.570801 1264 128 ) 
4 200 203 (4570.570801 1264 32 ) (4572.530762 1268.573608 32 ) (4572.530762 1268.573608 128 ) (4570.570801 1264 128 ) 
4 200 201 (4572.531738 1268.574097 128 ) (4572.531738 1268.574097 32 ) (4476.013184 1313.994507 32 ) (4475.912109 1314.042114 128 ) 
4 201 204 (4573.851562 1271.655151 32 ) (4574 1272 32 ) (4574 1272.003784 128 ) (4573.851562 1271.655151 128 ) 
4 201 203 (4572.530762 1268.573608 32 ) (4573.851562 1271.655151 32 ) (4573.851562 1271.655151 128 ) (4572.530762 1268.573608 128 ) 
4 201 202 (4574.001465 1272.003174 128 ) (4574 1272 32 ) (4483 1311 32 ) (4483.001465 1311.003052 128 ) 
4 203 206 (4570.572266 1264 128 ) (4570.572266 1264 32 ) (4594.460938 1264 32 ) (4594.460938 1264 128 ) 
4 203 204 (4581.013672 1268.994141 32 ) (4573.854004 1271.653564 32 ) (4573.854004 1271.653564 128 ) (4581.013672 1268.994141 128 ) 
5 205 220 (4624 1388.666260 32 ) (4624 1264 32 ) (4616 1264 32 ) (4584 1276 32 ) (4577 1279 32 ) 
4 206 210 (4567.143066 1256 32 ) (4616 1256 32 ) (4616 1256 128 ) (4567.143066 1256 128 ) 
4 207 208 (4624 1556 96 ) (4144 2036 96 ) (4150.428223 2048 96 ) (4624 2048 96 ) 
4 208 224 (4132 2048 32 ) (4624 2048 32 ) (4624 1702 32 ) (4551 1629 32 ) 
4 208 221 (4624 1702 32 ) (4624 1672 32 ) (4566 1614 32 ) (4551 1629 32 ) 
3 208 220 (4624 1672 32 ) (4624 1556 32 ) (4566 1614 32 ) 
4 209 210 (4616 1256 128 ) (4616 1256 32 ) (4616 1168 32 ) (4616 1168 128 ) 
4 210 212 (4528 1256 32 ) (4616 1168 32 ) (4616 1168 128 ) (4528 1256 128 ) 
4 211 213 (4436 1336 32 ) (4368.001953 1403.998047 32 ) (4368.001953 1403.998047 128 ) (4436 1336 128 ) 
4 211 212 (4604 1168 128 ) (4604 1168 32 ) (4442 1330 32 ) (4442 1330 128 ) 
4 214 221 (4329 1407 32 ) (4353 1431 32 ) (4368 1416 32 ) (4344 1392 32 ) 
4 214 215 (4353 1431 128 ) (4353 1431 32 ) (4329 1407 32 ) (4329 1407 128 ) 
4 215 260 (4096 1312 128 ) (4096 1688 128 ) (4096 1688 32 ) (4096 1312 32 ) 
4 215 222 (4096 1312 32 ) (4096 1688 32 ) (4353 1431 32 ) (4165 1243 32 ) 
4 216 217 (4616 1160 128 ) (4616 1160 32 ) (4616 1064 32 ) (4616 1064 128 ) 
4 218 234 (5120 1160 24 ) (5120 1160 32 ) (4752 1160 32 ) (4752 1160 24 ) 
4 218 233 (5120 1160 24 ) (4752 1160 24 ) (4752 1232 24 ) (5120 1232 24 ) 
4 218 229 (4752 1232 24 ) (4752 1792 24 ) (5120 1792 24 ) (5120 1232 24 ) 
4 218 227 (4752 1792 24 ) (4752 2048 24 ) (5120 2048 24 ) (5120 1792 24 ) 
4 218 219 (4752 2048 24 ) (4752 1232 24 ) (4752 1232 32 ) (4752 2048 32 ) 
4 219 229 (4728 1232 24 ) (4728 1792 24 ) (4752 1792 24 ) (4752 1232 24 ) 
4 219 227 (4728 1792 24 ) (4728 2048 24 ) (4752 2048 24 ) (4752 1792 24 ) 
4 219 224 (4728 2048 24 ) (4728 1806 24 ) (4728 1806 32 ) (4728 2048 32 ) 
4 219 221 (4728 1806 24 ) (4728 1776 24 ) (4728 1776 32 ) (4728 1806 32 ) 
4 219 220 (4728 1776 24 ) (4728 1264 24 ) (4728 1264 32 ) (4728 1776 32 ) 
7 220 229 (4728 1776 24 ) (4728 1264 24 ) (4616 1264 24 ) (4583.998535 1276 24 ) (4479.002441 1320.998657 24 ) (4448 1336 24 ) (4368 1416 24 ) 
4 220 221 (4728 1776 32 ) (4728 1776 24 ) (4368 1416 24 ) (4368 1416 32 ) 
5 221 229 (4329 1407 24 ) (4714 1792 24 ) (4728 1792 24 ) (4728 1776 24 ) (4344 1392 24 ) 
3 221 227 (4714 1792 24 ) (4728 1806 24 ) (4728 1792 24 ) 
4 221 222 (4551 1629 24 ) (4329 1407 24 ) (4329 1407 32 ) (4551 1629 32 ) 
4 221 224 (4728 1806 32 ) (4728 1806 24 ) (4551 1629 24 ) (4551 1629 32 ) 
4 222 260 (4096 1312 32 ) (4096 1918.400024 32 ) (4096 1918.400024 24 ) (4096 1312 24 ) 
5 222 232 (4096 1312 24 ) (4096 1696 24 ) (4484 1696 24 ) (4551 1629 24 ) (4165 1243 24 ) 
4 222 231 (4096 1696 24 ) (4096 1792 24 ) (4352 1792 24 ) (4352 1696 24 ) 
4 222 230 (4352 1792 24 ) (4388 1792 24 ) (4484 1696 24 ) (4352 1696 24 ) 
4 222 225 (4096 1792 24 ) (4096 1918.400024 24 ) (4303 1877 24 ) (4388 1792 24 ) 
4 222 223 (4303 1877 32 ) (4303 1877 24 ) (4108 1916 24 ) (4108 1916 32 ) 
4 222 224 (4551.001953 1628.998047 32 ) (4551.001953 1628.998047 24 ) (4303 1877 24 ) (4303 1877 32 ) 
3 223 226 (4144 2036 24 ) (4303 1877 24 ) (4108 1916 24 ) 
4 223 224 (4303 1877 24 ) (4144 2036 24 ) (4144 2036 32 ) (4303 1877 32 ) 
3 224 232 (4618 1696 24 ) (4551 1629 24 ) (4484 1696 24 ) 
4 224 230 (4714 1792 24 ) (4618 1696 24 ) (4484 1696 24 ) (4388 1792 24 ) 
5 224 227 (4132 2048 24 ) (4728 2048 24 ) (4728 1806 24 ) (4714 1792 24 ) (4388 1792 24 ) 
4 225 260 (4096 1918.400146 -32 ) (4096 1792 -32 ) (4096 1792 24 ) (4096 1918.400146 24 ) 
4 225 231 (4352 1792 24 ) (4096 1792 24 ) (4096 1792 -32 ) (4352 1792 -32 ) 
4 225 230 (4388 1792 24 ) (4352 1792 24 ) (4352 1792 -32 ) (4388 1792 -32 ) 
4 225 226 (4303 1877 24 ) (4303 1877 -32 ) (4108 1916 -32 ) (4108 1916 24 ) 
4 225 227 (4388 1792 24 ) (4388 1792 -32 ) (4303 1877 -32 ) (4303 1877 24 ) 
4 226 227 (4303 1877 -32 ) (4144 2036 -32 ) (4144 2036 24 ) (4303 1877 24 ) 
4 227 230 (4714 1792 24 ) (4388 1792 24 ) (4388 1792 -32 ) (4714 1792 -32 ) 
4 227 229 (5120 1792 -32 ) (5120 1792 24 ) (4714 1792 24 ) (4714 1792 -32 ) 
4 227 228 (5120 1792 -32 ) (4736 1792 -32 ) (4736 2048 -32 ) (5120 2048 -32 ) 
4 228 229 (4736 1792 -96 ) (5120 1792 -96 ) (5120 1792 -32 ) (4736 1792 -32 ) 
4 229 233 (4752 1232 -96 ) (5120 1232 -96 ) (5120 1232 24 ) (4752 1232 24 ) 
4 229 232 (4618 1696 -96 ) (4329 1407 -96 ) (4329 1407 24 ) (4618 1696 24 ) 
4 229 230 (4714 1792 24 ) (4714 1792 -96 ) (4618 1696 -96 ) (4618 1696 24 ) 
4 230 232 (4352 1696 -96 ) (4618 1696 -96 ) (4618 1696 24 ) (4352 1696 24 ) 
4 230 231 (4352 1792 24 ) (4352 1792 -32 ) (4352 1696 -32 ) (4352 1696 24 ) 
4 231 260 (4096 1696 -32 ) (4096 1696 24 ) (4096 1792 24 ) (4096 1792 -32 ) 
4 231 232 (4352 1696 -32 ) (4352 1696 24 ) (4096 1696 24 ) (4096 1696 -32 ) 
4 232 261 (4096 1696 -96 ) (4096 1312 -96 ) (4096 1312 -32 ) (4096 1696 -32 ) 
4 232 260 (4096 1312 -32 ) (4096 1312 24 ) (4096 1696 24 ) (4096 1696 -32 ) 
4 233 235 (4752 1160 -96 ) (5120 1160 -96 ) (5120 1160 24 ) (4752 1160 24 ) 
4 234 236 (5096 1064 32 ) (4752 1064 32 ) (4752 1064 24 ) (5096 1064 24 ) 
5 234 235 (5096 1064 24 ) (4752 1064 24 ) (4752 1160 24 ) (5120 1160 24 ) (5120 1088 24 ) 
4 235 236 (4752 1064 -96 ) (5096 1064 -96 ) (5096 1064 24 ) (4752 1064 24 ) 
4 237 268 (4096 1024 1024 ) (4096 1024 2048 ) (3200 1024 2048 ) (3200 1024 1024 ) 
4 237 251 (3200 1024 1024 ) (3200 1024 2048 ) (3200 2048 2048 ) (3200 2048 1024 ) 
4 237 238 (4096 1024 1024 ) (3200 1024 1024 ) (3200 2048 1024 ) (4096 2048 1024 ) 
4 238 269 (4096 1024 768 ) (4096 1024 1024 ) (3200 1024 1024 ) (3200 1024 768 ) 
4 238 252 (3200 1024 768 ) (3200 1024 1024 ) (3200 2048 1024 ) (3200 2048 768 ) 
4 238 239 (3200 1024 768 ) (3200 2048 768 ) (4096 2048 768 ) (4096 1024 768 ) 
4 239 270 (4096 1024 480 ) (4096 1024 768 ) (3200 1024 768 ) (3200 1024 480 ) 
4 239 256 (3200 1024 480 ) (3200 1024 768 ) (3200 1536 768 ) (3200 1536 480 ) 
4 239 254 (3200 1856 616 ) (3200 1856 512 ) (3200 1664 512 ) (3200 1664 616 ) 
4 239 248 (3840 1280 480 ) (4096 1280 480 ) (4096 1024 480 ) (3840 1024 480 ) 
4 239 245 (3840 1312 480 ) (4096 1312 480 ) (4096 1280 480 ) (3840 1280 480 ) 
4 239 242 (3840 1536 480 ) (4096 1536 480 ) (4096 1312 480 ) (3840 1312 480 ) 
4 239 240 (3776 2048 480 ) (4096 2048 480 ) (4096 1536 480 ) (3776 1536 480 ) 
4 240 242 (4096 1536 480 ) (3840 1536 480 ) (3840 1536 256 ) (4096 1536 256 ) 
4 241 255 (3200 1856 256 ) (3200 1664 256 ) (3200 1664 432 ) (3200 1856 432 ) 
4 241 253 (3200 1920 256 ) (3200 1856 256 ) (3200 1856 432 ) (3200 1920 432 ) 
4 241 243 (3200 1536 432 ) (3200 1536 256 ) (3584 1536 256 ) (3584 1536 432 ) 
4 242 245 (4096 1312 480 ) (3840 1312 480 ) (3840 1312 256 ) (4096 1312 256 ) 
4 243 246 (3296 1312 256 ) (3424 1312 256 ) (3424 1312 360 ) (3296 1312 360 ) 
4 243 244 (3296 1312 256 ) (3296 1312 432 ) (3200 1408 432 ) (3200 1408 256 ) 
4 244 247 (3232 1312 256 ) (3296 1312 256 ) (3296 1312 360 ) (3232 1312 360 ) 
4 245 248 (4096 1280 480 ) (3840 1280 480 ) (3840 1280 256 ) (4096 1280 256 ) 
4 246 249 (3328 1280 256 ) (3424 1280 256 ) (3424 1280 360 ) (3328 1280 360 ) 
4 246 247 (3328 1280 256 ) (3328 1280 360 ) (3296 1312 360 ) (3296 1312 256 ) 
4 247 250 (3232 1280 360 ) (3232 1280 256 ) (3328 1280 256 ) (3328 1280 360 ) 
4 248 272 (3840 1024 256 ) (4096 1024 256 ) (4096 1024 432 ) (3840 1024 432 ) 
4 248 271 (4096 1024 432 ) (4096 1024 480 ) (3840 1024 480 ) (3840 1024 432 ) 
4 249 250 (3328 1280 432 ) (3328 1280 256 ) (3456 1152 256 ) (3456 1152 432 ) 
4 250 276 (3200 1024 256 ) (3456 1024 256 ) (3456 1024 432 ) (3200 1024 432 ) 
4 251 309 (3072 1024 1024 ) (3072 1024 2048 ) (3072 2048 2048 ) (3072 2048 1024 ) 
4 251 268 (3072 1024 2048 ) (3072 1024 1024 ) (3200 1024 1024 ) (3200 1024 2048 ) 
4 251 252 (3072 2048 1024 ) (3200 2048 1024 ) (3200 1024 1024 ) (3072 1024 1024 ) 
4 252 310 (3072 1024 768 ) (3072 1024 1024 ) (3072 2048 1024 ) (3072 2048 768 ) 
4 252 269 (3072 1024 1024 ) (3072 1024 768 ) (3200 1024 768 ) (3200 1024 1024 ) 
4 252 259 (3168 1536 768 ) (3168 1024 768 ) (3072 1024 768 ) (3072 1536 768 ) 
4 252 256 (3200 1536 768 ) (3200 1024 768 ) (3168 1024 768 ) (3168 1536 768 ) 
4 253 258 (3168 1920 256 ) (3168 1856 256 ) (3168 1856 432 ) (3168 1920 432 ) 
4 253 255 (3168 1856 432 ) (3168 1856 256 ) (3200 1856 256 ) (3200 1856 432 ) 
4 254 257 (3168 1664 512 ) (3168 1664 616 ) (3168 1856 616 ) (3168 1856 512 ) 
4 255 258 (3168 1856 256 ) (3168 1664 256 ) (3168 1664 432 ) (3168 1856 432 ) 
4 256 270 (3200 1024 480 ) (3200 1024 768 ) (3168 1024 768 ) (3168 1024 480 ) 
4 256 259 (3168 1024 480 ) (3168 1024 768 ) (3168 1536 768 ) (3168 1536 480 ) 
4 257 312 (3072 1888 512 ) (3072 1632 512 ) (3072 1632 688 ) (3072 1888 688 ) 
4 258 319 (3072 1920 256 ) (3072 1664 256 ) (3072 1664 432 ) (3072 1920 432 ) 
4 259 313 (3072 1360 768 ) (3072 1536 768 ) (3072 1536 480 ) (3072 1360 480 ) 
4 259 270 (3072 1024 768 ) (3072 1024 480 ) (3168 1024 480 ) (3168 1024 768 ) 
4 260 261 (3936 1472 -32 ) (3936 1696 -32 ) (4096 1696 -32 ) (4096 1312 -32 ) 
4 262 268 (4096 1024 2048 ) (4096 1024 1024 ) (4096 0 1024 ) (4096 0 2048 ) 
4 262 263 (4096 0 1024 ) (4096 1024 1024 ) (5120 1024 1024 ) (5120 0 1024 ) 
4 263 269 (4096 1024 1024 ) (4096 1024 768 ) (4096 0 768 ) (4096 0 1024 ) 
4 263 264 (5120 0 768 ) (4096 0 768 ) (4096 1024 768 ) (5120 1024 768 ) 
4 264 277 (4096 768 256 ) (4096 0 256 ) (4096 0 480 ) (4096 768 480 ) 
4 264 272 (4096 1024 432 ) (4096 1024 256 ) (4096 768 256 ) (4096 768 432 ) 
4 264 271 (4096 1024 480 ) (4096 1024 432 ) (4096 768 432 ) (4096 768 480 ) 
4 264 270 (4096 1024 768 ) (4096 1024 480 ) (4096 0 480 ) (4096 0 768 ) 
4 264 266 (4352 1024 256 ) (4864 1024 256 ) (4864 768 256 ) (4352 768 256 ) 
4 265 267 (4864 768 -32 ) (4864 768 240 ) (4864 1024 240 ) (4864 1024 -32 ) 
4 266 267 (4352 768 240 ) (4352 1024 240 ) (4864 1024 240 ) (4864 768 240 ) 
4 268 334 (3072 0 1024 ) (3072 0 2048 ) (3072 1024 2048 ) (3072 1024 1024 ) 
4 268 269 (3072 0 1024 ) (3072 1024 1024 ) (4096 1024 1024 ) (4096 0 1024 ) 
4 269 335 (3072 0 832 ) (3072 0 1024 ) (3072 1024 1024 ) (3072 1024 832 ) 
4 269 270 (3072 0 768 ) (3072 1024 768 ) (4096 1024 768 ) (4096 0 768 ) 
4 270 277 (4096 0 480 ) (3840 0 480 ) (3840 768 480 ) (4096 768 480 ) 
4 270 271 (3840 1024 480 ) (4096 1024 480 ) (4096 768 480 ) (3840 768 480 ) 
4 271 277 (3840 768 432 ) (4096 768 432 ) (4096 768 480 ) (3840 768 480 ) 
4 271 272 (4096 768 432 ) (3840 768 432 ) (3840 1024 432 ) (4096 1024 432 ) 
4 272 277 (3840 768 256 ) (4096 768 256 ) (4096 768 432 ) (3840 768 432 ) 
4 272 273 (3840 1024 256 ) (3840 768 256 ) (3840 768 432 ) (3840 1024 432 ) 
4 273 275 (3840 768 256 ) (3840 768 432 ) (3808 800 432 ) (3808 800 256 ) 
4 273 274 (3808 1024 256 ) (3808 799.998047 256 ) (3808 799.998047 432 ) (3808 1024 432 ) 
4 274 276 (3808 800 432 ) (3584 1024 432 ) (3584 1024 256 ) (3808 800 256 ) 
4 275 276 (3808 799.998047 432 ) (3808 799.998047 256 ) (3808 768 256 ) (3808 768 432 ) 
4 278 309 (3072 2048 1024 ) (3072 2048 2048 ) (2048 2048 2048 ) (2048 2048 1024 ) 
4 278 300 (2048 3072 2048 ) (2048 3072 1024 ) (2048 2048 1024 ) (2048 2048 2048 ) 
4 278 279 (3072 2048 1024 ) (2048 2048 1024 ) (2048 3072 1024 ) (3072 3072 1024 ) 
4 279 310 (3072 2048 768 ) (3072 2048 1024 ) (2048 2048 1024 ) (2048 2048 768 ) 
4 279 301 (2048 3072 1024 ) (2048 3072 768 ) (2048 2048 768 ) (2048 2048 1024 ) 
4 279 280 (2432 2048 768 ) (2240 2048 768 ) (2240 2688 768 ) (2432 2688 768 ) 
4 279 281 (2240 2048 768 ) (2048 2048 768 ) (2048 3072 768 ) (2240 3072 768 ) 
4 280 317 (2432 2048 768 ) (2240 2048 768 ) (2240 2048 640 ) (2432 2048 640 ) 
4 280 285 (2432 2688 640 ) (2432 2048 640 ) (2240 2048 640 ) (2240 2688 640 ) 
4 280 281 (2240 2688 640 ) (2240 2048 640 ) (2240 2048 768 ) (2240 2688 768 ) 
4 281 317 (2240 2048 768 ) (2048 2048 768 ) (2048 2048 640 ) (2240 2048 640 ) 
4 281 302 (2048 3072 768 ) (2048 3072 640 ) (2048 2048 640 ) (2048 2048 768 ) 
4 281 286 (2048 2048 640 ) (2048 3072 640 ) (2240 3072 640 ) (2240 2048 640 ) 
4 282 287 (2912 2208 448 ) (3072 2208 448 ) (3072 2080 448 ) (2912 2080 448 ) 
4 282 284 (2464 2224 448 ) (2464 2128 448 ) (2464 2128 552 ) (2464 2224 552 ) 
4 282 283 (2720 2080 448 ) (2896 2080 448 ) (2896 2080 552 ) (2720 2080 552 ) 
4 283 311 (2720 2048 552 ) (2720 2048 448 ) (2896 2048 448 ) (2896 2048 552 ) 
4 284 285 (2432 2224 448 ) (2432 2128 448 ) (2432 2128 552 ) (2432 2224 552 ) 
4 285 317 (2432 2048 640 ) (2240 2048 640 ) (2240 2048 448 ) (2432 2048 448 ) 
4 285 298 (2432 2048 448 ) (2240 2048 448 ) (2240 2080 448 ) (2432 2080 448 ) 
4 285 293 (2240 2080 448 ) (2240 2688 448 ) (2432 2688 448 ) (2432 2080 448 ) 
4 285 286 (2240 2688 448 ) (2240 2048 448 ) (2240 2048 640 ) (2240 2688 640 ) 
4 286 317 (2240 2048 640 ) (2048 2048 640 ) (2048 2048 448 ) (2240 2048 448 ) 
4 286 302 (2048 3072 640 ) (2048 3072 448 ) (2048 2048 448 ) (2048 2048 640 ) 
4 286 298 (2240 2048 448 ) (2048 2048 448 ) (2048 2080 448 ) (2240 2080 448 ) 
4 286 294 (2048 2080 448 ) (2048 3072 448 ) (2240 3072 448 ) (2240 2080 448 ) 
4 287 288 (3072 2080 432 ) (2912 2080 432 ) (2912 2208 432 ) (3072 2208 432 ) 
4 288 297 (2720 2080 256 ) (2896 2080 256 ) (2896 2080 360 ) (2720 2080 360 ) 
4 288 292 (2464 2080 256 ) (2464 2080 360 ) (2464 2272 360 ) (2464 2272 256 ) 
4 288 289 (2784 2208 256 ) (2784 2336 256 ) (3072 2336 256 ) (3072 2208 256 ) 
4 289 290 (3072 2208 240 ) (2784 2208 240 ) (2784 2336 240 ) (3072 2336 240 ) 
4 290 291 (2784 2208 224 ) (2784 2336 224 ) (3072 2336 224 ) (3072 2208 224 ) 
4 292 293 (2432 2080 256 ) (2432 2080 360 ) (2432 2272 360 ) (2432 2272 256 ) 
4 293 298 (2432 2080 448 ) (2240 2080 448 ) (2240 2080 256 ) (2432 2080 256 ) 
4 293 295 (2432 2688 256 ) (2432 2080 256 ) (2240 2080 256 ) (2240 2688 256 ) 
4 293 294 (2240 2688 256 ) (2240 2080 256 ) (2240 2080 448 ) (2240 2688 448 ) 
4 294 302 (2048 3072 448 ) (2048 3072 256 ) (2048 2080 256 ) (2048 2080 448 ) 
4 294 298 (2240 2080 448 ) (2048 2080 448 ) (2048 2080 256 ) (2240 2080 256 ) 
4 294 296 (2240 2080 256 ) (2048 2080 256 ) (2048 3072 256 ) (2240 3072 256 ) 
4 295 299 (2240 2080 208 ) (2432 2080 208 ) (2432 2080 256 ) (2240 2080 256 ) 
4 295 296 (2240 2688 208 ) (2240 2080 208 ) (2240 2080 256 ) (2240 2688 256 ) 
4 296 304 (2048 3072 252 ) (2048 3072 208 ) (2048 2080 208 ) (2048 2080 252 ) 
4 296 303 (2048 3072 256 ) (2048 3072 252 ) (2048 2080 252 ) (2048 2080 256 ) 
4 296 299 (2048 2080 256 ) (2048 2080 208 ) (2240 2080 208 ) (2240 2080 256 ) 
4 297 318 (2720 2048 360 ) (2720 2048 256 ) (2896 2048 256 ) (2896 2048 360 ) 
4 298 325 (2432 2048 448 ) (2048 2048 448 ) (2048 2048 256 ) (2432 2048 256 ) 
4 298 302 (2048 2048 256 ) (2048 2048 448 ) (2048 2080 448 ) (2048 2080 256 ) 
4 298 299 (2432 2048 256 ) (2048 2048 256 ) (2048 2080 256 ) (2432 2080 256 ) 
4 299 327 (2432 2048 256 ) (2048 2048 256 ) (2048 2048 208 ) (2432 2048 208 ) 
4 299 304 (2048 2048 208 ) (2048 2048 252 ) (2048 2080 252 ) (2048 2080 208 ) 
4 299 303 (2048 2048 252 ) (2048 2048 256 ) (2048 2080 256 ) (2048 2080 252 ) 
4 300 627 (1024 2048 1024 ) (1024 2048 2048 ) (1024 2176 2048 ) (1024 2176 1024 ) 
4 300 619 (1024 2176 2048 ) (1024 3072 2048 ) (1024 3072 1024 ) (1024 2176 1024 ) 
4 300 328 (2048 2048 1024 ) (2048 2048 2048 ) (1024 2048 2048 ) (1024 2048 1024 ) 
4 300 301 (2048 3072 1024 ) (2048 2048 1024 ) (1024 2048 1024 ) (1024 3072 1024 ) 
4 301 628 (1024 2048 768 ) (1024 2048 1024 ) (1024 2176 1024 ) (1024 2176 768 ) 
4 301 620 (1024 2176 1024 ) (1024 3072 1024 ) (1024 3072 768 ) (1024 2176 768 ) 
4 301 329 (2048 2048 768 ) (2048 2048 1024 ) (1024 2048 1024 ) (1024 2048 768 ) 
4 301 302 (2048 3072 768 ) (2048 2048 768 ) (1024 2048 768 ) (1024 3072 768 ) 
4 302 670 (1024 2048 256 ) (1024 2048 320 ) (1024 2176 320 ) (1024 2176 256 ) 
4 302 664 (1024 2048 320 ) (1024 2048 768 ) (1024 2176 768 ) (1024 2176 320 ) 
4 302 630 (1024 2176 768 ) (1024 3072 768 ) (1024 3072 256 ) (1024 2176 256 ) 
4 302 330 (2048 2048 256 ) (2048 2048 768 ) (1024 2048 768 ) (1024 2048 256 ) 
4 302 303 (2048 2048 256 ) (1024 2048 256 ) (1024 3072 256 ) (2048 3072 256 ) 
4 303 631 (1024 2176 256 ) (1024 3072 256 ) (1024 3072 252 ) (1024 2176 252 ) 
4 303 331 (2048 2048 252 ) (2048 2048 256 ) (1024 2048 256 ) (1024 2048 252 ) 
4 303 308 (1280 2048 252 ) (1024 2048 252 ) (1024 2176 252 ) (1280 2176 252 ) 
4 303 307 (1904 2048 252 ) (1280 2048 252 ) (1280 2176 252 ) (1904 2176 252 ) 
4 303 306 (1024 2176 252 ) (1024 2496 252 ) (1904 2496 252 ) (1904 2176 252 ) 
4 303 305 (1024 2496 252 ) (1024 3072 252 ) (1904 3072 252 ) (1904 2496 252 ) 
4 303 304 (2048 3072 252 ) (2048 2048 252 ) (1904 2048 252 ) (1904 3072 252 ) 
4 304 332 (2048 2048 208 ) (2048 2048 252 ) (1904 2048 252 ) (1904 2048 208 ) 
4 304 307 (1904 2176 208 ) (1904 2048 208 ) (1904 2048 252 ) (1904 2176 252 ) 
4 304 306 (1904 2496 208 ) (1904 2176 208 ) (1904 2176 252 ) (1904 2496 252 ) 
4 304 305 (1904 3072 208 ) (1904 2496 208 ) (1904 2496 252 ) (1904 3072 252 ) 
4 305 631 (1024 2496 252 ) (1024 3072 252 ) (1024 3072 208 ) (1024 2496 208 ) 
4 305 306 (1024 2496 208 ) (1904 2496 208 ) (1904 2496 252 ) (1024 2496 252 ) 
4 306 631 (1024 2176 252 ) (1024 2496 252 ) (1024 2496 208 ) (1024 2176 208 ) 
4 306 308 (1280 2176 209 ) (1280 2176 252 ) (1024 2176 252 ) (1024 2176 209 ) 
4 306 307 (1280 2176 208 ) (1904 2176 208 ) (1904 2176 252 ) (1280 2176 252 ) 
4 307 333 (1904 2048 252 ) (1280 2048 252 ) (1280 2048 208 ) (1904 2048 208 ) 
4 307 308 (1280 2176 252 ) (1280 2176 209 ) (1280 2048 209 ) (1280 2048 252 ) 
4 308 333 (1280 2048 252 ) (1024 2048 252 ) (1024 2048 209 ) (1280 2048 209 ) 
4 309 334 (3072 1024 1024 ) (3072 1024 2048 ) (2048 1024 2048 ) (2048 1024 1024 ) 
4 309 328 (2048 1024 1024 ) (2048 1024 2048 ) (2048 2048 2048 ) (2048 2048 1024 ) 
4 309 310 (2048 1024 1024 ) (2048 2048 1024 ) (3072 2048 1024 ) (3072 1024 1024 ) 
4 310 336 (3040 1024 832 ) (2048 1024 832 ) (2048 1024 768 ) (3040 1024 768 ) 
4 310 335 (3072 1024 832 ) (3072 1024 1024 ) (2048 1024 1024 ) (2048 1024 832 ) 
4 310 329 (2048 1024 768 ) (2048 1024 1024 ) (2048 2048 1024 ) (2048 2048 768 ) 
4 310 316 (2688 1984 768 ) (2688 1024 768 ) (2432 1024 768 ) (2432 1984 768 ) 
4 310 317 (2048 1024 768 ) (2048 2048 768 ) (2432 2048 768 ) (2432 1024 768 ) 
4 310 315 (2720 1536 768 ) (2720 1024 768 ) (2688 1024 768 ) (2688 1536 768 ) 
4 310 314 (3040 1024 768 ) (2720 1024 768 ) (2720 1536 768 ) (3040 1536 768 ) 
4 310 313 (3072 1536 768 ) (3072 1360 768 ) (3040 1360 768 ) (3040 1536 768 ) 
4 311 312 (2720 1888 688 ) (2720 1888 511.998047 ) (2896 1888 512 ) (2896 1888 688 ) 
4 313 314 (3040 1536 480 ) (3040 1360 480 ) (3040 1360 768 ) (3040 1536 768 ) 
4 314 340 (2720 1024 576 ) (2720 1024 448 ) (3040 1024 448 ) (3040 1024 576 ) 
4 314 338 (2720 1024 640 ) (2720 1024 576 ) (3040 1024 576 ) (3040 1024 640 ) 
4 314 337 (3040 1024 768 ) (2720 1024 768 ) (2720 1024 640 ) (3040 1024 640 ) 
4 314 320 (3040 1024 448 ) (2720 1024 448 ) (2720 1536 448 ) (3040 1536 448 ) 
4 314 315 (2720 1536 448 ) (2720 1024 448 ) (2720 1024 768 ) (2720 1536 768 ) 
4 315 340 (2688 1024 576 ) (2688 1024 448 ) (2720 1024 448 ) (2720 1024 576 ) 
4 315 338 (2688 1024 640 ) (2688 1024 576 ) (2720 1024 576 ) (2720 1024 640 ) 
4 315 337 (2720 1024 768 ) (2688 1024 768 ) (2688 1024 640 ) (2720 1024 640 ) 
4 315 322 (2720 1024 448 ) (2688 1024 448 ) (2688 1536 448 ) (2720 1536 448 ) 
4 315 316 (2688 1536 448 ) (2688 1024 448 ) (2688 1024 768 ) (2688 1536 768 ) 
4 316 341 (2432 1024 576 ) (2432 1024 448 ) (2560 1024 448 ) (2560 1024 576 ) 
4 316 340 (2560 1024 448 ) (2688 1024 448 ) (2688 1024 576 ) (2560 1024 576 ) 
4 316 339 (2432 1024 640 ) (2432 1024 576 ) (2560 1024 576 ) (2560 1024 640 ) 
4 316 338 (2560 1024 576 ) (2688 1024 576 ) (2688 1024 640 ) (2560 1024 640 ) 
4 316 337 (2688 1024 768 ) (2432 1024 768 ) (2432 1024 640 ) (2688 1024 640 ) 
4 316 324 (2688 1024 448 ) (2432 1024 448 ) (2432 1984 448 ) (2688 1984 448 ) 
4 316 317 (2432 1984 448 ) (2432 1024 448 ) (2432 1024 768 ) (2432 1984 768 ) 
4 317 341 (2048 1024 576 ) (2048 1024 448 ) (2432 1024 448 ) (2432 1024 576 ) 
4 317 339 (2048 1024 640 ) (2048 1024 576 ) (2432 1024 576 ) (2432 1024 640 ) 
4 317 337 (2432 1024 768 ) (2048 1024 768 ) (2048 1024 640 ) (2432 1024 640 ) 
4 317 330 (2048 1024 448 ) (2048 1024 768 ) (2048 2048 768 ) (2048 2048 448 ) 
4 317 325 (2432 1024 448 ) (2048 1024 448 ) (2048 2048 448 ) (2432 2048 448 ) 
4 318 319 (2720 1920 432 ) (2720 1920 256 ) (2896 1920 256 ) (2896 1920 432 ) 
4 319 321 (2720 1888 256 ) (2720 1696 256 ) (2720 1696 360 ) (2720 1888 360 ) 
4 320 340 (3040 1024 448 ) (2720 1024 448 ) (2720 1024 256 ) (3040 1024 256 ) 
4 320 323 (3040 1024 256 ) (2720 1024 256 ) (2720 1536 256 ) (3040 1536 256 ) 
4 320 322 (2720 1536 256 ) (2720 1024 256 ) (2720 1024 448 ) (2720 1536 448 ) 
4 321 324 (2688 1888 360 ) (2688 1888 256 ) (2688 1696 256 ) (2688 1696 360 ) 
4 322 340 (2720 1024 448 ) (2688 1024 448 ) (2688 1024 256 ) (2720 1024 256 ) 
4 322 324 (2688 1024 256 ) (2688 1024 448 ) (2688 1536 448 ) (2688 1536 256 ) 
4 322 323 (2688 1024 256 ) (2688 1536 256 ) (2720 1536 256 ) (2720 1024 256 ) 
4 323 326 (2688 1536 208 ) (2688 1024 208 ) (2688 1024 256 ) (2688 1536 256 ) 
4 324 341 (2560 1024 448 ) (2432 1024 448 ) (2432 1024 256 ) (2560 1024 256 ) 
4 324 340 (2688 1024 448 ) (2560 1024 448 ) (2560 1024 256 ) (2688 1024 256 ) 
4 324 326 (2688 1984 256 ) (2688 1024 256 ) (2432 1024 256 ) (2432 1984 256 ) 
4 324 325 (2432 1984 256 ) (2432 1024 256 ) (2432 1024 448 ) (2432 1984 448 ) 
4 325 341 (2432 1024 448 ) (2048 1024 448 ) (2048 1024 256 ) (2432 1024 256 ) 
4 325 330 (2048 1024 256 ) (2048 1024 448 ) (2048 2048 448 ) (2048 2048 256 ) 
4 325 327 (2048 1024 256 ) (2048 2048 256 ) (2432 2048 256 ) (2432 1024 256 ) 
4 326 327 (2432 1984 208 ) (2432 1024 208 ) (2432 1024 256 ) (2432 1984 256 ) 
4 327 332 (2048 1024 208 ) (2048 1024 252 ) (2048 2048 252 ) (2048 2048 208 ) 
4 327 331 (2048 1024 252 ) (2048 1024 256 ) (2048 2048 256 ) (2048 2048 252 ) 
4 328 717 (1024 1024 1024 ) (1024 1024 2048 ) (1024 2048 2048 ) (1024 2048 1024 ) 
4 328 375 (1024 1024 2048 ) (1024 1024 1024 ) (1216 1024 1024 ) (1216 1024 2048 ) 
4 328 355 (1216 1024 1024 ) (2048 1024 1024 ) (2048 1024 2048 ) (1216 1024 2048 ) 
4 328 329 (1024 2048 1024 ) (2048 2048 1024 ) (2048 1024 1024 ) (1024 1024 1024 ) 
4 329 737 (1024 1024 768 ) (1024 1024 1024 ) (1024 1280 1024 ) (1024 1280 768 ) 
4 329 729 (1024 1280 1024 ) (1024 1408 1024 ) (1024 1408 768 ) (1024 1280 768 ) 
4 329 718 (1024 1408 1024 ) (1024 2048 1024 ) (1024 2048 768 ) (1024 1408 768 ) 
4 329 377 (1024 1024 896 ) (1024 1024 768 ) (1216 1024 768 ) (1216 1024 896 ) 
4 329 376 (1024 1024 1024 ) (1024 1024 896 ) (1216 1024 896 ) (1216 1024 1024 ) 
4 329 358 (1216 1024 768 ) (1280 1024 768 ) (1280 1024 1024 ) (1216 1024 1024 ) 
4 329 356 (1280 1024 768 ) (2048 1024 768 ) (2048 1024 1024 ) (1280 1024 1024 ) 
4 329 330 (1024 2048 768 ) (2048 2048 768 ) (2048 1024 768 ) (1024 1024 768 ) 
4 330 739 (1024 1024 256 ) (1024 1024 320 ) (1024 2048 320 ) (1024 2048 256 ) 
4 330 738 (1024 1024 320 ) (1024 1024 768 ) (1024 1280 768 ) (1024 1280 320 ) 
4 330 730 (1024 1280 768 ) (1024 1408 768 ) (1024 1408 320 ) (1024 1280 320 ) 
4 330 719 (1024 1408 768 ) (1024 2048 768 ) (1024 2048 320 ) (1024 1408 320 ) 
4 330 408 (1024 1024 592 ) (1024 1024 256 ) (1056 1024 256 ) (1056 1024 592 ) 
4 330 405 (1056 1024 256 ) (1216 1024 256 ) (1216 1024 592 ) (1056 1024 592 ) 
4 330 403 (1024 1024 624 ) (1024 1024 592 ) (1216 1024 592 ) (1216 1024 624 ) 
4 330 378 (1024 1024 768 ) (1024 1024 624 ) (1216 1024 624 ) (1216 1024 768 ) 
4 330 364 (2032 1024 256 ) (2048 1024 256 ) (2048 1024 576 ) (2032 1024 576 ) 
4 330 365 (1216 1024 256 ) (2032 1024 256 ) (2032 1024 576 ) (1216 1024 576 ) 
4 330 360 (2048 1024 576 ) (2048 1024 640 ) (1216 1024 640 ) (1216 1024 576 ) 
4 330 359 (1280 1024 768 ) (1216 1024 768 ) (1216 1024 640 ) (1280 1024 640 ) 
4 330 357 (2048 1024 640 ) (2048 1024 768 ) (1280 1024 768 ) (1280 1024 640 ) 
4 330 331 (2048 1024 256 ) (1024 1024 256 ) (1024 2048 256 ) (2048 2048 256 ) 
4 331 333 (1024 2048 252 ) (1904 2048 252 ) (1904 1024 252 ) (1024 1024 252 ) 
4 331 332 (1904 2048 252 ) (2048 2048 252 ) (2048 1024 252 ) (1904 1024 252 ) 
4 332 333 (1904 2048 208 ) (1904 1024 208 ) (1904 1024 252 ) (1904 2048 252 ) 
4 334 355 (2048 1024 2048 ) (2048 1024 1024 ) (2048 0 1024 ) (2048 0 2048 ) 
4 334 335 (3072 0 1024 ) (2048 0 1024 ) (2048 1024 1024 ) (3072 1024 1024 ) 
4 335 356 (2048 1024 1024 ) (2048 1024 832 ) (2048 0 832 ) (2048 0 1024 ) 
4 335 336 (3040 0 832 ) (2048 0 832 ) (2048 1024 832 ) (3040 1024 832 ) 
4 336 356 (2048 1024 832 ) (2048 1024 768 ) (2048 0 768 ) (2048 0 832 ) 
4 336 337 (2048 1024 768 ) (3040 1024 768 ) (3040 0 768 ) (2048 0 768 ) 
4 337 357 (2048 1024 768 ) (2048 1024 640 ) (2048 0 640 ) (2048 0 768 ) 
4 337 339 (2048 512 640 ) (2048 1024 640 ) (2560 1024 640 ) (2560 512 640 ) 
4 337 338 (2560 1024 640 ) (3040 1024 640 ) (3040 0 640 ) (2560 0 640 ) 
4 338 340 (3040 0 576 ) (2560 0 576 ) (2560 1024 576 ) (3040 1024 576 ) 
4 338 339 (2560 1024 576 ) (2560 512 576 ) (2560 512 640 ) (2560 1024 640 ) 
4 339 360 (2048 1024 640 ) (2048 1024 576 ) (2048 512 576 ) (2048 512 640 ) 
4 339 341 (2048 512 576 ) (2048 1024 576 ) (2560 1024 576 ) (2560 512 576 ) 
4 340 342 (2560 400 576 ) (2560 448 576 ) (2560 448 256 ) (2560 400 256 ) 
4 340 341 (2560 512 576 ) (2560 1024 576 ) (2560 1024 256 ) (2560 512 256 ) 
4 341 364 (2048 1024 576 ) (2048 1024 256 ) (2048 512 256 ) (2048 512 576 ) 
4 341 348 (2048 512 512 ) (2048 512 256 ) (2304 512 256 ) (2304 512 512 ) 
4 342 343 (2496 400 256 ) (2496 448 256 ) (2560 448 256 ) (2560 400 256 ) 
4 344 411 (2432 0 576 ) (2304 0 576 ) (2304 0 512 ) (2432 0 512 ) 
4 344 347 (2304 400 512 ) (2304 0 512 ) (2304 0 576 ) (2304 400 576 ) 
4 344 345 (2304 0 512 ) (2304 400 512 ) (2432 400 512 ) (2432 0 512 ) 
4 345 411 (2304 0 512 ) (2304 0 256 ) (2432 0 256 ) (2432 0 512 ) 
4 345 350 (2304 448 256 ) (2304 0 256 ) (2304 0 512 ) (2304 448 512 ) 
4 345 346 (2304 0 256 ) (2304 448 256 ) (2432 448 256 ) (2432 0 256 ) 
4 346 411 (2304 0 256 ) (2304 0 160 ) (2432 0 160 ) (2432 0 256 ) 
4 346 354 (2304 400 160 ) (2304 0 160 ) (2304 0 192 ) (2304 400 192 ) 
4 346 353 (2304 0 192 ) (2304 0 256 ) (2304 448 256 ) (2304 448 192 ) 
4 347 411 (2304 0 576 ) (2048 0 576 ) (2048 0 512 ) (2304 0 512 ) 
4 347 371 (2048 0 512 ) (2048 0 576 ) (2048 288 576 ) (2048 288 512 ) 
4 347 367 (2048 288 576 ) (2048 400 576 ) (2048 400 512 ) (2048 288 512 ) 
4 347 350 (2048 0 512 ) (2048 400 512 ) (2304 400 512 ) (2304 0 512 ) 
4 348 364 (2048 480 512 ) (2048 512 512 ) (2048 512 256 ) (2048 480 256 ) 
4 348 351 (2048 480 256 ) (2048 512 256 ) (2304 512 256 ) (2304 480 256 ) 
4 348 349 (2048 480 256 ) (2304 480 256 ) (2304 480 512 ) (2048 480 512 ) 
4 349 352 (2048 464 256 ) (2048 480 256 ) (2304 480 256 ) (2304 464 256 ) 
4 349 350 (2048 464 256 ) (2304 464 256 ) (2304 464 512 ) (2048 464 512 ) 
4 350 411 (2048 0 512 ) (2048 0 256 ) (2304 0 256 ) (2304 0 512 ) 
4 350 371 (2048 0 256 ) (2048 0 512 ) (2048 288 512 ) (2048 288 256 ) 
4 350 367 (2048 288 512 ) (2048 400 512 ) (2048 400 256 ) (2048 288 256 ) 
4 350 353 (2048 0 256 ) (2048 464 256 ) (2304 464 256 ) (2304 0 256 ) 
4 351 352 (2048 480 192 ) (2304 480 192 ) (2304 480 256 ) (2048 480 256 ) 
4 352 353 (2048 464 192 ) (2304 464 192 ) (2304 464 256 ) (2048 464 256 ) 
4 353 411 (2048 0 256 ) (2048 0 192 ) (2304 0 192 ) (2304 0 256 ) 
4 353 373 (2048 0 192 ) (2048 0 256 ) (2048 288 256 ) (2048 288 192 ) 
4 353 368 (2048 288 256 ) (2048 400 256 ) (2048 400 192 ) (2048 288 192 ) 
4 353 354 (2304 400 192 ) (2304 0 192 ) (2048 0 192 ) (2048 400 192 ) 
4 354 411 (2048 0 192 ) (2048 0 160 ) (2304 0 160 ) (2304 0 192 ) 
4 354 373 (2048 0 160 ) (2048 0 192 ) (2048 288 192 ) (2048 288 160 ) 
4 354 368 (2048 288 192 ) (2048 400 192 ) (2048 400 160 ) (2048 288 160 ) 
4 355 375 (1216 0 1024 ) (1216 0 2048 ) (1216 1024 2048 ) (1216 1024 1024 ) 
4 355 358 (1216 320 1024 ) (1216 1024 1024 ) (1280 1024 1024 ) (1280 320 1024 ) 
4 355 356 (2048 0 1024 ) (1280 0 1024 ) (1280 1024 1024 ) (2048 1024 1024 ) 
4 356 358 (1280 320 1024 ) (1280 1024 1024 ) (1280 1024 768 ) (1280 320 768 ) 
4 356 357 (2048 0 768 ) (1280 0 768 ) (1280 1024 768 ) (2048 1024 768 ) 
5 357 361 (1856 288 640 ) (1280 288 640 ) (1280 480 640 ) (2032 480 640 ) (2032 405.333282 640 ) 
4 357 360 (1280 1024 640 ) (2048 1024 640 ) (2048 480 640 ) (1280 480 640 ) 
4 357 359 (1280 1024 640 ) (1280 320 640 ) (1280 320 768 ) (1280 1024 768 ) 
4 358 379 (1216 448 768 ) (1216 320 768 ) (1216 320 896 ) (1216 448 896 ) 
4 358 377 (1216 1024 896 ) (1216 1024 768 ) (1216 480 768 ) (1216 480 896 ) 
4 358 376 (1216 480 1024 ) (1216 1024 1024 ) (1216 1024 896 ) (1216 480 896 ) 
4 358 359 (1216 320 768 ) (1216 1024 768 ) (1280 1024 768 ) (1280 320 768 ) 
4 359 382 (1216 320 768 ) (1216 448 768 ) (1216 448 640 ) (1216 320 640 ) 
4 359 378 (1216 480 768 ) (1216 1024 768 ) (1216 1024 640 ) (1216 480 640 ) 
4 359 362 (1216 320 640 ) (1216 480 640 ) (1280 480 640 ) (1280 320 640 ) 
4 359 360 (1216 480 640 ) (1216 1024 640 ) (1280 1024 640 ) (1280 480 640 ) 
4 360 405 (1216 1024 592 ) (1216 1024 576 ) (1216 480 576 ) (1216 480 592 ) 
4 360 403 (1216 1024 624 ) (1216 1024 592 ) (1216 480 592 ) (1216 480 624 ) 
4 360 378 (1216 480 640 ) (1216 1024 640 ) (1216 1024 624 ) (1216 480 624 ) 
4 360 364 (2032 1024 576 ) (2048 1024 576 ) (2048 480 576 ) (2032 480 576 ) 
4 360 365 (1216 480 576 ) (1216 1024 576 ) (2032 1024 576 ) (2032 480 576 ) 
4 360 362 (1216 480 576 ) (1280 480 576 ) (1280 480 640 ) (1216 480 640 ) 
4 360 361 (1280 480 576 ) (2032 480 576 ) (2032 480 640 ) (1280 480 640 ) 
5 361 365 (1280 288 576 ) (1280 480 576 ) (2032 480 576 ) (2032 405.333282 576 ) (1856 288 576 ) 
4 361 363 (1280 320 576 ) (1280 288 576 ) (1280 288 624 ) (1280 320 624 ) 
4 361 362 (1280 480 640 ) (1280 480 576 ) (1280 320 576 ) (1280 320 640 ) 
4 362 405 (1216 480 592 ) (1216 480 576 ) (1216 320 576 ) (1216 320 592 ) 
4 362 382 (1216 320 640 ) (1216 448 640 ) (1216 448 624 ) (1216 320 624 ) 
4 362 365 (1216 320 576 ) (1216 480 576 ) (1280 480 576 ) (1280 320 576 ) 
4 362 363 (1216 320 576 ) (1280 320 576 ) (1280 320 624 ) (1216 320 624 ) 
4 363 405 (1216 320 592 ) (1216 320 576 ) (1216 288 576 ) (1216 288 592 ) 
4 363 365 (1216 288 576 ) (1216 320 576 ) (1280 320 576 ) (1280 288 576 ) 
4 364 365 (2032 1024 256 ) (2032 480 256 ) (2032 480 576 ) (2032 1024 576 ) 
4 365 405 (1216 288 576 ) (1216 1024 576 ) (1216 1024 256 ) (1216 288 256 ) 
3 365 366 (2032 400.001953 256 ) (1856 288 256 ) (2032 405.333313 256 ) 
4 367 371 (2048 288 256 ) (2048 288 576 ) (2032 288 576 ) (2032 288 256 ) 
4 367 369 (2032 389.333099 256 ) (2032 288 256 ) (2032 288 576 ) (2032 389.333099 576 ) 
4 367 368 (2048 288 256 ) (2032 288 256 ) (2032 389.333069 256 ) (2048 400 256 ) 
4 368 373 (2032 288 96 ) (2048 288 96 ) (2048 288 256 ) (2032 288 256 ) 
4 368 370 (2032 389.333099 96 ) (2032 288 96 ) (2032 288 256 ) (2032 389.333099 256 ) 
4 369 371 (2032 288 256 ) (2032 288 576 ) (1880.004028 288 576 ) (1880.004028 288 256 ) 
3 369 370 (2032 389.333069 256 ) (2032 288 256 ) (1880.004028 288 256 ) 
4 370 373 (1880.004028 288 96 ) (2032 288 96 ) (2032 288 256 ) (1880.004028 288 256 ) 
4 371 442 (2048 0 256 ) (2048 0 576 ) (1448.014038 0 576 ) (1448.014038 0 256 ) 
4 371 373 (1880.003906 288 256 ) (2048 288 256 ) (2048 0 256 ) (1448.014038 0 256 ) 
4 371 372 (1856.008423 272 256 ) (1448.017822 0 256 ) (1448.019287 0 576 ) (1856.008423 272 576 ) 
4 372 442 (1448.014038 0 576 ) (1216 0 576 ) (1216 0 256 ) (1448.014038 0 256 ) 
4 372 404 (1216 0 256 ) (1216 0 576 ) (1216 272 576 ) (1216 272 256 ) 
4 372 374 (1216 0 256 ) (1216 272 256 ) (1856.004517 272 256 ) (1448.014038 0 256 ) 
4 373 442 (2048 0 96 ) (2048 0 256 ) (1448.014038 0 256 ) (1448.014038 0 96 ) 
4 373 374 (1448.014038 0 256 ) (1856.004395 272 256 ) (1856.004517 272 96 ) (1448.014038 0 96 ) 
4 374 442 (1448.014038 0 256 ) (1216 0 256 ) (1216 0 96 ) (1448.014038 0 96 ) 
4 374 406 (1216 0 96 ) (1216 0 256 ) (1216 272 256 ) (1216 272 96 ) 
4 375 797 (1024 0 1024 ) (1024 0 2048 ) (1024 512 2048 ) (1024 512 1024 ) 
4 375 793 (1024 512 2048 ) (1024 736 2048 ) (1024 736 1024 ) (1024 512 1024 ) 
4 375 792 (1024 736 2048 ) (1024 1024 2048 ) (1024 1024 1024 ) (1024 736 1024 ) 
4 375 376 (1024 480 1024 ) (1024 1024 1024 ) (1216 1024 1024 ) (1216 480 1024 ) 
4 376 805 (1024 480 1024 ) (1024 1024 1024 ) (1024 1024 896 ) (1024 480 896 ) 
4 376 377 (1024 480 896 ) (1024 1024 896 ) (1216 1024 896 ) (1216 480 896 ) 
4 377 805 (1024 1024 896 ) (1024 1024 768 ) (1024 480 768 ) (1024 480 896 ) 
4 377 378 (1024 480 768 ) (1024 1024 768 ) (1216 1024 768 ) (1216 480 768 ) 
4 378 806 (1024 1024 768 ) (1024 1024 624 ) (1024 480 624 ) (1024 480 768 ) 
4 378 403 (1024 1024 624 ) (1216 1024 624 ) (1216 480 624 ) (1024 480 624 ) 
4 379 382 (1216 320 768 ) (1168 320 768 ) (1168 448 768 ) (1216 448 768 ) 
4 379 380 (1168 448 896 ) (1168 448 768 ) (1168 320 768 ) (1168 320 896 ) 
4 380 383 (1168 320 768 ) (1152 320 768 ) (1152 448 768 ) (1168 448 768 ) 
4 380 381 (1152 448 896 ) (1152 448 768 ) (1152 320 768 ) (1152 320 896 ) 
4 381 803 (1024 320 768 ) (1024 320 896 ) (1024 448 896 ) (1024 448 768 ) 
4 381 385 (1152 320 896 ) (1024 320 896 ) (1024 320 768 ) (1152 320 768 ) 
4 381 384 (1152 320 768 ) (1024 320 768 ) (1024 448 768 ) (1152 448 768 ) 
4 382 383 (1168 320 624 ) (1168 320 768 ) (1168 448 768 ) (1168 448 624 ) 
4 383 384 (1152 320 624 ) (1152 320 768 ) (1152 448 768 ) (1152 448 624 ) 
4 384 804 (1024 448 624 ) (1024 320 624 ) (1024 320 768 ) (1024 448 768 ) 
4 384 387 (1024 320 624 ) (1152 320 624 ) (1152 320 768 ) (1024 320 768 ) 
4 385 811 (1024 320 832 ) (1024 320 768 ) (1024 304 768 ) (1024 304 832 ) 
4 385 807 (1024 304 896 ) (1024 320 896 ) (1024 320 832 ) (1024 304 832 ) 
4 385 387 (1024 320 768 ) (1152 320 768 ) (1152 304 768 ) (1024 304 768 ) 
4 385 386 (1024 304 768 ) (1152 304 768 ) (1152 304 896 ) (1024 304 896 ) 
4 386 812 (1024 256 768 ) (1024 256 832 ) (1024 304 832 ) (1024 304 768 ) 
4 386 808 (1024 256 832 ) (1024 256 896 ) (1024 304 896 ) (1024 304 832 ) 
4 386 395 (1152 256 768 ) (1152 256 832 ) (1024 256 832 ) (1024 256 768 ) 
4 386 389 (1152 256 832 ) (1152 256 896 ) (1024 256 896 ) (1024 256 832 ) 
4 386 388 (1152 304 768 ) (1152 256 768 ) (1024 256 768 ) (1024 304 768 ) 
4 387 813 (1024 320 624 ) (1024 304 624 ) (1024 304 768 ) (1024 320 768 ) 
4 387 388 (1024 304 624 ) (1152 304 624 ) (1152 304 768 ) (1024 304 768 ) 
4 388 814 (1024 304 624 ) (1024 256 624 ) (1024 256 768 ) (1024 304 768 ) 
4 388 399 (1024 256 624 ) (1152 256 624 ) (1152 256 768 ) (1024 256 768 ) 
4 389 809 (1024 96 992 ) (1024 256 992 ) (1024 256 832 ) (1024 96 832 ) 
4 389 396 (1024 96 832 ) (1024 144 832 ) (1152 144 832 ) (1152 96 832 ) 
4 389 395 (1024 144 832 ) (1024 256 832 ) (1152 256 832 ) (1152 144 832 ) 
4 389 391 (1152 256 832 ) (1216 256 832 ) (1216 96 832 ) (1152 96 832 ) 
4 390 810 (1024 0 832 ) (1024 0 992 ) (1024 64 992 ) (1024 64 832 ) 
4 390 438 (1216 0 832 ) (1216 0 992 ) (1024 0 992 ) (1024 0 832 ) 
4 390 398 (1024 0 832 ) (1024 64 832 ) (1152 64 832 ) (1152 0 832 ) 
4 390 392 (1152 64 832 ) (1216 64 832 ) (1216 0 832 ) (1152 0 832 ) 
4 391 396 (1152 96 832 ) (1152 144 832 ) (1152 144 768 ) (1152 96 768 ) 
4 391 395 (1152 144 832 ) (1152 256 832 ) (1152 256 768 ) (1152 144 768 ) 
4 391 393 (1152 96 768 ) (1152 256 768 ) (1216 256 768 ) (1216 96 768 ) 
4 392 438 (1216 0 768 ) (1216 0 832 ) (1152 0 832 ) (1152 0 768 ) 
4 392 398 (1152 0 832 ) (1152 64 832 ) (1152 64 768 ) (1152 0 768 ) 
4 392 394 (1152 0 768 ) (1152 64 768 ) (1216 64 768 ) (1216 0 768 ) 
4 393 400 (1152 144 624 ) (1152 96 624 ) (1152 96 768 ) (1152 144 768 ) 
4 393 399 (1152 256 768 ) (1152 256 624 ) (1152 144 624 ) (1152 144 768 ) 
4 394 439 (1216 0 624 ) (1216 0 640 ) (1152 0 640 ) (1152 0 624 ) 
4 394 438 (1216 0 640 ) (1216 0 768 ) (1152 0 768 ) (1152 0 640 ) 
4 394 402 (1152 64 624 ) (1152 0 624 ) (1152 0 768 ) (1152 64 768 ) 
4 395 812 (1024 144 832 ) (1024 256 832 ) (1024 256 768 ) (1024 144 768 ) 
4 395 399 (1024 144 768 ) (1024 256 768 ) (1152 256 768 ) (1152 144 768 ) 
4 395 396 (1024 144 768 ) (1152 144 768 ) (1152 144 832 ) (1024 144 832 ) 
4 396 815 (1024 80 832 ) (1024 144 832 ) (1024 144 768 ) (1024 80 768 ) 
4 396 400 (1024 80 768 ) (1024 144 768 ) (1152 144 768 ) (1152 80 768 ) 
4 396 397 (1024 80 768 ) (1152 80 768 ) (1152 80 832 ) (1024 80 832 ) 
4 397 816 (1024 64 832 ) (1024 80 832 ) (1024 80 768 ) (1024 64 768 ) 
4 397 401 (1024 64 768 ) (1024 80 768 ) (1152 80 768 ) (1152 64 768 ) 
4 397 398 (1024 64 768 ) (1152 64 768 ) (1152 64 832 ) (1024 64 832 ) 
4 398 825 (1024 0 768 ) (1024 0 832 ) (1024 64 832 ) (1024 64 768 ) 
4 398 438 (1152 0 832 ) (1024 0 832 ) (1024 0 768 ) (1152 0 768 ) 
4 398 402 (1024 0 768 ) (1024 64 768 ) (1152 64 768 ) (1152 0 768 ) 
4 399 814 (1024 144 768 ) (1024 256 768 ) (1024 256 624 ) (1024 144 624 ) 
4 399 400 (1024 144 624 ) (1152 144 624 ) (1152 144 768 ) (1024 144 768 ) 
4 400 817 (1024 80 768 ) (1024 144 768 ) (1024 144 624 ) (1024 80 624 ) 
4 400 401 (1024 80 624 ) (1152 80 624 ) (1152 80 768 ) (1024 80 768 ) 
4 401 818 (1024 64 768 ) (1024 80 768 ) (1024 80 624 ) (1024 64 624 ) 
4 401 402 (1024 64 624 ) (1152 64 624 ) (1152 64 768 ) (1024 64 768 ) 
4 402 826 (1024 0 624 ) (1024 0 768 ) (1024 64 768 ) (1024 64 624 ) 
4 402 439 (1024 0 640 ) (1024 0 624 ) (1152 0 624 ) (1152 0 640 ) 
4 402 438 (1024 0 768 ) (1024 0 640 ) (1152 0 640 ) (1152 0 768 ) 
4 403 829 (1024 480 624 ) (1024 1024 624 ) (1024 1024 592 ) (1024 480 592 ) 
4 403 408 (1024 480 592 ) (1024 1024 592 ) (1056 1024 592 ) (1056 480 592 ) 
4 403 405 (1056 1024 592 ) (1216 1024 592 ) (1216 480 592 ) (1056 480 592 ) 
4 404 442 (1216 0 256 ) (1216 0 576 ) (1056 0 576 ) (1056 0 256 ) 
4 404 440 (1216 0 576 ) (1216 0 592 ) (1056 0 592 ) (1056 0 576 ) 
4 404 409 (1056 0 256 ) (1056 0 592 ) (1056 384.003082 592 ) (1056 384.003113 256 ) 
4 404 406 (1056 0 256 ) (1056 384.003082 256 ) (1216 272.002991 256 ) (1216 0 256 ) 
4 405 408 (1056 480 592 ) (1056 1024 592 ) (1056 1024 256 ) (1056 480 256 ) 
3 405 407 (1056 416 256 ) (1056 448 256 ) (1216 288 256 ) 
4 406 442 (1216 0 96 ) (1216 0 256 ) (1056 0 256 ) (1056 0 96 ) 
4 406 410 (1056 384.003113 96 ) (1056 0 96 ) (1056 0 256 ) (1056 384.003143 256 ) 
4 408 832 (1024 1024 432 ) (1024 1024 256 ) (1024 480 256 ) (1024 480 432 ) 
4 408 830 (1024 512 592 ) (1024 1024 592 ) (1024 1024 432 ) (1024 512 432 ) 
4 409 834 (1024 0 256 ) (1024 0 432 ) (1024 384 432 ) (1024 384 256 ) 
4 409 831 (1024 0 432 ) (1024 0 592 ) (1024 384 592 ) (1024 384 432 ) 
4 409 442 (1024 0 576 ) (1024 0 256 ) (1056 0 256 ) (1056 0 576 ) 
4 409 440 (1056 0 592 ) (1024 0 592 ) (1024 0 576 ) (1056 0 576 ) 
4 409 410 (1024 0 256 ) (1024 384 256 ) (1056 384 256 ) (1056 0 256 ) 
4 410 837 (1024 0 160 ) (1024 0 256 ) (1024 384 256 ) (1024 384 160 ) 
4 410 442 (1024 0 256 ) (1024 0 96 ) (1056 0 96 ) (1056 0 256 ) 
4 411 442 (2048 0 576 ) (2048 0 160 ) (2048 -64 160 ) (2048 -64 576 ) 
4 412 444 (2048 -896 1024 ) (2048 -896 2048 ) (2048 -416 2048 ) (2048 -416 1024 ) 
4 412 436 (2048 -416 2048 ) (2048 -64 2048 ) (2048 -64 1024 ) (2048 -416 1024 ) 
4 412 420 (2048 -896 2048 ) (2048 -896 1024 ) (3072 -896 1024 ) (3072 -896 2048 ) 
4 412 413 (3072 -896 1024 ) (2048 -896 1024 ) (2048 -64 1024 ) (3072 -64 1024 ) 
4 413 445 (2048 -896 768 ) (2048 -896 1024 ) (2048 -416 1024 ) (2048 -416 768 ) 
4 413 437 (2048 -416 1024 ) (2048 -64 1024 ) (2048 -64 768 ) (2048 -416 768 ) 
4 413 420 (2048 -896 1024 ) (2048 -896 768 ) (3072 -896 768 ) (3072 -896 1024 ) 
4 413 414 (3072 -896 768 ) (2048 -896 768 ) (2048 -64 768 ) (3072 -64 768 ) 
4 414 446 (2048 -896 640 ) (2048 -896 768 ) (2048 -416 768 ) (2048 -416 640 ) 
4 414 437 (2048 -416 768 ) (2048 -64 768 ) (2048 -64 640 ) (2048 -416 640 ) 
4 414 421 (2048 -896 768 ) (2048 -896 640 ) (3072 -896 640 ) (3072 -896 768 ) 
4 414 418 (2560 -896 640 ) (2048 -896 640 ) (2048 -448 640 ) (2560 -448 640 ) 
4 414 415 (3072 -896 640 ) (2560 -896 640 ) (2560 -64 640 ) (3072 -64 640 ) 
4 415 421 (3072 -896 576 ) (3072 -896 640 ) (2560 -896 640 ) (2560 -896 576 ) 
4 415 418 (2560 -896 576 ) (2560 -896 640 ) (2560 -448 640 ) (2560 -448 576 ) 
4 415 416 (3072 -896 576 ) (2560 -896 576 ) (2560 -448 576 ) (3072 -448 576 ) 
4 416 421 (3072 -896 512 ) (3072 -896 576 ) (2560 -896 576 ) (2560 -896 512 ) 
4 416 418 (2560 -896 96 ) (2560 -896 576 ) (2560 -448 576 ) (2560 -448 96 ) 
4 416 417 (3072 -896 96 ) (2560 -896 96 ) (2560 -448 96 ) (3072 -448 96 ) 
4 417 419 (2560 -896 -128 ) (2560 -896 96 ) (2560 -448 96 ) (2560 -448 -128 ) 
4 418 449 (2048 -896 96 ) (2048 -896 640 ) (2048 -448 640 ) (2048 -448 96 ) 
4 418 422 (2048 -896 512 ) (2048 -896 96 ) (2304 -896 96 ) (2304 -896 512 ) 
4 418 421 (2048 -896 640 ) (2048 -896 512 ) (2560 -896 512 ) (2560 -896 640 ) 
4 418 419 (2560 -448 96 ) (2560 -896 96 ) (2048 -896 96 ) (2048 -448 96 ) 
4 419 451 (2048 -448 -128 ) (2048 -896 -128 ) (2048 -896 -16 ) (2048 -448 -16 ) 
4 419 450 (2048 -896 -16 ) (2048 -896 96 ) (2048 -448 96 ) (2048 -448 -16 ) 
4 419 424 (2048 -896 72 ) (2048 -896 -128 ) (2304 -896 -128 ) (2304 -896 72 ) 
4 419 423 (2048 -896 96 ) (2048 -896 72 ) (2304 -896 72 ) (2304 -896 96 ) 
4 420 445 (2048 -912 768 ) (2048 -912 1024 ) (2048 -896 1024 ) (2048 -896 768 ) 
4 420 444 (2048 -912 1024 ) (2048 -912 2048 ) (2048 -896 2048 ) (2048 -896 1024 ) 
4 420 425 (3072 -912 768 ) (3072 -912 2048 ) (2048 -912 2048 ) (2048 -912 768 ) 
4 420 421 (3072 -912 768 ) (2048 -912 768 ) (2048 -896 768 ) (3072 -896 768 ) 
4 421 449 (2048 -912 512 ) (2048 -912 640 ) (2048 -896 640 ) (2048 -896 512 ) 
4 421 446 (2048 -912 640 ) (2048 -912 768 ) (2048 -896 768 ) (2048 -896 640 ) 
4 421 426 (3072 -912 512 ) (3072 -912 768 ) (2048 -912 768 ) (2048 -912 512 ) 
4 421 422 (2304 -912 512 ) (2048 -912 512 ) (2048 -896 512 ) (2304 -896 512 ) 
4 422 449 (2048 -912 96 ) (2048 -912 512 ) (2048 -896 512 ) (2048 -896 96 ) 
4 422 433 (2304 -912 512 ) (2048 -912 512 ) (2048 -912 96 ) (2304 -912 96 ) 
4 422 423 (2048 -896 96 ) (2304 -896 96 ) (2304 -912 96 ) (2048 -912 96 ) 
4 423 450 (2048 -912 72 ) (2048 -912 96 ) (2048 -896 96 ) (2048 -896 72 ) 
4 423 434 (2048 -912 96 ) (2048 -912 72 ) (2304 -912 72 ) (2304 -912 96 ) 
4 423 424 (2304 -912 72 ) (2048 -912 72 ) (2048 -896 72 ) (2304 -896 72 ) 
4 424 451 (2048 -896 -128 ) (2048 -912 -128 ) (2048 -912 -16 ) (2048 -896 -16 ) 
4 424 450 (2048 -912 -16 ) (2048 -912 72 ) (2048 -896 72 ) (2048 -896 -16 ) 
4 424 435 (2304 -912 72 ) (2048 -912 72 ) (2048 -912 -128 ) (2304 -912 -128 ) 
4 425 494 (2304 -1024 2048 ) (2048 -1024 2048 ) (2048 -1024 768 ) (2304 -1024 768 ) 
4 425 475 (2320 -1024 2048 ) (2304 -1024 2048 ) (2304 -1024 768 ) (2320 -1024 768 ) 
4 425 472 (2688 -1024 2048 ) (2320 -1024 2048 ) (2320 -1024 768 ) (2688 -1024 768 ) 
4 425 464 (2720 -1024 2048 ) (2688 -1024 2048 ) (2688 -1024 768 ) (2720 -1024 768 ) 
4 425 456 (3040 -1024 2048 ) (2720 -1024 2048 ) (2720 -1024 768 ) (3040 -1024 768 ) 
4 425 454 (3072 -1024 768 ) (3072 -1024 2048 ) (3040 -1024 2048 ) (3040 -1024 768 ) 
4 425 445 (2048 -1024 768 ) (2048 -1024 1024 ) (2048 -912 1024 ) (2048 -912 768 ) 
4 425 444 (2048 -1024 1024 ) (2048 -1024 2048 ) (2048 -912 2048 ) (2048 -912 1024 ) 
4 425 426 (3072 -1024 768 ) (2048 -1024 768 ) (2048 -912 768 ) (3072 -912 768 ) 
4 426 495 (2304 -1024 768 ) (2048 -1024 768 ) (2048 -1024 512 ) (2304 -1024 512 ) 
4 426 476 (2320 -1024 768 ) (2304 -1024 768 ) (2304 -1024 512 ) (2320 -1024 512 ) 
4 426 473 (2688 -1024 768 ) (2320 -1024 768 ) (2320 -1024 512 ) (2688 -1024 512 ) 
4 426 465 (2720 -1024 768 ) (2688 -1024 768 ) (2688 -1024 512 ) (2720 -1024 512 ) 
4 426 457 (3040 -1024 768 ) (2720 -1024 768 ) (2720 -1024 512 ) (3040 -1024 512 ) 
4 426 455 (3072 -1024 512 ) (3072 -1024 768 ) (3040 -1024 768 ) (3040 -1024 512 ) 
4 426 449 (2048 -1024 512 ) (2048 -1024 640 ) (2048 -912 640 ) (2048 -912 512 ) 
4 426 446 (2048 -1024 640 ) (2048 -1024 768 ) (2048 -912 768 ) (2048 -912 640 ) 
4 426 433 (2304 -1024 512 ) (2048 -1024 512 ) (2048 -912 512 ) (2304 -912 512 ) 
4 427 466 (2688 -1024 264 ) (2688 -1024 96 ) (2720 -1024 96 ) (2720 -1024 264 ) 
4 427 458 (2720 -1024 96 ) (3040 -1024 96 ) (3040 -1024 264 ) (2720 -1024 264 ) 
4 427 431 (2688 -1024 96 ) (2688 -1024 200 ) (2688 -912 200 ) (2688 -912 96 ) 
4 427 430 (2688 -1024 200 ) (2688 -1024 264 ) (2688 -912 264 ) (2688 -912 200 ) 
4 427 428 (2688 -1024 96 ) (2688 -912 96 ) (3040 -912 96 ) (3040 -1024 96 ) 
4 428 467 (2688 -1024 96 ) (2688 -1024 72 ) (2720 -1024 72 ) (2720 -1024 96 ) 
4 428 459 (2720 -1024 72 ) (3040 -1024 72 ) (3040 -1024 96 ) (2720 -1024 96 ) 
4 428 432 (2688 -912 72 ) (2688 -1024 72 ) (2688 -1024 96 ) (2688 -912 96 ) 
4 429 486 (2320 -1024 304 ) (2320 -1024 288 ) (2336 -1024 288 ) (2336 -1024 304 ) 
4 429 483 (2336 -1024 288 ) (2688 -1024 288 ) (2688 -1024 304 ) (2336 -1024 304 ) 
4 429 474 (2320 -1024 464 ) (2320 -1024 304 ) (2688 -1024 304 ) (2688 -1024 464 ) 
4 430 484 (2336 -1024 200 ) (2688 -1024 200 ) (2688 -1024 264 ) (2336 -1024 264 ) 
4 430 431 (2336 -912 200 ) (2688 -912 200 ) (2688 -1024 200 ) (2336 -1024 200 ) 
4 431 484 (2688 -1024 96 ) (2688 -1024 200 ) (2336 -1024 200 ) (2336 -1024 96 ) 
4 431 432 (2336 -1024 96 ) (2336 -912 96 ) (2688 -912 96 ) (2688 -1024 96 ) 
4 432 485 (2336 -1024 72 ) (2688 -1024 72 ) (2688 -1024 96 ) (2336 -1024 96 ) 
4 433 495 (2304 -1024 512 ) (2048 -1024 512 ) (2048 -1024 96 ) (2304 -1024 96 ) 
4 433 449 (2048 -1024 96 ) (2048 -1024 512 ) (2048 -912 512 ) (2048 -912 96 ) 
4 433 434 (2048 -912 96 ) (2304 -912 96 ) (2304 -1024 96 ) (2048 -1024 96 ) 
4 434 496 (2048 -1024 96 ) (2048 -1024 72 ) (2304 -1024 72 ) (2304 -1024 96 ) 
4 434 450 (2048 -1024 72 ) (2048 -1024 96 ) (2048 -912 96 ) (2048 -912 72 ) 
4 434 435 (2048 -1024 72 ) (2048 -912 72 ) (2304 -912 72 ) (2304 -1024 72 ) 
4 435 496 (2304 -1024 72 ) (2048 -1024 72 ) (2048 -1024 -128 ) (2304 -1024 -128 ) 
4 435 451 (2048 -1024 -128 ) (2048 -1024 -16 ) (2048 -912 -16 ) (2048 -912 -128 ) 
4 435 450 (2048 -1024 -16 ) (2048 -1024 72 ) (2048 -912 72 ) (2048 -912 -16 ) 
4 436 444 (1280 -416 1024 ) (2048 -416 1024 ) (2048 -416 2048 ) (1280 -416 2048 ) 
4 436 437 (2048 -416 1024 ) (1280 -416 1024 ) (1280 -64 1024 ) (2048 -64 1024 ) 
4 437 446 (1280 -416 640 ) (2048 -416 640 ) (2048 -416 768 ) (1280 -416 768 ) 
4 437 445 (2048 -416 768 ) (2048 -416 1024 ) (1280 -416 1024 ) (1280 -416 768 ) 
4 438 1240 (1024 0 992 ) (1024 0 640 ) (1024 -384 640 ) (1024 -384 992 ) 
4 438 441 (1024 -256 640 ) (1024 -32 640 ) (1216 -32 640 ) (1216 -256 640 ) 
4 438 439 (1024 -32 640 ) (1024 0 640 ) (1216 0 640 ) (1216 -32 640 ) 
4 439 1242 (1024 0 640 ) (1024 0 624 ) (1024 -32 624 ) (1024 -32 640 ) 
4 439 441 (1216 -32 624 ) (1216 -32 640 ) (1024 -32 640 ) (1024 -32 624 ) 
4 440 1243 (1024 0 592 ) (1024 0 576 ) (1024 -32 576 ) (1024 -32 592 ) 
4 440 442 (1024 -32 576 ) (1024 0 576 ) (1216 0 576 ) (1216 -32 576 ) 
4 441 1244 (1024 -256 624 ) (1024 -256 640 ) (1024 -32 640 ) (1024 -32 624 ) 
4 442 1245 (1024 0 576 ) (1024 0 96 ) (1024 -32 96 ) (1024 -32 576 ) 
4 442 443 (1888 -64 576 ) (1040 -64 576 ) (1040 -64 96 ) (1888 -64 96 ) 
4 443 447 (1248 -416 96 ) (1824 -416 96 ) (1824 -416 352 ) (1248 -416 352 ) 
4 444 1238 (1024 -1024 1024 ) (1024 -1024 2048 ) (1024 -576 2048 ) (1024 -576 1024 ) 
4 444 1234 (1024 -576 2048 ) (1024 -416 2048 ) (1024 -416 1024 ) (1024 -576 1024 ) 
4 444 537 (2048 -1024 1024 ) (2048 -1024 2048 ) (1024 -1024 2048 ) (1024 -1024 1024 ) 
4 444 445 (1024 -416 1024 ) (2048 -416 1024 ) (2048 -1024 1024 ) (1024 -1024 1024 ) 
4 445 1246 (1024 -1024 768 ) (1024 -1024 1024 ) (1024 -416 1024 ) (1024 -416 768 ) 
4 445 537 (2048 -1024 768 ) (2048 -1024 1024 ) (1024 -1024 1024 ) (1024 -1024 768 ) 
4 445 446 (2048 -1024 768 ) (1024 -1024 768 ) (1024 -416 768 ) (2048 -416 768 ) 
4 446 1247 (1024 -1024 640 ) (1024 -1024 768 ) (1024 -416 768 ) (1024 -416 640 ) 
4 446 538 (2048 -1024 640 ) (2048 -1024 768 ) (1024 -1024 768 ) (1024 -1024 640 ) 
4 446 449 (2048 -448 640 ) (2048 -1024 640 ) (1024 -1024 640 ) (1024 -448 640 ) 
4 447 448 (1248 -432 96 ) (1824 -432 96 ) (1824 -432 352 ) (1248 -432 352 ) 
4 448 449 (1248 -448 352 ) (1248 -448 96 ) (1824 -448 96 ) (1824 -448 352 ) 
4 449 1248 (1024 -1024 96 ) (1024 -1024 640 ) (1024 -448 640 ) (1024 -448 96 ) 
4 449 538 (2048 -1024 96 ) (2048 -1024 640 ) (1024 -1024 640 ) (1024 -1024 96 ) 
4 449 450 (1024 -448 96 ) (2048 -448 96 ) (2048 -1024 96 ) (1024 -1024 96 ) 
4 450 1249 (1024 -1024 -16 ) (1024 -1024 96 ) (1024 -448 96 ) (1024 -448 -16 ) 
4 450 540 (2048 -1024 -16 ) (2048 -1024 72 ) (1952 -1024 72 ) (1952 -1024 -16 ) 
4 450 539 (2048 -1024 72 ) (2048 -1024 96 ) (1952 -1024 96 ) (1952 -1024 72 ) 
4 450 541 (1952 -1024 96 ) (1024 -1024 96 ) (1024 -1024 -16 ) (1952 -1024 -16 ) 
4 450 453 (1888 -1024 -16 ) (1024 -1024 -16 ) (1024 -512 -16 ) (1888 -512 -16 ) 
4 450 452 (1024 -512 -16 ) (1024 -448 -16 ) (1888 -448 -16 ) (1888 -512 -16 ) 
4 450 451 (2048 -448 -16 ) (2048 -1024 -16 ) (1888 -1024 -16 ) (1888 -448 -16 ) 
4 451 543 (1952 -1024 -16 ) (1888 -1024 -16 ) (1888 -1024 -128 ) (1952 -1024 -128 ) 
4 451 542 (2048 -1024 -128 ) (2048 -1024 -16 ) (1952 -1024 -16 ) (1952 -1024 -128 ) 
4 451 453 (1888 -512 -128 ) (1888 -1024 -128 ) (1888 -1024 -16 ) (1888 -512 -16 ) 
4 451 452 (1888 -448 -16 ) (1888 -448 -128 ) (1888 -512 -128 ) (1888 -512 -16 ) 
4 452 1295 (1024 -512 -16 ) (1024 -448 -16 ) (1024 -448 -128 ) (1024 -512 -128 ) 
4 452 453 (1024 -512 -128 ) (1888 -512 -128 ) (1888 -512 -16 ) (1024 -512 -16 ) 
4 453 1296 (1024 -1024 -128 ) (1024 -1024 -16 ) (1024 -512 -16 ) (1024 -512 -128 ) 
4 453 544 (1888 -1024 -16 ) (1024 -1024 -16 ) (1024 -1024 -128 ) (1888 -1024 -128 ) 
4 454 497 (3072 -1632 768 ) (3072 -1632 2048 ) (3040 -1632 2048 ) (3040 -1632 768 ) 
4 454 456 (3040 -1632 768 ) (3040 -1632 2048 ) (3040 -1024 2048 ) (3040 -1024 768 ) 
4 454 455 (3072 -1632 768 ) (3040 -1632 768 ) (3040 -1024 768 ) (3072 -1024 768 ) 
4 455 498 (3072 -1632 512 ) (3072 -1632 768 ) (3040 -1632 768 ) (3040 -1632 512 ) 
4 455 457 (3040 -1632 512 ) (3040 -1632 768 ) (3040 -1024 768 ) (3040 -1024 512 ) 
4 456 497 (2720 -1632 2048 ) (2720 -1632 768 ) (3040 -1632 768 ) (3040 -1632 2048 ) 
4 456 464 (2720 -1024 2048 ) (2720 -1024 768 ) (2720 -1632 768 ) (2720 -1632 2048 ) 
4 456 457 (2720 -1632 768 ) (2720 -1024 768 ) (3040 -1024 768 ) (3040 -1632 768 ) 
4 457 498 (2720 -1632 768 ) (2720 -1632 512 ) (3040 -1632 512 ) (3040 -1632 768 ) 
4 457 465 (2720 -1024 768 ) (2720 -1024 512 ) (2720 -1632 512 ) (2720 -1632 768 ) 
4 458 466 (2720 -1024 264 ) (2720 -1024 96 ) (2720 -1360 96 ) (2720 -1360 264 ) 
4 458 462 (2912 -1360 160 ) (2720 -1360 160 ) (2720 -1360 96 ) (2912 -1360 96 ) 
4 458 460 (3040 -1360 160 ) (3040 -1360 264 ) (2720 -1360 264 ) (2720 -1360 160 ) 
4 458 459 (3040 -1360 96 ) (2720 -1360 96 ) (2720 -1024 96 ) (3040 -1024 96 ) 
4 459 467 (2720 -1024 96 ) (2720 -1024 72 ) (2720 -1360 72 ) (2720 -1360 96 ) 
4 459 463 (2912 -1360 96 ) (2720 -1360 96 ) (2720 -1360 72 ) (2912 -1360 72 ) 
4 460 468 (2720 -1360 264 ) (2720 -1360 160 ) (2720 -1504 160 ) (2720 -1504 264 ) 
4 460 462 (2720 -1504 160 ) (2720 -1360 160 ) (2912 -1360 160 ) (2912 -1504 160 ) 
5 460 461 (2912 -1504 160 ) (3040 -1504 160 ) (3040 -1504 464 ) (2720 -1504 464 ) (2720 -1504 288 ) 
4 461 500 (2920 -1632 160 ) (3032 -1632 160 ) (3032 -1632 264 ) (2920 -1632 264 ) 
4 461 470 (2720 -1632 288 ) (2720 -1632 416 ) (2720 -1504 416 ) (2720 -1504 288 ) 
4 462 468 (2720 -1504 160 ) (2720 -1360 160 ) (2720 -1360 96 ) (2720 -1504 96 ) 
4 462 463 (2720 -1504 96 ) (2720 -1360 96 ) (2912 -1360 96 ) (2912 -1504 96 ) 
4 463 469 (2720 -1360 72 ) (2720 -1504 72 ) (2720 -1504 96 ) (2720 -1360 96 ) 
4 464 497 (2688 -1632 2048 ) (2688 -1632 768 ) (2720 -1632 768 ) (2720 -1632 2048 ) 
4 464 472 (2688 -1024 2048 ) (2688 -1024 768 ) (2688 -1632 768 ) (2688 -1632 2048 ) 
4 464 465 (2688 -1632 768 ) (2688 -1024 768 ) (2720 -1024 768 ) (2720 -1632 768 ) 
4 465 498 (2688 -1632 768 ) (2688 -1632 512 ) (2720 -1632 512 ) (2720 -1632 768 ) 
4 465 473 (2688 -1024 768 ) (2688 -1024 512 ) (2688 -1632 512 ) (2688 -1632 768 ) 
4 466 484 (2688 -1024 264 ) (2688 -1024 96 ) (2688 -1360 96 ) (2688 -1360 264 ) 
4 466 468 (2720 -1360 96 ) (2720 -1360 264 ) (2688 -1360 264 ) (2688 -1360 96 ) 
4 466 467 (2720 -1360 96 ) (2688 -1360 96 ) (2688 -1024 96 ) (2720 -1024 96 ) 
4 467 485 (2688 -1024 96 ) (2688 -1024 72 ) (2688 -1360 72 ) (2688 -1360 96 ) 
4 467 469 (2688 -1360 72 ) (2720 -1360 72 ) (2720 -1360 96 ) (2688 -1360 96 ) 
4 468 484 (2688 -1504 96 ) (2688 -1504 264 ) (2688 -1360 264 ) (2688 -1360 96 ) 
4 468 469 (2720 -1504 96 ) (2688 -1504 96 ) (2688 -1360 96 ) (2720 -1360 96 ) 
4 469 485 (2688 -1360 72 ) (2688 -1504 72 ) (2688 -1504 96 ) (2688 -1360 96 ) 
4 470 471 (2704 -1504 288 ) (2704 -1632 288 ) (2704 -1632 416 ) (2704 -1504 416 ) 
4 471 483 (2688 -1632 288 ) (2688 -1632 304 ) (2688 -1504 304 ) (2688 -1504 288 ) 
4 471 474 (2688 -1632 304 ) (2688 -1632 416 ) (2688 -1504 416 ) (2688 -1504 304 ) 
4 472 497 (2688 -1632 768 ) (2688 -1632 2048 ) (2320 -1632 2048 ) (2320 -1632 768 ) 
4 472 475 (2320 -1024 2048 ) (2320 -1024 768 ) (2320 -1632 768 ) (2320 -1632 2048 ) 
4 472 473 (2320 -1632 768 ) (2320 -1024 768 ) (2688 -1024 768 ) (2688 -1632 768 ) 
4 473 498 (2688 -1632 512 ) (2688 -1632 768 ) (2320 -1632 768 ) (2320 -1632 512 ) 
4 473 476 (2320 -1024 768 ) (2320 -1024 512 ) (2320 -1632 512 ) (2320 -1632 768 ) 
4 474 493 (2336 -1488 304 ) (2336 -1632 304 ) (2320 -1632 304 ) (2320 -1488 304 ) 
4 474 486 (2320 -1024 304 ) (2336 -1024 304 ) (2336 -1488 304 ) (2320 -1488 304 ) 
4 474 483 (2336 -1024 304 ) (2688 -1024 304 ) (2688 -1632 304 ) (2336 -1632 304 ) 
4 474 481 (2320 -1392 304 ) (2320 -1488 304 ) (2320 -1488 432 ) (2320 -1392 432 ) 
4 474 479 (2320 -1232 304 ) (2320 -1328 304 ) (2320 -1328 432 ) (2320 -1232 432 ) 
4 474 477 (2320 -1072 304 ) (2320 -1168 304 ) (2320 -1168 432 ) (2320 -1072 432 ) 
4 475 497 (2304 -1632 2048 ) (2304 -1632 768 ) (2320 -1632 768 ) (2320 -1632 2048 ) 
4 475 494 (2304 -1632 768 ) (2304 -1632 2048 ) (2304 -1024 2048 ) (2304 -1024 768 ) 
4 475 476 (2304 -1632 768 ) (2304 -1024 768 ) (2320 -1024 768 ) (2320 -1632 768 ) 
4 476 498 (2304 -1632 768 ) (2304 -1632 512 ) (2320 -1632 512 ) (2320 -1632 768 ) 
4 476 495 (2304 -1632 512 ) (2304 -1632 768 ) (2304 -1024 768 ) (2304 -1024 512 ) 
4 477 478 (2312 -1072 432 ) (2312 -1072 304 ) (2312 -1168 304 ) (2312 -1168 432 ) 
4 478 495 (2304 -1168 432 ) (2304 -1072 432 ) (2304 -1072 304 ) (2304 -1168 304 ) 
4 479 480 (2312 -1232 432 ) (2312 -1232 304 ) (2312 -1328 304 ) (2312 -1328 432 ) 
4 480 495 (2304 -1328 432 ) (2304 -1232 432 ) (2304 -1232 304 ) (2304 -1328 304 ) 
4 481 482 (2312 -1392 432 ) (2312 -1392 304 ) (2312 -1488 304 ) (2312 -1488 432 ) 
4 482 495 (2304 -1488 432 ) (2304 -1392 432 ) (2304 -1392 304 ) (2304 -1488 304 ) 
4 483 493 (2336 -1632 288 ) (2336 -1632 304 ) (2336 -1488 304 ) (2336 -1488 288 ) 
4 483 486 (2336 -1488 304 ) (2336 -1024 304 ) (2336 -1024 288 ) (2336 -1488 288 ) 
4 484 503 (2608 -1632 128 ) (2496 -1632 128 ) (2496 -1632 96 ) (2608 -1632 96 ) 
4 484 501 (2496 -1632 200 ) (2496 -1632 128 ) (2608 -1632 128 ) (2608 -1632 200 ) 
4 484 487 (2336 -1176 96 ) (2336 -1368 96 ) (2336 -1368 200 ) (2336 -1176 200 ) 
4 484 485 (2336 -1632 96 ) (2336 -1024 96 ) (2688 -1024 96 ) (2688 -1632 96 ) 
4 485 490 (2336 -1176 72 ) (2336 -1368 72 ) (2336 -1368 96 ) (2336 -1176 96 ) 
4 486 493 (2336 -1488 288 ) (2336 -1488 304 ) (2320 -1488 304 ) (2320 -1488 288 ) 
4 487 490 (2336 -1368 96 ) (2328 -1368 96 ) (2328 -1176 96 ) (2336 -1176 96 ) 
4 487 488 (2328 -1176 200 ) (2328 -1176 96 ) (2328 -1368 96 ) (2328 -1368 200 ) 
4 488 491 (2328 -1368 96 ) (2312 -1368 96 ) (2312 -1176 96 ) (2328 -1176 96 ) 
4 488 489 (2312 -1176 200 ) (2312 -1176 96 ) (2312 -1368 96 ) (2312 -1368 200 ) 
4 489 495 (2304 -1176 96 ) (2304 -1368 96 ) (2304 -1368 200 ) (2304 -1176 200 ) 
4 489 492 (2312 -1368 96 ) (2304 -1368 96 ) (2304 -1176 96 ) (2312 -1176 96 ) 
4 490 491 (2328 -1176 96 ) (2328 -1176 72 ) (2328 -1368 72 ) (2328 -1368 96 ) 
4 491 492 (2312 -1176 96 ) (2312 -1176 72 ) (2312 -1368 72 ) (2312 -1368 96 ) 
4 492 496 (2304 -1176 72 ) (2304 -1368 72 ) (2304 -1368 96 ) (2304 -1176 96 ) 
4 494 537 (2048 -1632 768 ) (2048 -1632 2048 ) (2048 -1024 2048 ) (2048 -1024 768 ) 
4 494 497 (2304 -1632 768 ) (2304 -1632 2048 ) (2048 -1632 2048 ) (2048 -1632 768 ) 
4 494 495 (2048 -1024 768 ) (2304 -1024 768 ) (2304 -1632 768 ) (2048 -1632 768 ) 
4 495 538 (2048 -1632 96 ) (2048 -1632 768 ) (2048 -1024 768 ) (2048 -1024 96 ) 
4 495 504 (2304 -1632 96 ) (2304 -1632 128 ) (2048 -1632 128 ) (2048 -1632 96 ) 
4 495 502 (2304 -1632 128 ) (2304 -1632 464 ) (2048 -1632 464 ) (2048 -1632 128 ) 
4 495 499 (2304 -1632 464 ) (2304 -1632 512 ) (2048 -1632 512 ) (2048 -1632 464 ) 
4 495 498 (2304 -1632 512 ) (2304 -1632 768 ) (2048 -1632 768 ) (2048 -1632 512 ) 
4 495 496 (2048 -1024 96 ) (2304 -1024 96 ) (2304 -1632 96 ) (2048 -1632 96 ) 
4 496 542 (2048 -1632 -128 ) (2048 -1632 -16 ) (2048 -1024 -16 ) (2048 -1024 -128 ) 
4 496 540 (2048 -1632 -16 ) (2048 -1632 72 ) (2048 -1024 72 ) (2048 -1024 -16 ) 
4 496 539 (2048 -1632 72 ) (2048 -1632 96 ) (2048 -1024 96 ) (2048 -1024 72 ) 
4 496 534 (2304 -1632 -128 ) (2304 -1632 72 ) (2048 -1632 72 ) (2048 -1632 -128 ) 
4 496 532 (2080 -1632 96 ) (2048 -1632 96 ) (2048 -1632 72 ) (2080 -1632 72 ) 
4 496 531 (2256 -1632 96 ) (2080 -1632 96 ) (2080 -1632 72 ) (2256 -1632 72 ) 
4 496 530 (2304 -1632 72 ) (2304 -1632 96 ) (2256 -1632 96 ) (2256 -1632 72 ) 
4 497 537 (2048 -1632 2048 ) (2048 -1632 768 ) (2048 -1648 768 ) (2048 -1648 2048 ) 
4 497 505 (2048 -1648 2048 ) (2048 -1648 768 ) (3072 -1648 768 ) (3072 -1648 2048 ) 
4 497 498 (3072 -1648 768 ) (2048 -1648 768 ) (2048 -1632 768 ) (3072 -1632 768 ) 
4 498 538 (2048 -1632 768 ) (2048 -1632 512 ) (2048 -1648 512 ) (2048 -1648 768 ) 
4 498 506 (2048 -1648 768 ) (2048 -1648 512 ) (3072 -1648 512 ) (3072 -1648 768 ) 
4 498 499 (2304 -1648 512 ) (2048 -1648 512 ) (2048 -1632 512 ) (2304 -1632 512 ) 
4 499 538 (2048 -1632 512 ) (2048 -1632 464 ) (2048 -1648 464 ) (2048 -1648 512 ) 
4 499 513 (2048 -1648 480 ) (2048 -1648 464 ) (2304 -1648 464 ) (2304 -1648 480 ) 
4 499 507 (2048 -1648 512 ) (2048 -1648 480 ) (2304 -1648 480 ) (2304 -1648 512 ) 
4 499 502 (2304 -1648 464 ) (2048 -1648 464 ) (2048 -1632 464 ) (2304 -1632 464 ) 
4 500 510 (2920 -1648 264 ) (2920 -1648 160 ) (2928 -1648 160 ) (2928 -1648 264 ) 
4 500 509 (2928 -1648 160 ) (3032 -1648 160 ) (3032 -1648 264 ) (2928 -1648 264 ) 
4 501 512 (2496 -1648 128 ) (2608 -1648 128 ) (2608 -1648 160 ) (2496 -1648 160 ) 
4 501 511 (2608 -1648 160 ) (2608 -1648 200 ) (2496 -1648 200 ) (2496 -1648 160 ) 
4 501 503 (2608 -1648 128 ) (2496 -1648 128 ) (2496 -1632 128 ) (2608 -1632 128 ) 
4 502 538 (2048 -1632 464 ) (2048 -1632 128 ) (2048 -1648 128 ) (2048 -1648 464 ) 
4 502 513 (2048 -1648 464 ) (2048 -1648 128 ) (2304 -1648 128 ) (2304 -1648 464 ) 
4 502 504 (2304 -1648 128 ) (2048 -1648 128 ) (2048 -1632 128 ) (2304 -1632 128 ) 
4 503 512 (2496 -1648 96 ) (2608 -1648 96 ) (2608 -1648 128 ) (2496 -1648 128 ) 
4 504 538 (2048 -1632 128 ) (2048 -1632 96 ) (2048 -1648 96 ) (2048 -1648 128 ) 
4 504 532 (2048 -1648 96 ) (2048 -1632 96 ) (2080 -1632 96 ) (2080 -1648 96 ) 
4 504 531 (2080 -1632 96 ) (2256 -1632 96 ) (2256 -1648 96 ) (2080 -1648 96 ) 
4 504 530 (2256 -1632 96 ) (2304 -1632 96 ) (2304 -1648 96 ) (2256 -1648 96 ) 
4 504 513 (2048 -1648 128 ) (2048 -1648 96 ) (2304 -1648 96 ) (2304 -1648 128 ) 
4 505 537 (2048 -1648 2048 ) (2048 -1648 768 ) (2048 -1808 768 ) (2048 -1808 2048 ) 
4 505 515 (3072 -1808 768 ) (3072 -1808 2048 ) (2048 -1808 2048 ) (2048 -1808 768 ) 
4 505 506 (3072 -1808 768 ) (2048 -1808 768 ) (2048 -1648 768 ) (3072 -1648 768 ) 
4 506 538 (2048 -1648 768 ) (2048 -1648 512 ) (2048 -1808 512 ) (2048 -1808 768 ) 
4 506 516 (3072 -1808 512 ) (3072 -1808 768 ) (2048 -1808 768 ) (2048 -1808 512 ) 
4 506 507 (2048 -1792 512 ) (2048 -1648 512 ) (2304 -1648 512 ) (2304 -1792 512 ) 
4 507 538 (2048 -1648 512 ) (2048 -1648 480 ) (2048 -1792 480 ) (2048 -1792 512 ) 
4 507 513 (2048 -1792 480 ) (2048 -1648 480 ) (2304 -1648 480 ) (2304 -1792 480 ) 
4 508 526 (3072 -1792 96 ) (3072 -1808 96 ) (3040 -1808 96 ) (3040 -1792 96 ) 
4 508 517 (3040 -1808 96 ) (3072 -1808 96 ) (3072 -1808 128 ) (3040 -1808 128 ) 
4 509 510 (2928 -1648 160 ) (2928 -1808 160 ) (2928 -1808 336 ) (2928 -1648 336 ) 
4 510 511 (2912 -1648 160 ) (2912 -1808 160 ) (2912 -1808 336 ) (2912 -1648 336 ) 
4 511 518 (2336 -1808 224 ) (2336 -1808 160 ) (2528 -1808 160 ) (2528 -1808 224 ) 
4 511 512 (2336 -1808 160 ) (2336 -1648 160 ) (2912 -1648 160 ) (2912 -1808 160 ) 
4 512 518 (2336 -1808 96 ) (2528 -1808 96 ) (2528 -1808 160 ) (2336 -1808 160 ) 
4 513 538 (2048 -1648 480 ) (2048 -1648 96 ) (2048 -1792 96 ) (2048 -1792 480 ) 
4 513 532 (2048 -1664 96 ) (2048 -1648 96 ) (2080 -1648 96 ) (2080 -1664 96 ) 
4 513 531 (2080 -1648 96 ) (2256 -1648 96 ) (2256 -1712 96 ) (2080 -1712 96 ) 
4 513 530 (2256 -1648 96 ) (2304 -1648 96 ) (2304 -1664 96 ) (2256 -1664 96 ) 
4 513 514 (2080 -1792 96 ) (2272 -1792 96 ) (2272 -1792 200 ) (2080 -1792 200 ) 
4 514 519 (2080 -1808 96 ) (2272 -1808 96 ) (2272 -1808 200 ) (2080 -1808 200 ) 
4 515 537 (2048 -1808 2048 ) (2048 -1808 768 ) (2048 -1824 768 ) (2048 -1824 2048 ) 
4 515 520 (2048 -1824 2048 ) (2048 -1824 768 ) (3072 -1824 768 ) (3072 -1824 2048 ) 
4 515 516 (3072 -1824 768 ) (2048 -1824 768 ) (2048 -1808 768 ) (3072 -1808 768 ) 
4 516 538 (2048 -1808 768 ) (2048 -1808 512 ) (2048 -1824 512 ) (2048 -1824 768 ) 
4 516 521 (2048 -1824 768 ) (2048 -1824 512 ) (3072 -1824 512 ) (3072 -1824 768 ) 
4 517 526 (3040 -1808 96 ) (3072 -1808 96 ) (3072 -1824 96 ) (3040 -1824 96 ) 
4 517 522 (3040 -1824 96 ) (3072 -1824 96 ) (3072 -1824 480 ) (3040 -1824 480 ) 
4 518 525 (2336 -1824 96 ) (2528 -1824 96 ) (2528 -1824 224 ) (2336 -1824 224 ) 
4 519 525 (2080 -1824 96 ) (2272 -1824 96 ) (2272 -1824 200 ) (2080 -1824 200 ) 
4 520 547 (3072 -2048 768 ) (3072 -2048 2048 ) (2048 -2048 2048 ) (2048 -2048 768 ) 
4 520 537 (2048 -2048 768 ) (2048 -2048 2048 ) (2048 -1824 2048 ) (2048 -1824 768 ) 
4 520 521 (3072 -2048 768 ) (2048 -2048 768 ) (2048 -1824 768 ) (3072 -1824 768 ) 
4 521 548 (3072 -2048 512 ) (3072 -2048 768 ) (2048 -2048 768 ) (2048 -2048 512 ) 
4 521 538 (2048 -2048 512 ) (2048 -2048 768 ) (2048 -1824 768 ) (2048 -1824 512 ) 
4 522 554 (3072 -2048 96 ) (3072 -2048 352 ) (2560 -2048 352 ) (2560 -2048 96 ) 
4 522 550 (2624 -2048 480 ) (2560 -2048 480 ) (2560 -2048 352 ) (2624 -2048 352 ) 
4 522 549 (3072 -2048 352 ) (3072 -2048 480 ) (2624 -2048 480 ) (2624 -2048 352 ) 
4 522 528 (2560 -1824 96 ) (2816 -1824 96 ) (2816 -2048 96 ) (2560 -2048 96 ) 
4 522 527 (2816 -1824 96 ) (3040 -1824 96 ) (3040 -2048 96 ) (2816 -2048 96 ) 
4 522 526 (3040 -1824 96 ) (3072 -1824 96 ) (3072 -2048 96 ) (3040 -2048 96 ) 
4 522 523 (2560 -2048 480 ) (2560 -1824 480 ) (2560 -1824 352 ) (2560 -2048 352 ) 
4 523 550 (2560 -2048 480 ) (2544 -2048 480 ) (2544 -2048 352 ) (2560 -2048 352 ) 
4 523 524 (2544 -2048 480 ) (2544 -1824 480 ) (2544 -1824 352 ) (2544 -2048 352 ) 
4 524 550 (2544 -2048 480 ) (2240 -2048 480 ) (2240 -2048 352 ) (2544 -2048 352 ) 
4 524 553 (2240 -2048 480 ) (2080 -2048 480 ) (2080 -2048 352 ) (2240 -2048 352 ) 
4 525 565 (2080 -2048 336 ) (2080 -2048 96 ) (2208 -2048 96 ) (2208 -2048 336 ) 
4 525 555 (2208 -2048 96 ) (2544 -2048 96 ) (2544 -2048 336 ) (2208 -2048 336 ) 
4 526 571 (3072 -2048 72 ) (3072 -2048 96 ) (3040 -2048 96 ) (3040 -2048 72 ) 
4 526 535 (3072 -2048 72 ) (3040 -2048 72 ) (3040 -1792 72 ) (3072 -1792 72 ) 
4 526 527 (3040 -1808 72 ) (3040 -2048 72 ) (3040 -2048 96 ) (3040 -1808 96 ) 
4 527 571 (3040 -2048 96 ) (2816 -2048 96 ) (2816 -2048 72 ) (3040 -2048 72 ) 
4 527 535 (3040 -2048 72 ) (2816 -2048 72 ) (2816 -1808 72 ) (3040 -1808 72 ) 
4 527 528 (2816 -1824 72 ) (2816 -2048 72 ) (2816 -2048 96 ) (2816 -1824 96 ) 
4 528 571 (2816 -2048 96 ) (2544 -2048 96 ) (2544 -2048 72 ) (2816 -2048 72 ) 
4 528 535 (2816 -2048 72 ) (2544 -2048 72 ) (2544 -1824 72 ) (2816 -1824 72 ) 
4 528 529 (2544 -1824 80 ) (2544 -1824 72 ) (2544 -2048 72 ) (2544 -2048 80 ) 
4 529 572 (2336 -2048 80 ) (2336 -2048 72 ) (2544 -2048 72 ) (2544 -2048 80 ) 
4 529 535 (2544 -2048 72 ) (2336 -2048 72 ) (2336 -1824 72 ) (2544 -1824 72 ) 
4 529 533 (2336 -1824 72 ) (2336 -2048 72 ) (2336 -2048 80 ) (2336 -1824 80 ) 
4 530 534 (2256 -1632 72 ) (2304 -1632 72 ) (2304 -1664 72 ) (2256 -1664 72 ) 
4 530 531 (2256 -1632 72 ) (2256 -1664 72 ) (2256 -1664 96 ) (2256 -1632 96 ) 
4 531 534 (2080 -1632 72 ) (2256 -1632 72 ) (2256 -1664 72 ) (2080 -1664 72 ) 
4 531 532 (2080 -1632 72 ) (2080 -1664 72 ) (2080 -1664 96 ) (2080 -1632 96 ) 
4 532 539 (2048 -1664 96 ) (2048 -1632 96 ) (2048 -1632 72 ) (2048 -1664 72 ) 
4 532 534 (2048 -1664 72 ) (2048 -1632 72 ) (2080 -1632 72 ) (2080 -1664 72 ) 
4 533 572 (2048 -2048 80 ) (2048 -2048 72 ) (2336 -2048 72 ) (2336 -2048 80 ) 
4 533 536 (2336 -2048 72 ) (2048 -2048 72 ) (2048 -1824 72 ) (2336 -1824 72 ) 
4 534 542 (2048 -1632 -16 ) (2048 -1632 -128 ) (2048 -1664 -128 ) (2048 -1664 -16 ) 
4 534 540 (2048 -1664 72 ) (2048 -1632 72 ) (2048 -1632 -16 ) (2048 -1664 -16 ) 
4 535 572 (2544 -2048 72 ) (2336 -2048 72 ) (2336 -2048 -128 ) (2544 -2048 -128 ) 
4 535 571 (3072 -2048 -128 ) (3072 -2048 72 ) (2544 -2048 72 ) (2544 -2048 -128 ) 
4 535 536 (2336 -1824 -128 ) (2336 -2048 -128 ) (2336 -2048 72 ) (2336 -1824 72 ) 
4 536 572 (2336 -2048 72 ) (2048 -2048 72 ) (2048 -2048 -128 ) (2336 -2048 -128 ) 
4 537 1371 (1024 -2048 768 ) (1024 -2048 1024 ) (1024 -1024 1024 ) (1024 -1024 768 ) 
4 537 1368 (1024 -2048 1024 ) (1024 -2048 2048 ) (1024 -1024 2048 ) (1024 -1024 1024 ) 
4 537 582 (1024 -2048 2048 ) (1024 -2048 768 ) (2048 -2048 768 ) (2048 -2048 2048 ) 
4 537 538 (1024 -1024 768 ) (2048 -1024 768 ) (2048 -2048 768 ) (1024 -2048 768 ) 
4 538 1414 (1024 -2048 96 ) (1024 -2048 416 ) (1024 -1824 416 ) (1024 -1824 96 ) 
4 538 1408 (1024 -1824 416 ) (1024 -1792 416 ) (1024 -1792 96 ) (1024 -1824 96 ) 
4 538 1404 (1024 -1792 416 ) (1024 -1600 416 ) (1024 -1600 96 ) (1024 -1792 96 ) 
4 538 1398 (1024 -1600 416 ) (1024 -1376 416 ) (1024 -1376 96 ) (1024 -1600 96 ) 
4 538 1387 (1024 -1376 416 ) (1024 -1024 416 ) (1024 -1024 96 ) (1024 -1376 96 ) 
4 538 1373 (1024 -2048 416 ) (1024 -2048 768 ) (1024 -1024 768 ) (1024 -1024 416 ) 
4 538 583 (1024 -2048 768 ) (1024 -2048 96 ) (2048 -2048 96 ) (2048 -2048 768 ) 
4 538 539 (1952 -1664 96 ) (1952 -1024 96 ) (2048 -1024 96 ) (2048 -1664 96 ) 
4 538 541 (1952 -2048 96 ) (1024 -2048 96 ) (1024 -1024 96 ) (1952 -1024 96 ) 
4 539 540 (1952 -1664 72 ) (1952 -1024 72 ) (2048 -1024 72 ) (2048 -1664 72 ) 
4 539 541 (1952 -1664 96 ) (1952 -1024 96 ) (1952 -1024 72 ) (1952 -1664 72 ) 
4 540 542 (1952 -1024 -16 ) (2048 -1024 -16 ) (2048 -1664 -16 ) (1952 -1664 -16 ) 
4 540 541 (1952 -1024 -16 ) (1952 -1664 -16 ) (1952 -1664 72 ) (1952 -1024 72 ) 
4 541 1415 (1024 -2048 -16 ) (1024 -2048 96 ) (1024 -1824 96 ) (1024 -1824 -16 ) 
4 541 1409 (1024 -1824 96 ) (1024 -1792 96 ) (1024 -1792 -16 ) (1024 -1824 -16 ) 
4 541 1406 (1024 -1792 96 ) (1024 -1600 96 ) (1024 -1600 -16 ) (1024 -1792 -16 ) 
4 541 1401 (1024 -1600 96 ) (1024 -1376 96 ) (1024 -1376 -16 ) (1024 -1600 -16 ) 
4 541 1392 (1024 -1376 96 ) (1024 -1024 96 ) (1024 -1024 -16 ) (1024 -1376 -16 ) 
4 541 584 (1536 -2048 -16 ) (1952 -2048 -16 ) (1952 -2048 96 ) (1536 -2048 96 ) 
4 541 585 (1024 -2048 96 ) (1024 -2048 -16 ) (1536 -2048 -16 ) (1536 -2048 96 ) 
4 541 545 (1952 -1792 -16 ) (1952 -2048 -16 ) (1024 -2048 -16 ) (1024 -1792 -16 ) 
4 541 544 (1024 -1024 -16 ) (1888 -1024 -16 ) (1888 -1792 -16 ) (1024 -1792 -16 ) 
4 541 543 (1888 -1024 -16 ) (1952 -1024 -16 ) (1952 -1792 -16 ) (1888 -1792 -16 ) 
4 542 543 (1952 -1024 -128 ) (1952 -1664 -128 ) (1952 -1664 -16 ) (1952 -1024 -16 ) 
4 543 545 (1952 -1792 -64 ) (1952 -1792 -16 ) (1888 -1792 -16 ) (1888 -1792 -64 ) 
4 543 544 (1888 -1024 -128 ) (1888 -1792 -128 ) (1888 -1792 -16 ) (1888 -1024 -16 ) 
4 544 1420 (1024 -1792 -16 ) (1024 -1024 -16 ) (1024 -1024 -128 ) (1024 -1792 -128 ) 
4 544 546 (1024 -1792 -128 ) (1792 -1792 -128 ) (1792 -1792 -64 ) (1024 -1792 -64 ) 
4 544 545 (1888 -1792 -64 ) (1888 -1792 -16 ) (1024 -1792 -16 ) (1024 -1792 -64 ) 
4 545 1422 (1024 -2048 -64 ) (1024 -2048 -16 ) (1024 -1792 -16 ) (1024 -1792 -64 ) 
4 545 586 (1536 -2048 -64 ) (1952 -2048 -64 ) (1952 -2048 -16 ) (1536 -2048 -16 ) 
4 545 587 (1024 -2048 -16 ) (1024 -2048 -64 ) (1536 -2048 -64 ) (1536 -2048 -16 ) 
4 545 546 (1792 -2048 -64 ) (1024 -2048 -64 ) (1024 -1792 -64 ) (1792 -1792 -64 ) 
4 546 1422 (1024 -2048 -128 ) (1024 -2048 -64 ) (1024 -1792 -64 ) (1024 -1792 -128 ) 
4 546 589 (1024 -2048 -64 ) (1024 -2048 -128 ) (1792 -2048 -128 ) (1792 -2048 -64 ) 
4 547 590 (3072 -3072 768 ) (3072 -3072 2048 ) (2048 -3072 2048 ) (2048 -3072 768 ) 
4 547 582 (2048 -2048 2048 ) (2048 -2048 768 ) (2048 -3072 768 ) (2048 -3072 2048 ) 
4 547 548 (3072 -3072 768 ) (2048 -3072 768 ) (2048 -2048 768 ) (3072 -2048 768 ) 
4 548 591 (3072 -3072 512 ) (3072 -3072 768 ) (2048 -3072 768 ) (2048 -3072 512 ) 
4 548 583 (2048 -2048 768 ) (2048 -2048 512 ) (2048 -3072 512 ) (2048 -3072 768 ) 
4 549 592 (3072 -3072 352 ) (3072 -3072 480 ) (2624 -3072 480 ) (2624 -3072 352 ) 
4 549 564 (2656 -3072 352 ) (2624 -3072 352 ) (2624 -2816 352 ) (2656 -2816 352 ) 
4 549 563 (3072 -3072 352 ) (2656 -3072 352 ) (2656 -2784 352 ) (3072 -2784 352 ) 
4 549 559 (2656 -2304 352 ) (3072 -2304 352 ) (3072 -2784 352 ) (2656 -2784 352 ) 
4 549 556 (2624 -2304 352 ) (2624 -2272 352 ) (3072 -2272 352 ) (3072 -2304 352 ) 
4 549 554 (2624 -2272 352 ) (2624 -2048 352 ) (3072 -2048 352 ) (3072 -2272 352 ) 
4 549 551 (2624 -2784 368 ) (2624 -2784 480 ) (2624 -2304 480 ) (2624 -2304 368 ) 
4 549 550 (2624 -2048 352 ) (2624 -2304 352 ) (2624 -2304 480 ) (2624 -2048 480 ) 
4 549 552 (2624 -2784 352 ) (2624 -3072 352 ) (2624 -3072 480 ) (2624 -2784 480 ) 
4 550 554 (2560 -2048 352 ) (2624 -2048 352 ) (2624 -2272 352 ) (2560 -2272 352 ) 
4 550 551 (2240 -2304 480 ) (2240 -2304 368 ) (2624 -2304 368 ) (2624 -2304 480 ) 
4 550 553 (2240 -2048 352 ) (2240 -2304 352 ) (2240 -2304 480 ) (2240 -2048 480 ) 
4 551 553 (2240 -2784 368 ) (2240 -2784 480 ) (2240 -2304 480 ) (2240 -2304 368 ) 
4 551 552 (2240 -2784 480 ) (2240 -2784 368 ) (2624 -2784 368 ) (2624 -2784 480 ) 
4 552 592 (2624 -3072 480 ) (2240 -3072 480 ) (2240 -3072 352 ) (2624 -3072 352 ) 
4 552 564 (2624 -3072 352 ) (2240 -3072 352 ) (2240 -2816 352 ) (2624 -2816 352 ) 
4 552 553 (2240 -2784 352 ) (2240 -3072 352 ) (2240 -3072 480 ) (2240 -2784 480 ) 
4 553 592 (2240 -3072 480 ) (2080 -3072 480 ) (2080 -3072 352 ) (2240 -3072 352 ) 
4 553 568 (2080 -2720 352 ) (2080 -2704 352 ) (2208 -2704 352 ) (2208 -2720 352 ) 
4 553 569 (2208 -3072 352 ) (2080 -3072 352 ) (2080 -2720 352 ) (2208 -2720 352 ) 
4 553 566 (2080 -2704 352 ) (2080 -2336 352 ) (2208 -2336 352 ) (2208 -2704 352 ) 
4 553 564 (2240 -3072 352 ) (2208 -3072 352 ) (2208 -2816 352 ) (2240 -2816 352 ) 
4 554 571 (2560 -2048 96 ) (3072 -2048 96 ) (3072 -2272 96 ) (2560 -2272 96 ) 
4 554 556 (2624 -2272 96 ) (3072 -2272 96 ) (3072 -2272 352 ) (2624 -2272 352 ) 
4 555 565 (2208 -2048 96 ) (2208 -2272 96 ) (2208 -2272 336 ) (2208 -2048 336 ) 
4 555 557 (2336 -2272 96 ) (2528 -2272 96 ) (2528 -2272 200 ) (2336 -2272 200 ) 
4 556 573 (3072 -2288 96 ) (3072 -2304 96 ) (2624 -2304 96 ) (2624 -2288 96 ) 
4 556 571 (3072 -2272 96 ) (3072 -2288 96 ) (2624 -2288 96 ) (2624 -2272 96 ) 
4 556 559 (2656 -2304 96 ) (3072 -2304 96 ) (3072 -2304 352 ) (2656 -2304 352 ) 
4 557 558 (2528 -2288 96 ) (2528 -2288 200 ) (2336 -2288 200 ) (2336 -2288 96 ) 
4 558 560 (2336 -2304 96 ) (2528 -2304 96 ) (2528 -2304 200 ) (2336 -2304 200 ) 
4 559 573 (3072 -2304 96 ) (3072 -2784 96 ) (2656 -2784 96 ) (2656 -2304 96 ) 
4 559 563 (2656 -2784 96 ) (3072 -2784 96 ) (3072 -2784 352 ) (2656 -2784 352 ) 
4 560 561 (2240 -2592 96 ) (2240 -2688 96 ) (2240 -2688 216 ) (2240 -2592 216 ) 
4 561 562 (2224 -2688 96 ) (2224 -2688 216 ) (2224 -2592 216 ) (2224 -2592 96 ) 
4 562 567 (2208 -2592 96 ) (2208 -2688 96 ) (2208 -2688 216 ) (2208 -2592 216 ) 
4 563 592 (3072 -3072 96 ) (3072 -3072 352 ) (2656 -3072 352 ) (2656 -3072 96 ) 
4 563 573 (3072 -2784 96 ) (3072 -3072 96 ) (2656 -3072 96 ) (2656 -2784 96 ) 
4 563 564 (2656 -2816 96 ) (2656 -3072 96 ) (2656 -3072 352 ) (2656 -2816 352 ) 
4 564 592 (2656 -3072 352 ) (2208 -3072 352 ) (2208 -3072 96 ) (2656 -3072 96 ) 
4 564 578 (2240 -3072 96 ) (2208 -3072 96 ) (2208 -2816 96 ) (2240 -2816 96 ) 
4 564 575 (2624 -3072 96 ) (2240 -3072 96 ) (2240 -2816 96 ) (2624 -2816 96 ) 
4 564 573 (2656 -3072 96 ) (2624 -3072 96 ) (2624 -2816 96 ) (2656 -2816 96 ) 
4 564 569 (2208 -2816 96 ) (2208 -3072 96 ) (2208 -3072 352 ) (2208 -2816 352 ) 
4 566 568 (2080 -2704 352 ) (2080 -2704 288 ) (2208 -2704 288 ) (2208 -2704 352 ) 
4 567 570 (2080 -2352 96 ) (2080 -2464 96 ) (2080 -2464 200 ) (2080 -2352 200 ) 
4 568 569 (2080 -2720 352 ) (2080 -2720 288 ) (2208 -2720 288 ) (2208 -2720 352 ) 
4 569 592 (2208 -3072 352 ) (2080 -3072 352 ) (2080 -3072 96 ) (2208 -3072 96 ) 
4 569 579 (2208 -2720 96 ) (2208 -3072 96 ) (2080 -3072 96 ) (2080 -2720 96 ) 
4 570 583 (2048 -2352 96 ) (2048 -2464 96 ) (2048 -2464 200 ) (2048 -2352 200 ) 
4 571 574 (2544 -2288 -128 ) (2624 -2288 -128 ) (2624 -2288 80 ) (2544 -2288 80 ) 
4 571 573 (2624 -2288 -128 ) (3072 -2288 -128 ) (3072 -2288 96 ) (2624 -2288 96 ) 
4 571 572 (2544 -2048 -128 ) (2544 -2288 -128 ) (2544 -2288 80 ) (2544 -2048 80 ) 
4 572 580 (2048 -2288 -128 ) (2080 -2288 -128 ) (2080 -2288 80 ) (2048 -2288 80 ) 
4 572 576 (2080 -2288 -128 ) (2240 -2288 -128 ) (2240 -2288 80 ) (2080 -2288 80 ) 
4 572 574 (2240 -2288 -128 ) (2544 -2288 -128 ) (2544 -2288 80 ) (2240 -2288 80 ) 
4 573 593 (3072 -3072 -128 ) (3072 -3072 96 ) (2624 -3072 96 ) (2624 -3072 -128 ) 
4 573 574 (2624 -2288 80 ) (2624 -2288 -128 ) (2624 -2784 -128 ) (2624 -2784 80 ) 
4 573 575 (2624 -2784 -128 ) (2624 -3072 -128 ) (2624 -3072 96 ) (2624 -2784 96 ) 
4 574 578 (2240 -2704 -128 ) (2240 -2784 -128 ) (2240 -2784 80 ) (2240 -2704 80 ) 
4 574 577 (2240 -2336 -128 ) (2240 -2704 -128 ) (2240 -2704 -24 ) (2240 -2336 -24 ) 
4 574 576 (2240 -2288 80 ) (2240 -2288 -128 ) (2240 -2336 -128 ) (2240 -2336 80 ) 
4 574 575 (2240 -2784 80 ) (2240 -2784 -128 ) (2624 -2784 -128 ) (2624 -2784 80 ) 
4 575 593 (2624 -3072 96 ) (2240 -3072 96 ) (2240 -3072 -128 ) (2624 -3072 -128 ) 
4 575 578 (2240 -2784 -128 ) (2240 -3072 -128 ) (2240 -3072 96 ) (2240 -2784 96 ) 
4 576 580 (2080 -2288 96 ) (2080 -2288 -128 ) (2080 -2304 -128 ) (2080 -2304 96 ) 
4 576 577 (2080 -2336 -24 ) (2080 -2336 -128 ) (2240 -2336 -128 ) (2240 -2336 -24 ) 
4 577 578 (2208 -2704 -128 ) (2240 -2704 -128 ) (2240 -2704 -24 ) (2208 -2704 -24 ) 
4 578 593 (2240 -3072 96 ) (2208 -3072 96 ) (2208 -3072 -128 ) (2240 -3072 -128 ) 
4 578 579 (2208 -2720 -128 ) (2208 -3072 -128 ) (2208 -3072 96 ) (2208 -2720 96 ) 
4 579 593 (2208 -3072 96 ) (2080 -3072 96 ) (2080 -3072 -128 ) (2208 -3072 -128 ) 
4 579 581 (2080 -2944 -128 ) (2080 -3072 -128 ) (2080 -3072 96 ) (2080 -2944 96 ) 
4 581 593 (2080 -3072 96 ) (2048 -3072 96 ) (2048 -3072 -128 ) (2080 -3072 -128 ) 
4 581 588 (2048 -2944 -128 ) (2048 -3072 -128 ) (2048 -3072 -64 ) (2048 -2944 -64 ) 
4 582 1467 (1024 -3072 768 ) (1024 -3072 2048 ) (1024 -2048 2048 ) (1024 -2048 768 ) 
4 582 594 (2048 -3072 768 ) (2048 -3072 2048 ) (1024 -3072 2048 ) (1024 -3072 768 ) 
4 582 583 (1024 -3072 768 ) (1024 -2048 768 ) (2048 -2048 768 ) (2048 -3072 768 ) 
4 583 1480 (1024 -3072 96 ) (1024 -3072 768 ) (1024 -2816 768 ) (1024 -2816 96 ) 
4 583 1468 (1024 -2816 768 ) (1024 -2048 768 ) (1024 -2048 96 ) (1024 -2816 96 ) 
4 583 595 (2048 -3072 96 ) (2048 -3072 768 ) (1024 -3072 768 ) (1024 -3072 96 ) 
4 583 584 (1536 -3008 96 ) (1536 -2048 96 ) (1952 -2048 96 ) (1952 -2592 96 ) 
4 583 585 (1536 -3072 96 ) (1024 -3072 96 ) (1024 -2048 96 ) (1536 -2048 96 ) 
4 584 586 (1536 -2048 -16 ) (1952 -2048 -16 ) (1952 -2592 -16 ) (1536 -3008 -16 ) 
4 584 585 (1536 -2048 -16 ) (1536 -3008 -16 ) (1536 -3008 96 ) (1536 -2048 96 ) 
4 585 1481 (1024 -3072 -16 ) (1024 -3072 96 ) (1024 -2816 96 ) (1024 -2816 -16 ) 
4 585 1469 (1024 -2816 96 ) (1024 -2048 96 ) (1024 -2048 -16 ) (1024 -2816 -16 ) 
4 585 596 (1536 -3072 96 ) (1024 -3072 96 ) (1024 -3072 -16 ) (1536 -3072 -16 ) 
4 585 587 (1024 -3072 -16 ) (1024 -2048 -16 ) (1536 -2048 -16 ) (1536 -3072 -16 ) 
4 586 588 (1952 -2304 -64 ) (1952 -2592 -64 ) (1792 -2752 -64 ) (1792 -2304 -64 ) 
4 586 589 (1536 -3008 -64 ) (1536 -2048 -64 ) (1792 -2048 -64 ) (1792 -2752 -64 ) 
4 586 587 (1536 -2048 -64 ) (1536 -3008 -64 ) (1536 -3008 -16 ) (1536 -2048 -16 ) 
4 587 1482 (1024 -3072 -64 ) (1024 -3072 -16 ) (1024 -2048 -16 ) (1024 -2048 -64 ) 
4 587 597 (1536 -3072 -16 ) (1024 -3072 -16 ) (1024 -3072 -64 ) (1536 -3072 -64 ) 
4 587 589 (1536 -3072 -64 ) (1024 -3072 -64 ) (1024 -2048 -64 ) (1536 -2048 -64 ) 
4 588 589 (1792 -2304 -128 ) (1792 -3072 -128 ) (1792 -3072 -64 ) (1792 -2304 -64 ) 
4 589 1482 (1024 -3072 -128 ) (1024 -3072 -64 ) (1024 -2048 -64 ) (1024 -2048 -128 ) 
4 589 597 (1536 -3072 -64 ) (1024 -3072 -64 ) (1024 -3072 -128 ) (1536 -3072 -128 ) 
4 590 594 (2048 -3072 2048 ) (2048 -3072 768 ) (2048 -3584 768 ) (2048 -3584 2048 ) 
4 590 591 (3072 -3584 768 ) (2048 -3584 768 ) (2048 -3072 768 ) (3072 -3072 768 ) 
4 591 595 (2048 -3072 768 ) (2048 -3072 512 ) (2048 -3584 512 ) (2048 -3584 768 ) 
4 592 593 (2080 -3552 96 ) (2080 -3072 96 ) (3072 -3072 96 ) (3072 -3552 96 ) 
4 594 1728 (1024 -3072 2048 ) (1024 -3072 768 ) (1024 -3584 768 ) (1024 -3584 2048 ) 
4 594 595 (2048 -3584 768 ) (1024 -3584 768 ) (1024 -3072 768 ) (2048 -3072 768 ) 
4 595 1729 (1024 -3072 768 ) (1024 -3072 96 ) (1024 -3584 96 ) (1024 -3584 768 ) 
4 595 596 (1536 -3584 96 ) (1024 -3584 96 ) (1024 -3072 96 ) (1536 -3072 96 ) 
4 596 1730 (1024 -3072 96 ) (1024 -3072 -16 ) (1024 -3584 -16 ) (1024 -3584 96 ) 
4 596 598 (1536 -3584 -16 ) (1024 -3584 -16 ) (1024 -3328 -16 ) (1536 -3328 -16 ) 
4 596 597 (1024 -3328 -16 ) (1024 -3072 -16 ) (1536 -3072 -16 ) (1536 -3328 -16 ) 
4 597 1731 (1024 -3328 -16 ) (1024 -3072 -16 ) (1024 -3072 -128 ) (1024 -3328 -128 ) 
4 597 598 (1024 -3328 -128 ) (1536 -3328 -128 ) (1536 -3328 -16 ) (1024 -3328 -16 ) 
4 598 1732 (1024 -3584 -128 ) (1024 -3584 -16 ) (1024 -3328 -16 ) (1024 -3328 -128 ) 
4 599 619 (1024 3072 1024 ) (1024 3072 2048 ) (832 3072 2048 ) (832 3072 1024 ) 
4 599 600 (1024 3072 1024 ) (832 3072 1024 ) (832 3584 1024 ) (1024 3584 1024 ) 
4 600 620 (1024 3072 768 ) (1024 3072 1024 ) (832 3072 1024 ) (832 3072 768 ) 
4 600 603 (832 3584 768 ) (1024 3584 768 ) (1024 3072 768 ) (832 3072 768 ) 
4 601 625 (384 3072 2048 ) (0 3072 2048 ) (0 3072 1024 ) (384 3072 1024 ) 
4 601 621 (768 3072 2048 ) (384 3072 2048 ) (384 3072 1024 ) (768 3072 1024 ) 
4 601 606 (0 3072 1024 ) (0 3072 2048 ) (0 3456 2048 ) (0 3456 1024 ) 
4 601 602 (768 3456 1024 ) (768 3072 1024 ) (0 3072 1024 ) (0 3456 1024 ) 
4 602 626 (0 3072 1024 ) (0 3072 768 ) (384 3072 768 ) (384 3072 1024 ) 
4 602 623 (384 3072 768 ) (768 3072 768 ) (768 3072 896 ) (384 3072 896 ) 
4 602 622 (768 3072 896 ) (768 3072 1024 ) (384 3072 1024 ) (384 3072 896 ) 
4 602 607 (0 3072 768 ) (0 3072 1024 ) (0 3456 1024 ) (0 3456 768 ) 
4 602 605 (0 3072 768 ) (0 3456 768 ) (128 3456 768 ) (128 3072 768 ) 
4 602 604 (128 3456 768 ) (768 3456 768 ) (768 3072 768 ) (128 3072 768 ) 
4 603 630 (1024 3072 640 ) (1024 3072 768 ) (832 3072 768 ) (832 3072 640 ) 
4 604 632 (768 3072 256 ) (768 3072 768 ) (128 3072 768 ) (128 3072 256 ) 
4 604 605 (128 3456 256 ) (128 3072 256 ) (128 3072 768 ) (128 3456 768 ) 
4 605 633 (128 3072 768 ) (0 3072 768 ) (0 3072 256 ) (128 3072 256 ) 
4 605 608 (0 3072 256 ) (0 3072 768 ) (0 3456 768 ) (0 3456 256 ) 
4 606 675 (-64 3072 2048 ) (-384 3072 2048 ) (-384 3072 1024 ) (-64 3072 1024 ) 
4 606 676 (-384 3072 2048 ) (-1024 3072 2048 ) (-1024 3072 1024 ) (-384 3072 1024 ) 
4 606 671 (0 3072 1024 ) (0 3072 2048 ) (-64 3072 2048 ) (-64 3072 1024 ) 
4 606 613 (-1024 3072 1024 ) (-1024 3072 2048 ) (-1024 3456 2048 ) (-1024 3456 1024 ) 
4 606 607 (-1024 3456 1024 ) (0 3456 1024 ) (0 3072 1024 ) (-1024 3072 1024 ) 
4 607 675 (-64 3072 1024 ) (-384 3072 1024 ) (-384 3072 768 ) (-64 3072 768 ) 
4 607 676 (-384 3072 1024 ) (-1024 3072 1024 ) (-1024 3072 768 ) (-384 3072 768 ) 
4 607 672 (0 3072 768 ) (0 3072 1024 ) (-64 3072 1024 ) (-64 3072 768 ) 
4 607 613 (-1024 3072 768 ) (-1024 3072 1024 ) (-1024 3456 1024 ) (-1024 3456 768 ) 
4 607 610 (-1024 3456 768 ) (-752 3456 768 ) (-752 3072 768 ) (-1024 3072 768 ) 
4 607 609 (-752 3456 768 ) (-384 3456 768 ) (-384 3072 768 ) (-752 3072 768 ) 
4 607 608 (-384 3456 768 ) (0 3456 768 ) (0 3072 768 ) (-384 3072 768 ) 
4 608 678 (0 3072 256 ) (0 3072 768 ) (-384 3072 768 ) (-384 3072 256 ) 
4 608 609 (-384 3072 256 ) (-384 3072 768 ) (-384 3456 768 ) (-384 3456 256 ) 
4 609 683 (-384 3072 768 ) (-752 3072 768 ) (-752 3072 256 ) (-384 3072 256 ) 
4 609 611 (-752 3216 624 ) (-752 3456 624 ) (-752 3456 256 ) (-752 3216 256 ) 
4 609 610 (-752 3072 624 ) (-752 3072 768 ) (-752 3456 768 ) (-752 3456 624 ) 
4 610 684 (-752 3072 768 ) (-1024 3072 768 ) (-1024 3072 624 ) (-752 3072 624 ) 
4 610 614 (-1024 3072 624 ) (-1024 3072 768 ) (-1024 3456 768 ) (-1024 3456 624 ) 
4 610 611 (-1024 3216 624 ) (-1024 3456 624 ) (-752 3456 624 ) (-752 3216 624 ) 
4 611 615 (-1024 3216 624 ) (-1024 3456 624 ) (-1024 3456 0 ) (-1024 3216 0 ) 
4 611 612 (-1024 3456 0 ) (-752 3456 0 ) (-752 3216 0 ) (-1024 3216 0 ) 
4 612 616 (-1024 3216 0 ) (-1024 3456 0 ) (-1024 3456 -128 ) (-1024 3216 -128 ) 
4 613 996 (-1024 3072 768 ) (-1024 3072 2048 ) (-1152 3072 2048 ) (-1152 3072 768 ) 
4 613 614 (-1152 3072 768 ) (-1152 3456 768 ) (-1024 3456 768 ) (-1024 3072 768 ) 
4 614 997 (-1024 3072 624 ) (-1024 3072 768 ) (-1152 3072 768 ) (-1152 3072 624 ) 
4 614 617 (-1056 3072 624 ) (-1152 3072 624 ) (-1152 3216 624 ) (-1056 3216 624 ) 
4 614 615 (-1152 3216 624 ) (-1152 3456 624 ) (-1024 3456 624 ) (-1024 3216 624 ) 
4 615 617 (-1056 3216 624 ) (-1152 3216 624 ) (-1152 3216 0 ) (-1056 3216 0 ) 
4 615 616 (-1024 3216 0 ) (-1152 3216 0 ) (-1152 3456 0 ) (-1024 3456 0 ) 
4 616 618 (-1152 3216 0 ) (-1152 3216 -128 ) (-1056 3216 -128 ) (-1056 3216 0 ) 
4 617 1020 (-1152 3072 256 ) (-1152 3072 0 ) (-1056 3072 0 ) (-1056 3072 256 ) 
4 617 1000 (-1056 3072 624 ) (-1152 3072 624 ) (-1152 3072 256 ) (-1056 3072 256 ) 
4 617 618 (-1056 3072 0 ) (-1152 3072 0 ) (-1152 3216 0 ) (-1056 3216 0 ) 
4 618 1021 (-1056 3072 0 ) (-1152 3072 0 ) (-1152 3072 -128 ) (-1056 3072 -128 ) 
4 619 627 (1024 2176 1024 ) (1024 2176 2048 ) (832 2176 2048 ) (832 2176 1024 ) 
4 619 620 (1024 2176 1024 ) (832 2176 1024 ) (832 3072 1024 ) (1024 3072 1024 ) 
4 620 630 (832 3072 768 ) (1024 3072 768 ) (1024 2176 768 ) (832 2176 768 ) 
4 620 628 (832 2176 768 ) (1024 2176 768 ) (1024 2176 1024 ) (832 2176 1024 ) 
4 621 625 (384 2240 2048 ) (384 3072 2048 ) (384 3072 1024 ) (384 2240 1024 ) 
4 621 622 (384 2240 1024 ) (384 3072 1024 ) (768 3072 1024 ) (768 2240 1024 ) 
4 622 626 (384 2240 1024 ) (384 3072 1024 ) (384 3072 896 ) (384 2240 896 ) 
4 622 623 (384 2240 896 ) (384 3072 896 ) (768 3072 896 ) (768 2240 896 ) 
4 623 642 (768 2560 768 ) (768 2208 768 ) (736 2208 768 ) (384 2560 768 ) 
3 623 640 (736 2208 768 ) (384 2208 768 ) (384 2560 768 ) 
4 623 635 (768 2944 768 ) (768 2560 768 ) (384 2560 768 ) (384 2944 768 ) 
4 623 632 (384 3072 768 ) (768 3072 768 ) (768 2944 768 ) (384 2944 768 ) 
4 623 626 (384 3072 768 ) (384 2240 768 ) (384 2240 896 ) (384 3072 896 ) 
4 623 624 (768 2208 768 ) (768 2208 896 ) (384 2208 896 ) (384 2208 768 ) 
3 624 643 (768 2208 768 ) (768 2176 768 ) (736 2208 768 ) 
4 624 641 (768 2176 768 ) (384 2176 768 ) (384 2208 768 ) (736 2208 768 ) 
4 624 628 (384 2176 768 ) (768 2176 768 ) (768 2176 896 ) (384 2176 896 ) 
4 625 671 (0 3072 2048 ) (0 3072 1024 ) (0 2240 1024 ) (0 2240 2048 ) 
4 625 626 (0 3072 1024 ) (384 3072 1024 ) (384 2240 1024 ) (0 2240 1024 ) 
4 626 672 (0 3072 1024 ) (0 3072 768 ) (0 2240 768 ) (0 2240 1024 ) 
4 626 653 (0 2240 768 ) (0 2560 768 ) (128 2560 768 ) (128 2240 768 ) 
4 626 648 (128 2560 768 ) (256 2560 768 ) (256 2240 768 ) (128 2240 768 ) 
3 626 639 (0 2944 768 ) (128 2944 768 ) (128 2816 768 ) 
4 626 638 (0 2560 768 ) (0 2944 768 ) (128 2816 768 ) (128 2560 768 ) 
4 626 635 (128 2944 768 ) (384 2944 768 ) (384 2560 768 ) (128 2816 768 ) 
3 626 634 (384 2560 768 ) (128 2560 768 ) (128 2816 768 ) 
4 626 633 (0 2944 768 ) (0 3072 768 ) (128 3072 768 ) (128 2944 768 ) 
4 626 632 (128 3072 768 ) (384 3072 768 ) (384 2944 768 ) (128 2944 768 ) 
4 627 717 (1024 2048 1024 ) (1024 2048 2048 ) (0 2048 2048 ) (0 2048 1024 ) 
4 627 673 (0 2048 1024 ) (0 2048 2048 ) (0 2176 2048 ) (0 2176 1024 ) 
4 627 629 (0 2048 1024 ) (0 2176 1024 ) (128 2176 1024 ) (128 2048 1024 ) 
4 627 628 (128 2176 1024 ) (1024 2176 1024 ) (1024 2048 1024 ) (128 2048 1024 ) 
4 628 718 (1024 2048 768 ) (1024 2048 1024 ) (128 2048 1024 ) (128 2048 768 ) 
3 628 665 (256 2048 768 ) (128 2048 768 ) (128 2176 768 ) 
4 628 664 (1024 2048 768 ) (384 2048 768 ) (384 2176 768 ) (1024 2176 768 ) 
4 628 629 (128 2048 1024 ) (128 2176 1024 ) (128 2176 768 ) (128 2048 768 ) 
4 629 726 (0 2048 896 ) (0 2048 768 ) (128 2048 768 ) (128 2048 896 ) 
4 629 724 (128 2048 1024 ) (0 2048 1024 ) (0 2048 896 ) (128 2048 896 ) 
4 629 674 (0 2176 768 ) (0 2048 768 ) (0 2048 1024 ) (0 2176 1024 ) 
3 629 666 (128 2048 768 ) (0 2048 768 ) (128 2176 768 ) 
4 630 670 (832 2176 320 ) (832 2176 256 ) (1024 2176 256 ) (1024 2176 320 ) 
4 630 664 (1024 2176 768 ) (832 2176 768 ) (832 2176 320 ) (1024 2176 320 ) 
4 630 631 (1024 2176 256 ) (832 2176 256 ) (832 3072 256 ) (1024 3072 256 ) 
4 632 637 (128 2944 256 ) (768 2944 256 ) (768 2944 512 ) (128 2944 512 ) 
4 632 635 (768 2944 512 ) (768 2944 768 ) (128 2944 768 ) (128 2944 512 ) 
4 632 633 (128 3072 256 ) (128 2944 256 ) (128 2944 768 ) (128 3072 768 ) 
4 633 678 (0 3072 768 ) (0 3072 256 ) (0 2944 256 ) (0 2944 768 ) 
4 633 639 (128 2944 512 ) (128 2944 768 ) (0 2944 768 ) (0 2944 512 ) 
4 634 648 (256 2560 768 ) (128 2560 768 ) (128 2560 704 ) (256 2560 704 ) 
4 634 638 (128 2816 512 ) (128 2560 512 ) (128 2560 768 ) (128 2816 768 ) 
3 634 636 (384 2560 512 ) (128 2560 512 ) (128 2816 512 ) 
4 634 635 (384 2560 768 ) (384 2560 512 ) (128 2816 512 ) (128 2816 768 ) 
4 635 642 (768 2560 512 ) (768 2560 768 ) (384 2560 768 ) (384 2560 512 ) 
4 635 639 (128 2944 768 ) (128 2944 512 ) (128 2816 512 ) (128 2816 768 ) 
5 635 637 (768 2560 512 ) (384 2560 512 ) (128 2816 512 ) (128 2944 512 ) (768 2944 512 ) 
4 636 637 (128 2816 256 ) (128 2816 512 ) (384 2560 512 ) (384 2560 256 ) 
4 637 646 (384 2560 256 ) (768 2560 256 ) (768 2560 512 ) (384 2560 512 ) 
4 638 679 (0 2560 512 ) (0 2560 768 ) (0 2944 768 ) (0 2944 512 ) 
4 638 654 (128 2560 512 ) (128 2560 672 ) (0 2560 672 ) (0 2560 512 ) 
4 638 653 (128 2560 704 ) (128 2560 768 ) (0 2560 768 ) (0 2560 704 ) 
4 638 639 (128 2816 768 ) (128 2816 512 ) (0 2944 512 ) (0 2944 768 ) 
3 640 644 (384 2208 512 ) (384 2560 512 ) (736 2208 512 ) 
4 640 642 (736 2208 512 ) (384 2560 512 ) (384 2560 768 ) (736 2208 768 ) 
4 640 641 (384 2208 768 ) (384 2208 512 ) (736 2208 512 ) (736 2208 768 ) 
4 641 664 (768 2176 768 ) (384 2176 768 ) (384 2176 512 ) (768 2176 512 ) 
4 641 645 (384 2176 512 ) (384 2208 512 ) (736 2208 512 ) (768 2176 512 ) 
4 641 643 (768 2176 768 ) (768 2176 512 ) (736 2208 512 ) (736 2208 768 ) 
4 642 646 (384 2560 512 ) (768 2560 512 ) (768 2208 512 ) (736 2208 512 ) 
4 642 643 (736 2208 768 ) (736 2208 512 ) (768 2208 512 ) (768 2208 768 ) 
3 643 647 (768 2208 512 ) (768 2176 512 ) (736 2208 512 ) 
4 644 646 (736 2208 256 ) (384 2560 256 ) (384 2560 512 ) (736 2208 512 ) 
4 644 645 (736 2208 256 ) (736 2208 512 ) (384 2208 512 ) (384 2208 256 ) 
4 645 670 (384 2176 320 ) (384 2176 256 ) (768 2176 256 ) (768 2176 320 ) 
4 645 664 (384 2176 512 ) (384 2176 320 ) (768 2176 320 ) (768 2176 512 ) 
4 645 647 (768 2176 256 ) (736 2208 256 ) (736 2208 512 ) (768 2176 512 ) 
4 646 647 (736 2208 512 ) (736 2208 256 ) (768 2208 256 ) (768 2208 512 ) 
4 648 653 (128 2560 768 ) (128 2560 704 ) (128 2240 704 ) (128 2240 768 ) 
4 649 655 (128 2240 512 ) (128 2240 672 ) (128 2528 672 ) (128 2528 512 ) 
4 649 651 (128 2240 640 ) (128 2240 512 ) (256 2240 512 ) (256 2240 640 ) 
4 649 650 (256 2240 512 ) (128 2240 512 ) (128 2528 512 ) (256 2528 512 ) 
3 650 658 (128 2528 320 ) (128 2368 320 ) (128 2528 480 ) 
5 650 657 (128 2368 320 ) (128 2240 320 ) (128 2240 512 ) (128 2528 512 ) (128 2528 480 ) 
4 650 652 (128 2240 512 ) (128 2240 320 ) (256 2240 320 ) (256 2240 512 ) 
4 651 659 (128 2208 512 ) (128 2208 640 ) (128 2240 640 ) (128 2240 512 ) 
4 651 652 (256 2208 512 ) (128 2208 512 ) (128 2240 512 ) (256 2240 512 ) 
4 652 663 (128 2240 320 ) (128 2208 320 ) (128 2208 448 ) (128 2240 448 ) 
4 652 661 (128 2208 448 ) (128 2208 512 ) (128 2240 512 ) (128 2240 448 ) 
4 653 688 (0 2240 768 ) (0 2560 768 ) (0 2560 704 ) (0 2240 704 ) 
4 654 689 (0 2560 672 ) (0 2560 512 ) (0 2528 512 ) (0 2528 672 ) 
4 654 656 (0 2528 512 ) (0 2560 512 ) (128 2560 512 ) (128 2528 512 ) 
4 654 655 (0 2528 512 ) (128 2528 512 ) (128 2528 672 ) (0 2528 672 ) 
4 655 691 (0 2528 512 ) (0 2240 512 ) (0 2240 672 ) (0 2528 672 ) 
4 655 659 (128 2240 512 ) (128 2240 640 ) (0 2240 640 ) (0 2240 512 ) 
4 655 657 (128 2240 512 ) (0 2240 512 ) (0 2528 512 ) (128 2528 512 ) 
3 656 690 (0 2560 512 ) (0 2528 480 ) (0 2528 512 ) 
4 656 657 (0 2528 480 ) (128 2528 480 ) (128 2528 512 ) (0 2528 512 ) 
5 657 693 (0 2528 480 ) (0 2368 320 ) (0 2240 320 ) (0 2240 512 ) (0 2528 512 ) 
4 657 663 (0 2240 320 ) (128 2240 320 ) (128 2240 448 ) (0 2240 448 ) 
4 657 661 (128 2240 448 ) (128 2240 512 ) (0 2240 512 ) (0 2240 448 ) 
4 657 658 (128 2368 320 ) (0 2368 320 ) (0 2528 480 ) (128 2528 480 ) 
3 658 693 (0 2528 320 ) (0 2368 320 ) (0 2528 480 ) 
4 659 692 (0 2176 512 ) (0 2176 640 ) (0 2240 640 ) (0 2240 512 ) 
4 659 667 (0 2176 640 ) (0 2176 512 ) (96 2176 512 ) (96 2176 640 ) 
5 659 661 (0 2240 512 ) (128 2240 512 ) (128 2208 512 ) (96 2176 512 ) (0 2176 512 ) 
4 659 660 (96 2176 512 ) (128 2208 512 ) (128 2208 640 ) (96 2176 640 ) 
4 660 668 (96 2176 512 ) (128 2176 512 ) (128 2176 640 ) (96 2176 640 ) 
3 660 662 (128 2208 512 ) (128 2176 512 ) (96 2176 512 ) 
4 661 693 (0 2176 448 ) (0 2176 512 ) (0 2240 512 ) (0 2240 448 ) 
4 661 667 (0 2176 512 ) (0 2176 448 ) (96 2176 448 ) (96 2176 512 ) 
5 661 663 (0 2240 448 ) (128 2240 448 ) (128 2208 448 ) (96 2176 448 ) (0 2176 448 ) 
4 661 662 (96 2176 448 ) (128 2208 448 ) (128 2208 512 ) (96 2176 512 ) 
4 662 668 (96 2176 448 ) (128 2176 448 ) (128 2176 512 ) (96 2176 512 ) 
4 663 693 (0 2176 320 ) (0 2176 448 ) (0 2240 448 ) (0 2240 320 ) 
4 663 669 (0 2176 448 ) (0 2176 320 ) (96 2176 320 ) (96 2176 448 ) 
4 664 719 (1024 2048 320 ) (1024 2048 768 ) (384 2048 768 ) (384 2048 320 ) 
4 664 670 (1024 2048 320 ) (384 2048 320 ) (384 2176 320 ) (1024 2176 320 ) 
4 665 721 (256 2048 768 ) (128 2048 768 ) (128 2048 320 ) (256 2048 320 ) 
4 665 666 (128 2176 768 ) (128 2176 320 ) (128 2048 320 ) (128 2048 768 ) 
4 666 726 (128 2048 768 ) (0 2048 768 ) (0 2048 320 ) (128 2048 320 ) 
4 666 668 (128 2176 688 ) (128 2176 448 ) (0 2048 448 ) (0 2048 688 ) 
4 667 709 (0 2080 688 ) (0 2176 688 ) (0 2176 448 ) (0 2080 448 ) 
3 667 669 (0 2176 448 ) (96 2176 448 ) (0 2080 448 ) 
4 667 668 (0 2080 448 ) (96 2176 448 ) (96 2176 688 ) (0 2080 688 ) 
4 668 710 (0 2048 448 ) (0 2048 688 ) (0 2080 688 ) (0 2080 448 ) 
4 669 711 (0 2080 448 ) (0 2176 448 ) (0 2176 320 ) (0 2080 320 ) 
4 670 739 (1024 2048 256 ) (1024 2048 320 ) (384 2048 320 ) (384 2048 256 ) 
4 671 675 (-64 2240 2048 ) (-64 3072 2048 ) (-64 3072 1024 ) (-64 2240 1024 ) 
4 671 672 (-64 2240 1024 ) (-64 3072 1024 ) (0 3072 1024 ) (0 2240 1024 ) 
4 672 688 (0 2560 768 ) (0 2240 768 ) (-64 2240 768 ) (-64 2560 768 ) 
3 672 680 (0 2944 768 ) (-64 2880 768 ) (-64 2944 768 ) 
4 672 679 (0 2944 768 ) (0 2560 768 ) (-64 2560 768 ) (-64 2880 768 ) 
4 672 678 (-64 3072 768 ) (0 3072 768 ) (0 2944 768 ) (-64 2944 768 ) 
4 672 675 (-64 3072 768 ) (-64 2240 768 ) (-64 2240 1024 ) (-64 3072 1024 ) 
4 673 746 (0 2048 1024 ) (0 2048 2048 ) (-64 2048 2048 ) (-64 2048 1024 ) 
4 673 674 (-64 2048 1024 ) (-64 2176 1024 ) (0 2176 1024 ) (0 2048 1024 ) 
4 674 747 (0 2048 896 ) (0 2048 1024 ) (-64 2048 1024 ) (-64 2048 896 ) 
4 675 688 (-64 2560 768 ) (-64 2240 768 ) (-256 2240 768 ) (-256 2560 768 ) 
4 675 680 (-64 2944 768 ) (-64 2880 768 ) (-384 2560 768 ) (-384 2944 768 ) 
3 675 679 (-64 2880 768 ) (-64 2560 768 ) (-384 2560 768 ) 
4 675 678 (-384 3072 768 ) (-64 3072 768 ) (-64 2944 768 ) (-384 2944 768 ) 
4 675 676 (-384 3072 768 ) (-384 2240 768 ) (-384 2240 2048 ) (-384 3072 2048 ) 
4 676 1009 (-1024 2592 768 ) (-1024 2176 768 ) (-1024 2176 2048 ) (-1024 2592 2048 ) 
4 676 996 (-1024 3072 2048 ) (-1024 3072 768 ) (-1024 2592 768 ) (-1024 2592 2048 ) 
5 676 700 (-768 2176 768 ) (-1024 2176 768 ) (-1024 2368 768 ) (-752 2368 768 ) (-752 2192 768 ) 
3 676 699 (-752 2176 768 ) (-768 2176 768 ) (-752 2192 768 ) 
4 676 698 (-1024 2368 768 ) (-1024 2560 768 ) (-752 2560 768 ) (-752 2368 768 ) 
3 676 695 (-384 2560 768 ) (-752 2192 768 ) (-752 2560 768 ) 
4 676 694 (-384 2560 768 ) (-384 2176 768 ) (-752 2176 768 ) (-752 2192 768 ) 
4 676 685 (-384 2944 768 ) (-384 2560 768 ) (-1024 2560 768 ) (-1024 2944 768 ) 
4 676 684 (-1024 3072 768 ) (-752 3072 768 ) (-752 2944 768 ) (-1024 2944 768 ) 
4 676 683 (-752 3072 768 ) (-384 3072 768 ) (-384 2944 768 ) (-752 2944 768 ) 
4 676 677 (-1024 2176 768 ) (-384 2176 768 ) (-384 2176 2048 ) (-1024 2176 2048 ) 
4 677 1009 (-1024 2176 768 ) (-1024 2048 768 ) (-1024 2048 2048 ) (-1024 2176 2048 ) 
4 677 781 (-512 2048 768 ) (-384 2048 768 ) (-384 2048 1024 ) (-512 2048 1024 ) 
4 677 782 (-1024 2048 1024 ) (-1024 2048 768 ) (-512 2048 768 ) (-512 2048 1024 ) 
4 677 780 (-384 2048 2048 ) (-1024 2048 2048 ) (-1024 2048 1024 ) (-384 2048 1024 ) 
4 677 757 (-128 2048 2048 ) (-384 2048 2048 ) (-384 2048 768 ) (-128 2048 768 ) 
4 677 714 (-896 2048 768 ) (-1024 2048 768 ) (-1024 2176 768 ) (-768 2176 768 ) 
4 677 713 (-384 2048 768 ) (-896 2048 768 ) (-768 2176 768 ) (-384 2176 768 ) 
4 678 683 (-384 3072 256 ) (-384 2944 256 ) (-384 2944 768 ) (-384 3072 768 ) 
4 678 682 (-384 2944 512 ) (-384 2944 256 ) (-128 2944 256 ) (-128 2944 512 ) 
4 678 680 (-384 2944 768 ) (-384 2944 512 ) (0 2944 512 ) (0 2944 768 ) 
4 679 689 (0 2560 512 ) (0 2560 672 ) (-128 2560 672 ) (-128 2560 512 ) 
4 679 688 (0 2560 704 ) (0 2560 768 ) (-256 2560 768 ) (-256 2560 704 ) 
3 679 681 (-128 2560 512 ) (-384 2560 512 ) (-128 2816 512 ) 
4 679 680 (0 2944 768 ) (0 2944 512 ) (-384 2560 512 ) (-384 2560 768 ) 
4 680 686 (-384 2560 512 ) (-384 2560 624 ) (-384 2944 624 ) (-384 2944 512 ) 
4 680 685 (-384 2560 624 ) (-384 2560 768 ) (-384 2944 768 ) (-384 2944 624 ) 
4 680 682 (-384 2560 512 ) (-384 2944 512 ) (-128 2944 512 ) (-128 2816 512 ) 
4 681 682 (-383.996094 2560 512 ) (-128 2815.996094 512 ) (-128 2815.996094 256 ) (-383.996094 2560 256 ) 
4 682 687 (-384 2944 256 ) (-384 2560 256 ) (-384 2560 512 ) (-384 2944 512 ) 
4 683 687 (-752 2944 256 ) (-384 2944 256 ) (-384 2944 512 ) (-752 2944 512 ) 
4 683 686 (-384 2944 512 ) (-384 2944 624 ) (-752 2944 624 ) (-752 2944 512 ) 
4 683 685 (-384 2944 624 ) (-384 2944 768 ) (-752 2944 768 ) (-752 2944 624 ) 
4 683 684 (-752 2944 624 ) (-752 2944 768 ) (-752 3072 768 ) (-752 3072 624 ) 
4 684 997 (-1024 3072 768 ) (-1024 3072 624 ) (-1024 2944 624 ) (-1024 2944 768 ) 
4 684 685 (-752 2944 624 ) (-752 2944 768 ) (-1024 2944 768 ) (-1024 2944 624 ) 
4 685 1010 (-1024 2560 624 ) (-1024 2560 768 ) (-1024 2592 768 ) (-1024 2592 624 ) 
4 685 997 (-1024 2592 768 ) (-1024 2944 768 ) (-1024 2944 624 ) (-1024 2592 624 ) 
4 685 698 (-752 2560 768 ) (-1024 2560 768 ) (-1024 2560 624 ) (-752 2560 624 ) 
4 685 695 (-384 2560 768 ) (-752 2560 768 ) (-752 2560 624 ) (-384 2560 624 ) 
4 685 686 (-752 2944 624 ) (-384 2944 624 ) (-384 2560 624 ) (-752 2560 624 ) 
4 686 695 (-752 2560 512 ) (-384 2560 512 ) (-384 2560 624 ) (-752 2560 624 ) 
4 686 687 (-752 2944 512 ) (-384 2944 512 ) (-384 2560 512 ) (-752 2560 512 ) 
4 687 704 (-752 2560 256 ) (-384 2560 256 ) (-384 2560 320 ) (-752 2560 320 ) 
4 687 697 (-384 2560 320 ) (-384 2560 512 ) (-752 2560 512 ) (-752 2560 320 ) 
4 689 691 (0 2528 512 ) (0 2528 672 ) (-128 2528 672 ) (-128 2528 512 ) 
4 689 690 (0 2528 512 ) (-128 2528 512 ) (-128 2560 512 ) (0 2560 512 ) 
4 690 693 (0 2528 480 ) (0 2528 512 ) (-128 2528 512 ) (-128 2528 480 ) 
4 691 692 (-256 2240 512 ) (0 2240 512 ) (0 2240 640 ) (-256 2240 640 ) 
4 691 693 (-256 2240 512 ) (-256 2528 512 ) (0 2528 512 ) (0 2240 512 ) 
4 692 712 (-256 2176 640 ) (-256 2176 512 ) (-64 2176 512 ) (-64 2176 640 ) 
4 692 709 (-64 2176 512 ) (0 2176 512 ) (0 2176 640 ) (-64 2176 640 ) 
4 692 693 (0 2176 512 ) (-256 2176 512 ) (-256 2240 512 ) (0 2240 512 ) 
4 693 712 (-256 2176 512 ) (-256 2176 320 ) (-64 2176 320 ) (-64 2176 512 ) 
4 693 711 (-64 2176 320 ) (0 2176 320 ) (0 2176 448 ) (-64 2176 448 ) 
4 693 709 (0 2176 448 ) (0 2176 512 ) (-64 2176 512 ) (-64 2176 448 ) 
4 694 713 (-384 2176 768 ) (-752 2176 768 ) (-752 2176 512 ) (-384 2176 512 ) 
4 694 699 (-752 2192 512 ) (-752 2176 512 ) (-752 2176 768 ) (-752 2192 768 ) 
4 694 696 (-752 2176 512 ) (-752 2192 512 ) (-384 2560 512 ) (-384 2176 512 ) 
4 694 695 (-384 2560 768 ) (-384 2560 512 ) (-752 2192 512 ) (-752 2192 768 ) 
4 695 700 (-752 2368 512 ) (-752 2192 512 ) (-752 2192 768 ) (-752 2368 768 ) 
4 695 698 (-752 2560 768 ) (-752 2560 624 ) (-752 2368 624 ) (-752 2368 768 ) 
3 695 697 (-752 2192 512 ) (-752 2560 512 ) (-384 2560 512 ) 
4 696 713 (-752 2176 512 ) (-752 2176 320 ) (-384 2176 320 ) (-384 2176 512 ) 
4 696 703 (-384 2560 320 ) (-384 2176 320 ) (-752 2176 320 ) (-752 2192 320 ) 
4 696 701 (-752 2192 320 ) (-752 2176 320 ) (-752 2176 512 ) (-752 2192 512 ) 
4 696 697 (-384 2560 512 ) (-384 2560 320 ) (-752 2192 320 ) (-752 2192 512 ) 
3 697 704 (-752 2560 320 ) (-384 2560 320 ) (-752 2192 320 ) 
4 697 702 (-752 2368 320 ) (-752 2192 320 ) (-752 2192 512 ) (-752 2368 512 ) 
4 698 1010 (-1024 2368 768 ) (-1024 2560 768 ) (-1024 2560 624 ) (-1024 2368 624 ) 
4 698 700 (-752 2368 624 ) (-752 2368 768 ) (-1024 2368 768 ) (-1024 2368 624 ) 
4 699 713 (-752 2176 768 ) (-768 2176 768 ) (-768 2176 512 ) (-752 2176 512 ) 
3 699 701 (-752 2192 512 ) (-752 2176 512 ) (-768 2176 512 ) 
4 699 700 (-752 2192 768 ) (-752 2192 512 ) (-768 2176 512 ) (-768 2176 768 ) 
4 700 1011 (-1024 2176 512 ) (-1024 2176 624 ) (-1024 2368 624 ) (-1024 2368 512 ) 
4 700 1010 (-1024 2176 624 ) (-1024 2176 768 ) (-1024 2368 768 ) (-1024 2368 624 ) 
4 700 714 (-768 2176 768 ) (-1024 2176 768 ) (-1024 2176 512 ) (-768 2176 512 ) 
5 700 702 (-1024 2368 512 ) (-752 2368 512 ) (-752 2192 512 ) (-768 2176 512 ) (-1024 2176 512 ) 
4 701 713 (-768 2176 320 ) (-752 2176 320 ) (-752 2176 512 ) (-768 2176 512 ) 
3 701 705 (-752 2192 320 ) (-752 2176 320 ) (-768 2176 320 ) 
4 701 702 (-768 2176 512 ) (-752 2192 512 ) (-752 2192 320 ) (-768 2176 320 ) 
4 702 1013 (-1024 2176 320 ) (-1024 2176 448 ) (-1024 2368 448 ) (-1024 2368 320 ) 
4 702 1011 (-1024 2176 448 ) (-1024 2176 512 ) (-1024 2368 512 ) (-1024 2368 448 ) 
4 702 714 (-1024 2176 512 ) (-1024 2176 320 ) (-768 2176 320 ) (-768 2176 512 ) 
4 702 707 (-832 2176 320 ) (-1024 2176 320 ) (-1024 2368 320 ) (-832 2368 320 ) 
5 702 706 (-752 2368 320 ) (-752 2192 320 ) (-768 2176 320 ) (-832 2176 320 ) (-832 2368 320 ) 
4 703 713 (-384 2176 320 ) (-752 2176 320 ) (-752 2176 256 ) (-384 2176 256 ) 
4 703 705 (-752 2176 320 ) (-752 2192 320 ) (-752 2192 256 ) (-752 2176 256 ) 
4 703 704 (-384 2560 320 ) (-384 2560 256 ) (-752 2192 256 ) (-752 2192 320 ) 
4 704 706 (-752 2192 320 ) (-752 2368 320 ) (-752 2368 256 ) (-752 2192 256 ) 
4 705 713 (-752 2176 256 ) (-752 2176 320 ) (-768 2176 320 ) (-768 2176 256 ) 
4 705 706 (-752 2192 320 ) (-752 2192 256 ) (-768 2176 256 ) (-768 2176 320 ) 
4 706 714 (-768 2176 320 ) (-832 2176 320 ) (-832 2176 256 ) (-768 2176 256 ) 
4 706 707 (-832 2176 320 ) (-832 2368 320 ) (-832 2368 256 ) (-832 2176 256 ) 
4 707 1018 (-1024 2176 0 ) (-1024 2176 256 ) (-1024 2368 256 ) (-1024 2368 0 ) 
4 707 1013 (-1024 2176 256 ) (-1024 2176 320 ) (-1024 2368 320 ) (-1024 2368 256 ) 
4 707 714 (-1024 2176 320 ) (-1024 2176 0 ) (-832 2176 0 ) (-832 2176 320 ) 
4 707 708 (-832 2368 0 ) (-832 2176 0 ) (-1024 2176 0 ) (-1024 2368 0 ) 
4 708 1019 (-1024 2368 -128 ) (-1024 2176 -128 ) (-1024 2176 0 ) (-1024 2368 0 ) 
4 708 716 (-1024 2176 0 ) (-1024 2176 -128 ) (-832 2176 -128 ) (-832 2176 0 ) 
4 709 712 (-64 2176 640 ) (-64 2176 448 ) (-64 2048 448 ) (-64 2048 640 ) 
5 709 711 (-64 2048 448 ) (-64 2176 448 ) (0 2176 448 ) (0 2080 448 ) (-32 2048 448 ) 
4 709 710 (-32 2048 448 ) (0 2080 448 ) (0 2080 688 ) (-32 2048 688 ) 
4 711 712 (-64 2176 448 ) (-64 2176 320 ) (-64 2048 320 ) (-64 2048 448 ) 
4 712 761 (-256 2048 320 ) (-128 2048 320 ) (-128 2048 640 ) (-256 2048 640 ) 
4 712 748 (-128 2048 320 ) (-64 2048 320 ) (-64 2048 640 ) (-128 2048 640 ) 
4 713 783 (-384 2048 0 ) (-384 2048 768 ) (-512 2048 768 ) (-512 2048 0 ) 
4 713 784 (-512 2048 768 ) (-896 2048 768 ) (-896 2048 0 ) (-512 2048 0 ) 
4 713 715 (-768 2176 0 ) (-384 2176 0 ) (-384 2048 0 ) (-896 2048 0 ) 
4 713 714 (-768 2176 768 ) (-768 2176 0 ) (-896 2048 0 ) (-896 2048 768 ) 
4 714 1018 (-1024 2048 0 ) (-1024 2048 256 ) (-1024 2176 256 ) (-1024 2176 0 ) 
4 714 1013 (-1024 2048 256 ) (-1024 2048 448 ) (-1024 2176 448 ) (-1024 2176 256 ) 
4 714 1011 (-1024 2048 448 ) (-1024 2048 624 ) (-1024 2176 624 ) (-1024 2176 448 ) 
4 714 1010 (-1024 2048 624 ) (-1024 2048 768 ) (-1024 2176 768 ) (-1024 2176 624 ) 
4 714 784 (-896 2048 768 ) (-1024 2048 768 ) (-1024 2048 0 ) (-896 2048 0 ) 
4 714 716 (-1024 2176 0 ) (-768 2176 0 ) (-896 2048 0 ) (-1024 2048 0 ) 
4 715 790 (-512 2048 -16 ) (-896 2048 -16 ) (-896 2048 -128 ) (-512 2048 -128 ) 
4 715 789 (-384 2048 -128 ) (-384 2048 -16 ) (-512 2048 -16 ) (-512 2048 -128 ) 
4 715 785 (-384 2048 -16 ) (-384 2048 0 ) (-512 2048 0 ) (-512 2048 -16 ) 
4 715 786 (-512 2048 0 ) (-896 2048 0 ) (-896 2048 -16 ) (-512 2048 -16 ) 
4 715 716 (-768 2176 -128 ) (-896 2048 -128 ) (-896 2048 0 ) (-768 2176 0 ) 
4 716 1019 (-1024 2048 -128 ) (-1024 2048 0 ) (-1024 2176 0 ) (-1024 2176 -128 ) 
4 716 790 (-1024 2048 -16 ) (-1024 2048 -128 ) (-896 2048 -128 ) (-896 2048 -16 ) 
4 716 786 (-896 2048 0 ) (-1024 2048 0 ) (-1024 2048 -16 ) (-896 2048 -16 ) 
4 717 801 (256 1024 2048 ) (0 1024 2048 ) (0 1024 1024 ) (256 1024 1024 ) 
4 717 800 (320 1024 2048 ) (256 1024 2048 ) (256 1024 1024 ) (320 1024 1024 ) 
4 717 792 (1024 1024 1024 ) (1024 1024 2048 ) (320 1024 2048 ) (320 1024 1024 ) 
4 717 746 (0 1024 1024 ) (0 1024 2048 ) (0 2048 2048 ) (0 2048 1024 ) 
4 717 737 (128 1280 1024 ) (1024 1280 1024 ) (1024 1024 1024 ) (256 1024 1024 ) 
4 717 729 (128 1408 1024 ) (1024 1408 1024 ) (1024 1280 1024 ) (128 1280 1024 ) 
3 717 728 (96 1440 1024 ) (128 1440 1024 ) (128 1408 1024 ) 
4 717 727 (0 1440 1024 ) (0 1856 1024 ) (128 1856 1024 ) (128 1440 1024 ) 
4 717 724 (0 1856 1024 ) (0 2048 1024 ) (128 2048 1024 ) (128 1856 1024 ) 
4 717 718 (128 2048 1024 ) (1024 2048 1024 ) (1024 1408 1024 ) (128 1408 1024 ) 
4 718 729 (1024 1408 768 ) (1024 1408 1024 ) (128 1408 1024 ) (128 1408 768 ) 
4 718 728 (128 1408 768 ) (128 1408 1024 ) (128 1440 1024 ) (128 1440 768 ) 
4 718 727 (128 1440 1024 ) (128 1856 1024 ) (128 1856 768 ) (128 1440 768 ) 
4 718 726 (128 2048 896 ) (128 2048 768 ) (128 1920 768 ) (128 1920 896 ) 
4 718 725 (128 1920 768 ) (128 1856 768 ) (128 1856 896 ) (128 1920 896 ) 
4 718 724 (128 1856 1024 ) (128 2048 1024 ) (128 2048 896 ) (128 1856 896 ) 
3 718 722 (128 1664.001953 768 ) (128 1728 768 ) (191.998169 1728 768 ) 
4 718 721 (128 1728 768 ) (128 2048 768 ) (320 2048 768 ) (320 1728 768 ) 
4 718 723 (320 1408 768 ) (128 1408 768 ) (128 1664 768 ) (320 1664 768 ) 
4 718 720 (384 1408 768 ) (320 1408 768 ) (320 1664 768 ) (384 1664 768 ) 
4 718 719 (1024 1408 768 ) (384 1408 768 ) (384 2048 768 ) (1024 2048 768 ) 
4 719 739 (384 2048 320 ) (1024 2048 320 ) (1024 1408 320 ) (384 1408 320 ) 
4 719 730 (384 1408 320 ) (1024 1408 320 ) (1024 1408 768 ) (384 1408 768 ) 
4 719 720 (384 1664 320 ) (384 1408 320 ) (384 1408 768 ) (384 1664 768 ) 
4 720 730 (320 1408 320 ) (384 1408 320 ) (384 1408 768 ) (320 1408 768 ) 
4 720 723 (320 1664 320 ) (320 1408 320 ) (320 1408 768 ) (320 1664 768 ) 
4 721 727 (128 1856 320 ) (128 1728 320 ) (128 1728 768 ) (128 1856 768 ) 
4 721 726 (128 2048 320 ) (128 1920 320 ) (128 1920 768 ) (128 2048 768 ) 
4 721 725 (128 1920 320 ) (128 1856 320 ) (128 1856 768 ) (128 1920 768 ) 
4 721 722 (191.998154 1728 768 ) (128 1728 768 ) (128 1728 320 ) (191.998169 1728 320 ) 
4 722 727 (128 1728 320 ) (128 1664 320 ) (128 1664 768 ) (128 1728 768 ) 
4 723 730 (128 1408 320 ) (320 1408 320 ) (320 1408 768 ) (128 1408 768 ) 
4 723 728 (128 1440 320 ) (128 1408 320 ) (128 1408 768 ) (128 1440 768 ) 
4 723 727 (128 1664 320 ) (128 1440 320 ) (128 1440 768 ) (128 1664 768 ) 
4 724 749 (0 1856 1024 ) (0 1920 1024 ) (0 1920 896 ) (0 1856 896 ) 
4 724 747 (0 1920 1024 ) (0 2048 1024 ) (0 2048 896 ) (0 1920 896 ) 
4 724 727 (128 1856 896 ) (128 1856 1024 ) (0 1856 1024 ) (0 1856 896 ) 
5 724 726 (0 2047.996704 896 ) (0 2048 896 ) (128 2048 896 ) (128 1920 896 ) (127.998360 1919.998413 896 ) 
3 724 725 (128 1856 896 ) (64 1856 896 ) (128 1920 896 ) 
4 725 727 (64 1856 320 ) (128 1856 320 ) (128 1856 896 ) (64 1856 896 ) 
4 727 750 (0 1440 1024 ) (0 1856 1024 ) (0 1856 320 ) (0 1440 320 ) 
4 727 728 (96 1440 320 ) (128 1440 320 ) (128 1440 1024 ) (96 1440 1024 ) 
4 729 737 (1024 1280 768 ) (1024 1280 1024 ) (128 1280 1024 ) (128 1280 768 ) 
4 729 730 (1024 1280 768 ) (128 1280 768 ) (128 1408 768 ) (1024 1408 768 ) 
4 730 739 (384 1408 320 ) (1024 1408 320 ) (1024 1280 320 ) (384 1280 320 ) 
4 730 738 (128 1280 320 ) (1024 1280 320 ) (1024 1280 768 ) (128 1280 768 ) 
4 730 731 (128 1408 640 ) (128 1408 320 ) (128 1280 320 ) (128 1280 640 ) 
4 731 733 (96 1376 640 ) (128 1408 640 ) (128 1408 320 ) (96 1376 320 ) 
4 731 732 (96 1376.001953 640 ) (96 1376.001953 320 ) (96 1280 320 ) (96 1280 640 ) 
4 732 734 (0 1280 320 ) (0 1280 640 ) (96 1376 640 ) (96 1376 320 ) 
4 733 734 (96 1376.001953 320 ) (96 1376.001953 640 ) (96 1408 640 ) (96 1408 320 ) 
4 734 751 (0 1408 640 ) (0 1408 320 ) (0 1280 320 ) (0 1280 640 ) 
4 735 879 (128 1024 320 ) (224 1024 320 ) (224 1024 624 ) (128 1024 624 ) 
4 735 862 (224 1024 624 ) (224 1024 704 ) (128 1024 704 ) (128 1024 624 ) 
4 735 740 (224 1024 320 ) (128 1024 320 ) (128 1152 320 ) (160 1152 320 ) 
4 735 736 (128 1152 704 ) (128 1152 320 ) (128 1024 320 ) (128 1024 704 ) 
4 736 883 (0 1024 624 ) (0 1024 320 ) (128 1024 320 ) (128 1024 624 ) 
4 736 863 (0 1024 704 ) (0 1024 624 ) (128 1024 624 ) (128 1024 704 ) 
4 736 753 (0 1024 320 ) (0 1024 544 ) (0 1152 544 ) (0 1152 320 ) 
4 736 752 (0 1024 544 ) (0 1024 704 ) (0 1088 704 ) (0 1088 544 ) 
4 736 742 (128 1024 320 ) (0 1024 320 ) (0 1152 320 ) (128 1152 320 ) 
4 737 864 (352 1024 1024 ) (256 1024 1024 ) (256 1024 768 ) (352 1024 768 ) 
4 737 854 (416 1024 1024 ) (352 1024 1024 ) (352 1024 768 ) (416 1024 768 ) 
4 737 848 (576 1024 1024 ) (416 1024 1024 ) (416 1024 768 ) (576 1024 768 ) 
4 737 844 (704 1024 1024 ) (576 1024 1024 ) (576 1024 768 ) (704 1024 768 ) 
4 737 838 (768 1024 1024 ) (704 1024 1024 ) (704 1024 768 ) (768 1024 768 ) 
4 737 805 (1024 1024 768 ) (1024 1024 1024 ) (768 1024 1024 ) (768 1024 768 ) 
4 737 738 (128 1280 768 ) (1024 1280 768 ) (1024 1024 768 ) (256 1024 768 ) 
4 738 875 (256 1024 624 ) (256 1024 320 ) (352 1024 320 ) (352 1024 624 ) 
4 738 872 (352 1024 320 ) (384 1024 320 ) (384 1024 624 ) (352 1024 624 ) 
4 738 871 (384 1024 320 ) (768 1024 320 ) (768 1024 624 ) (384 1024 624 ) 
4 738 865 (352 1024 768 ) (256 1024 768 ) (256 1024 624 ) (352 1024 624 ) 
4 738 856 (416 1024 768 ) (352 1024 768 ) (352 1024 624 ) (416 1024 624 ) 
4 738 851 (576 1024 768 ) (416 1024 768 ) (416 1024 624 ) (576 1024 624 ) 
4 738 845 (704 1024 768 ) (576 1024 768 ) (576 1024 624 ) (704 1024 624 ) 
4 738 839 (768 1024 768 ) (704 1024 768 ) (704 1024 624 ) (768 1024 624 ) 
4 738 832 (1024 1024 320 ) (1024 1024 432 ) (768 1024 432 ) (768 1024 320 ) 
4 738 830 (1024 1024 432 ) (1024 1024 592 ) (768 1024 592 ) (768 1024 432 ) 
4 738 829 (1024 1024 592 ) (1024 1024 624 ) (768 1024 624 ) (768 1024 592 ) 
4 738 806 (1024 1024 624 ) (1024 1024 768 ) (768 1024 768 ) (768 1024 624 ) 
4 738 739 (1024 1024 320 ) (384 1024 320 ) (384 1280 320 ) (1024 1280 320 ) 
4 739 871 (768 1024 320 ) (384 1024 320 ) (384 1024 256 ) (768 1024 256 ) 
4 739 832 (1024 1024 256 ) (1024 1024 320 ) (768 1024 320 ) (768 1024 256 ) 
4 740 879 (224 1024 320 ) (128 1024 320 ) (128 1024 256 ) (224 1024 256 ) 
4 740 742 (128 1152 256 ) (128 1024 256 ) (128 1024 320 ) (128 1152 320 ) 
4 740 741 (128 1024 256 ) (128 1152 256 ) (160 1152 256 ) (224 1024 256 ) 
4 741 881 (128 1024 256 ) (128 1024 -16 ) (224 1024 -16 ) (224 1024 256 ) 
4 741 745 (160 1024 -16 ) (128 1024 -16 ) (128 1056 -16 ) (160 1056 -16 ) 
4 741 744 (128 1056 -16 ) (128 1152 -16 ) (160 1152 -16 ) (160 1056 -16 ) 
3 741 743 (224 1024 -16 ) (160 1024 -16 ) (160 1152 -16 ) 
4 741 742 (128 1152 -16 ) (128 1024 -16 ) (128 1024 256 ) (128 1152 256 ) 
4 742 883 (128 1024 320 ) (0 1024 320 ) (0 1024 -16 ) (128 1024 -16 ) 
4 742 779 (0 1024 -16 ) (0 1024 256 ) (0 1088 256 ) (0 1088 -16 ) 
4 742 773 (0 1024 256 ) (0 1024 320 ) (0 1152 320 ) (0 1152 256 ) 
4 742 745 (128 1024 -16 ) (0 1024 -16 ) (0 1056 -16 ) (128 1056 -16 ) 
4 742 744 (0 1056 -16 ) (0 1152 -16 ) (128 1152 -16 ) (128 1056 -16 ) 
4 743 921 (224 1024 -16 ) (160 1024 -16 ) (160 1024 -128 ) (224 1024 -128 ) 
4 743 745 (160 1056 -128 ) (160 1024 -128 ) (160 1024 -16 ) (160 1056 -16 ) 
4 743 744 (160 1152 -16 ) (160 1152 -128 ) (160 1056 -128 ) (160 1056 -16 ) 
4 744 787 (0 1056 -16 ) (0 1088 -16 ) (0 1088 -128 ) (0 1056 -128 ) 
4 744 745 (0 1056 -128 ) (160 1056 -128 ) (160 1056 -16 ) (0 1056 -16 ) 
4 745 922 (160 1024 -16 ) (0 1024 -16 ) (0 1024 -128 ) (160 1024 -128 ) 
4 745 788 (0 1024 -128 ) (0 1024 -16 ) (0 1056 -16 ) (0 1056 -128 ) 
4 746 928 (0 1024 1024 ) (0 1024 2048 ) (-64 1024 2048 ) (-64 1024 1024 ) 
4 746 749 (0 1920 1024 ) (0 1856 1024 ) (-64 1856 1024 ) (-64 1920 1024 ) 
4 746 750 (0 1856 1024 ) (0 1440 1024 ) (-64 1440 1024 ) (-64 1856 1024 ) 
4 746 747 (-64 2048 1024 ) (0 2048 1024 ) (0 1920 1024 ) (-64 1920 1024 ) 
4 747 749 (0 1920 1024 ) (-64 1920 1024 ) (-64 1920 896 ) (0 1920 896 ) 
4 748 761 (-128 2048 320 ) (-128 1920 320 ) (-128 1920 640 ) (-128 2048 640 ) 
4 749 750 (-64 1856 1024 ) (-64 1856 896 ) (0 1856 896 ) (0 1856 1024 ) 
4 751 770 (-128 1408 320 ) (-128 1280 320 ) (-128 1280 640 ) (-128 1408 640 ) 
4 751 756 (-128 1280 544 ) (-128 1280 320 ) (0 1280 320 ) (0 1280 544 ) 
4 752 932 (0 1024 544 ) (0 1024 704 ) (-128 1024 704 ) (-128 1024 544 ) 
4 752 772 (-128 1024 544 ) (-128 1024 640 ) (-128 1088 640 ) (-128 1088 544 ) 
4 752 760 (-128 1024 640 ) (-128 1024 704 ) (-128 1088 704 ) (-128 1088 640 ) 
4 752 753 (-128 1024 544 ) (-128 1088 544 ) (0 1088 544 ) (0 1024 544 ) 
4 753 932 (0 1024 320 ) (0 1024 544 ) (-128 1024 544 ) (-128 1024 320 ) 
4 753 773 (0 1152 320 ) (0 1024 320 ) (-128 1024 320 ) (-128 1120 320 ) 
4 753 772 (-128 1088 320 ) (-128 1024 320 ) (-128 1024 544 ) (-128 1088 544 ) 
4 753 755 (-128 1120 320 ) (-128 1120 544 ) (0 1152 544 ) (0 1152 320 ) 
3 754 774 (0 1280 320 ) (0 1184 320 ) (-128 1152 320 ) 
4 754 756 (-128 1152.003906 320 ) (-128 1152.003906 544 ) (-0.003906 1280 544 ) (-0.003893 1280 320 ) 
4 754 755 (-128 1152 544 ) (-128 1152 320 ) (0 1184 320 ) (0 1184 544 ) 
4 755 775 (0 1184 320 ) (0 1152 320 ) (-128 1120 320 ) (-128 1152 320 ) 
3 756 776 (0 1280 320 ) (-128 1152 320 ) (-128 1280 320 ) 
4 756 770 (-128 1280 320 ) (-128 1152 320 ) (-128 1152 544 ) (-128 1280 544 ) 
4 757 781 (-384 2048 1024 ) (-384 2048 768 ) (-384 1280 768 ) (-384 1280 1024 ) 
4 757 780 (-384 2048 2048 ) (-384 2048 1024 ) (-384 1216 1024 ) (-384 1216 2048 ) 
4 757 758 (-384 1216 2048 ) (-384 1216 1024 ) (-128 1216 1024 ) (-128 1216 2048 ) 
4 758 930 (-384 1024 2048 ) (-384 1024 1024 ) (-128 1024 1024 ) (-128 1024 2048 ) 
4 758 780 (-384 1024 1024 ) (-384 1024 2048 ) (-384 1216 2048 ) (-384 1216 1024 ) 
4 759 771 (-384 1152 640 ) (-384 1216 640 ) (-256 1216 640 ) (-256 1152 640 ) 
4 759 770 (-256 1216 640 ) (-128 1216 640 ) (-128 1152 640 ) (-256 1152 640 ) 
4 760 934 (-384 1024 704 ) (-384 1024 640 ) (-128 1024 640 ) (-128 1024 704 ) 
4 760 772 (-384 1024 640 ) (-384 1088 640 ) (-128 1088 640 ) (-128 1024 640 ) 
4 761 762 (-256 1920 640 ) (-256 1920 320 ) (-128.001953 1920 320 ) (-128.001938 1920 640 ) 
4 762 764 (-149.331390 1888 320 ) (-128 1919.996094 320 ) (-128 1919.996094 640 ) (-149.331375 1888 640 ) 
4 762 763 (-256 1888 640 ) (-256 1888 320 ) (-149.335938 1888 320 ) (-149.335938 1888 640 ) 
4 763 765 (-256 1728.001953 640 ) (-256 1728.001953 320 ) (-149.331390 1888 320 ) (-149.331375 1888 640 ) 
4 764 765 (-149.335938 1888 640 ) (-149.335938 1888 320 ) (-128 1888 320 ) (-128 1888 640 ) 
4 765 768 (-256 1728.002197 320 ) (-256 1536 320 ) (-256 1536 640 ) (-256 1728.002197 640 ) 
4 766 768 (-352 1584 320 ) (-256 1728 320 ) (-256 1728 640 ) (-352 1584 640 ) 
4 766 767 (-352 1776 640 ) (-352 1776 320 ) (-352 1584.007812 320 ) (-352 1584.007812 640 ) 
4 767 783 (-384 1536 640 ) (-384 1792 640 ) (-384 1792 320 ) (-384 1536 320 ) 
4 767 769 (-384 1536 640 ) (-384 1536 320 ) (-352 1584 320 ) (-352 1584 640 ) 
4 768 769 (-352 1584.007812 640 ) (-352 1584.007812 320 ) (-352 1536 320 ) (-352 1536 640 ) 
4 770 777 (-128 1280 320 ) (-128 1152 320 ) (-256 1152 320 ) (-256 1280 320 ) 
4 770 771 (-256 1280 320 ) (-256 1152 320 ) (-256 1152 640 ) (-256 1280 640 ) 
4 771 777 (-384 1152 320 ) (-384 1280 320 ) (-256 1280 320 ) (-256 1152 320 ) 
4 772 934 (-384 1024 640 ) (-384 1024 320 ) (-128 1024 320 ) (-128 1024 640 ) 
4 772 778 (-384 1024 320 ) (-384 1088 320 ) (-128 1088 320 ) (-128 1024 320 ) 
4 773 932 (0 1024 256 ) (0 1024 320 ) (-128 1024 320 ) (-128 1024 256 ) 
4 773 779 (0 1024 256 ) (-128 1024 256 ) (-128 1088 256 ) (0 1088 256 ) 
4 773 778 (-128 1088 256 ) (-128 1024 256 ) (-128 1024 320 ) (-128 1088 320 ) 
4 773 775 (0 1152 256 ) (-128 1120 256 ) (-128 1120 320 ) (0 1152 320 ) 
4 774 776 (-0.001963 1280 320 ) (-0.001961 1280 256 ) (-128 1152.001953 256 ) (-128 1152.001953 320 ) 
4 774 775 (-128 1152 320 ) (-128 1152 256 ) (0 1184 256 ) (0 1184 320 ) 
4 776 777 (-128 1280 256 ) (-128 1152 256 ) (-128 1152 320 ) (-128 1280 320 ) 
4 778 934 (-128 1024 320 ) (-384 1024 320 ) (-384 1024 256 ) (-128 1024 256 ) 
4 778 779 (-128 1024 256 ) (-384 1024 256 ) (-384 1088 256 ) (-128 1088 256 ) 
4 779 934 (-384 1024 -16 ) (-128 1024 -16 ) (-128 1024 256 ) (-384 1024 256 ) 
4 779 932 (-128 1024 -16 ) (0 1024 -16 ) (0 1024 256 ) (-128 1024 256 ) 
4 779 787 (0 1088 -16 ) (0 1056 -16 ) (-384 1056 -16 ) (-384 1088 -16 ) 
4 779 788 (0 1056 -16 ) (0 1024 -16 ) (-384 1024 -16 ) (-384 1056 -16 ) 
4 780 1053 (-1024 1024 1024 ) (-1024 1024 2048 ) (-1024 2048 2048 ) (-1024 2048 1024 ) 
4 780 930 (-1024 1024 2048 ) (-1024 1024 1024 ) (-384 1024 1024 ) (-384 1024 2048 ) 
4 780 781 (-512 2048 1024 ) (-384 2048 1024 ) (-384 1280 1024 ) (-512 1280 1024 ) 
4 780 782 (-1024 2048 1024 ) (-512 2048 1024 ) (-512 1024 1024 ) (-1024 1024 1024 ) 
4 781 783 (-512 2048 768 ) (-384 2048 768 ) (-384 1280 768 ) (-512 1280 768 ) 
4 781 782 (-512 2048 768 ) (-512 1280 768 ) (-512 1280 1024 ) (-512 2048 1024 ) 
4 782 1053 (-1024 1024 768 ) (-1024 1024 1024 ) (-1024 2048 1024 ) (-1024 2048 768 ) 
4 782 935 (-1024 1024 1024 ) (-1024 1024 768 ) (-512 1024 768 ) (-512 1024 1024 ) 
4 782 784 (-1024 2048 768 ) (-512 2048 768 ) (-512 1024 768 ) (-1024 1024 768 ) 
4 783 785 (-512 2048 0 ) (-384 2048 0 ) (-384 1280 0 ) (-512 1280 0 ) 
4 783 784 (-512 2048 0 ) (-512 1280 0 ) (-512 1280 768 ) (-512 2048 768 ) 
4 784 1054 (-1024 1024 0 ) (-1024 1024 768 ) (-1024 2048 768 ) (-1024 2048 0 ) 
4 784 937 (-1024 1024 768 ) (-1024 1024 0 ) (-512 1024 0 ) (-512 1024 768 ) 
4 784 786 (-1024 1024 0 ) (-1024 2048 0 ) (-512 2048 0 ) (-512 1024 0 ) 
4 785 789 (-512 2048 -16 ) (-384 2048 -16 ) (-384 1280 -16 ) (-512 1280 -16 ) 
4 785 786 (-512 2048 -16 ) (-512 1280 -16 ) (-512 1280 0 ) (-512 2048 0 ) 
4 786 1055 (-1024 1024 -16 ) (-1024 1024 0 ) (-1024 2048 0 ) (-1024 2048 -16 ) 
4 786 939 (-1024 1024 0 ) (-1024 1024 -16 ) (-512 1024 -16 ) (-512 1024 0 ) 
4 786 791 (-512 1536 -16 ) (-512 1024 -16 ) (-1024 1024 -16 ) (-1024 1536 -16 ) 
4 786 790 (-1024 2048 -16 ) (-512 2048 -16 ) (-512 1536 -16 ) (-1024 1536 -16 ) 
4 787 788 (-384 1056 -16 ) (-384 1056 -128 ) (0 1056 -128 ) (0 1056 -16 ) 
4 788 985 (-384 1024 -128 ) (0 1024 -128 ) (0 1024 -16 ) (-384 1024 -16 ) 
4 789 791 (-512 1536 -128 ) (-512 1280 -128 ) (-512 1280 -16 ) (-512 1536 -16 ) 
4 789 790 (-512 2048 -128 ) (-512 1536 -128 ) (-512 1536 -16 ) (-512 2048 -16 ) 
4 790 1074 (-1024 1536 -16 ) (-1024 2048 -16 ) (-1024 2048 -128 ) (-1024 1536 -128 ) 
4 790 791 (-1024 1536 -128 ) (-512 1536 -128 ) (-512 1536 -16 ) (-1024 1536 -16 ) 
4 791 1076 (-1024 1024 -128 ) (-1024 1024 -16 ) (-1024 1056 -16 ) (-1024 1056 -128 ) 
4 791 1075 (-1024 1056 -16 ) (-1024 1536 -16 ) (-1024 1536 -128 ) (-1024 1056 -128 ) 
4 791 986 (-1024 1024 -16 ) (-1024 1024 -128 ) (-512 1024 -128 ) (-512 1024 -16 ) 
4 792 864 (320 896 1024 ) (320 1024 1024 ) (352 1024 1024 ) (352 832 1024 ) 
3 792 855 (400 736 1024 ) (384 736 1024 ) (384 768 1024 ) 
5 792 854 (352 1024 1024 ) (416 1024 1024 ) (416 736 1024 ) (400 736 1024 ) (352 832 1024 ) 
4 792 848 (416 1024 1024 ) (576 1024 1024 ) (576 736 1024 ) (416 736 1024 ) 
4 792 844 (576 1024 1024 ) (704 1024 1024 ) (704 736 1024 ) (576 736 1024 ) 
4 792 838 (704 1024 1024 ) (768 1024 1024 ) (768 736 1024 ) (704 736 1024 ) 
4 792 805 (768 1024 1024 ) (1024 1024 1024 ) (1024 736 1024 ) (768 736 1024 ) 
4 792 800 (320 1024 1024 ) (320 736 1024 ) (320 736 2048 ) (320 1024 2048 ) 
4 792 794 (768 736 1024 ) (896 736 1024 ) (896 736 2048 ) (768 736 2048 ) 
4 792 793 (896 736 1024 ) (1024 736 1024 ) (1024 736 2048 ) (896 736 2048 ) 
5 793 805 (896 736 1024 ) (1024 736 1024 ) (1024 512 1024 ) (960.005920 512 1024 ) (896 544.002991 1024 ) 
4 793 797 (896 512 1024 ) (1024 512 1024 ) (1024 512 2048 ) (896 512 2048 ) 
4 793 794 (896 736 2048 ) (896 736 1024 ) (896 544.002991 1024 ) (896 544.002991 2048 ) 
4 794 805 (768 736 1024 ) (896 736 1024 ) (896 544.002991 1024 ) (768 608.002991 1024 ) 
4 795 798 (704 512 1024 ) (768 512 1024 ) (768 512 2048 ) (704 512 2048 ) 
4 795 796 (704 576 1024 ) (704 512 1024 ) (704 512 2048 ) (704 576 2048 ) 
4 796 860 (416 544 1024 ) (416 512 1024 ) (384 512 1024 ) (384 544 1024 ) 
4 796 858 (384 704 1024 ) (416 704 1024 ) (416 544 1024 ) (384 544 1024 ) 
4 796 850 (416 704 1024 ) (576 704 1024 ) (576 512 1024 ) (416 512 1024 ) 
4 796 846 (576 704 1024 ) (704 704 1024 ) (704 512 1024 ) (576 512 1024 ) 
4 796 798 (320 512 2048 ) (320 512 1024 ) (704 512 1024 ) (704 512 2048 ) 
3 797 805 (960.005920 512 1024 ) (1024 512 1024 ) (1024 480.002991 1024 ) 
4 798 885 (448 512 1024 ) (704 512 1024 ) (704 384 1024 ) (448 384 1024 ) 
4 799 1236 (832 0 2048 ) (320 0 2048 ) (320 0 1024 ) (832 0 1024 ) 
4 799 904 (384 0 1024 ) (320 0 1024 ) (320 288 1024 ) (384 320 1024 ) 
4 799 902 (448 0 1024 ) (384 0 1024 ) (384 320 1024 ) (448 320 1024 ) 
4 799 894 (704 0 1024 ) (448 0 1024 ) (448 320 1024 ) (704 320 1024 ) 
4 799 892 (768 0 1024 ) (704 0 1024 ) (704 320 1024 ) (768 320 1024 ) 
4 799 827 (832 0 1024 ) (768 0 1024 ) (768 64 1024 ) (832 64 1024 ) 
3 800 864 (256 1024 1024 ) (320 1024 1024 ) (320 896 1024 ) 
4 800 801 (256 1024 1024 ) (256 736 1024 ) (256 736 2048 ) (256 1024 2048 ) 
4 801 928 (0 1024 2048 ) (0 1024 1024 ) (0 576 1024 ) (0 576 2048 ) 
4 802 1237 (256 0 2048 ) (0 0 2048 ) (0 0 1024 ) (256 0 1024 ) 
4 802 969 (0 192 1024 ) (0 0 1024 ) (0 0 2048 ) (0 192 2048 ) 
4 802 967 (0 320 1024 ) (0 192 1024 ) (0 192 2048 ) (0 320 2048 ) 
4 802 966 (0 384 1024 ) (0 320 1024 ) (0 320 2048 ) (0 384 2048 ) 
4 802 929 (0 512 1024 ) (0 384 1024 ) (0 384 2048 ) (0 512 2048 ) 
3 802 919 (0 512 1024 ) (128 512 1024 ) (128 384 1024 ) 
4 802 918 (128 0 1024 ) (0 0 1024 ) (0 512 1024 ) (128 384 1024 ) 
4 802 913 (128 384 1024 ) (128 512 1024 ) (256 512 1024 ) (256 256 1024 ) 
4 802 912 (256 0 1024 ) (128 0 1024 ) (128 384 1024 ) (256 256 1024 ) 
4 803 886 (768 512 768 ) (768 384 768 ) (768 384 896 ) (768 512 896 ) 
4 803 840 (768 576 896 ) (768 576 768 ) (768 512 768 ) (768 512 896 ) 
4 803 819 (832 320 768 ) (896 320 768 ) (896 320 832 ) (832 320 832 ) 
4 803 811 (896 320 768 ) (1024 320 768 ) (1024 320 832 ) (896 320 832 ) 
4 803 807 (1024 320 832 ) (1024 320 896 ) (832 320 896 ) (832 320 832 ) 
5 803 804 (768 576 768 ) (1024 448 768 ) (1024 320 768 ) (832 320 768 ) (768 384 768 ) 
4 804 889 (768 512 624 ) (768 384 624 ) (768 384 768 ) (768 512 768 ) 
4 804 842 (768 576 768 ) (768 576 624 ) (768 512 624 ) (768 512 768 ) 
4 804 821 (832 320 624 ) (896 320 624 ) (896 320 768 ) (832 320 768 ) 
4 804 813 (896 320 624 ) (1024 320 624 ) (1024 320 768 ) (896 320 768 ) 
4 805 838 (768 736 1024 ) (768 1024 1024 ) (768 1024 768 ) (768 736 768 ) 
4 805 806 (768 608.002991 768 ) (768 1024 768 ) (1024 1024 768 ) (1024 480.002991 768 ) 
4 806 839 (768 1024 768 ) (768 1024 624 ) (768 736 624 ) (768 736 768 ) 
4 806 829 (768 608.002991 624 ) (768 1024 624 ) (1024 1024 624 ) (1024 480.002991 624 ) 
4 807 819 (832 304 832 ) (832 320 832 ) (896 320 832 ) (896 304 832 ) 
4 807 811 (896 320 832 ) (1024 320 832 ) (1024 304 832 ) (896 304 832 ) 
4 807 808 (832 304 832 ) (1024 304 832 ) (1024 304 896 ) (832 304 896 ) 
4 808 820 (832 256 832 ) (832 304 832 ) (896 304 832 ) (896 256 832 ) 
4 808 812 (896 304 832 ) (1024 304 832 ) (1024 256 832 ) (896 256 832 ) 
4 808 809 (832 256 896 ) (832 256 832 ) (1024 256 832 ) (1024 256 896 ) 
4 809 823 (832 96 832 ) (832 144 832 ) (896 144 832 ) (896 96 832 ) 
4 809 820 (832 144 832 ) (832 256 832 ) (896 256 832 ) (896 144 832 ) 
4 809 815 (1024 144 832 ) (1024 96 832 ) (896 96 832 ) (896 144 832 ) 
4 809 812 (896 256 832 ) (1024 256 832 ) (1024 144 832 ) (896 144 832 ) 
4 810 1240 (1024 0 832 ) (1024 0 992 ) (832 0 992 ) (832 0 832 ) 
4 810 827 (832 64 832 ) (832 0 832 ) (832 0 992 ) (832 64 992 ) 
4 810 825 (832 0 832 ) (832 64 832 ) (1024 64 832 ) (1024 0 832 ) 
4 811 819 (896 304 832 ) (896 320 832 ) (896 320 768 ) (896 304 768 ) 
4 811 813 (896 304 768 ) (896 320 768 ) (1024 320 768 ) (1024 304 768 ) 
4 811 812 (896 304 832 ) (896 304 768 ) (1024 304 768 ) (1024 304 832 ) 
4 812 820 (896 144 832 ) (896 304 832 ) (896 304 768 ) (896 144 768 ) 
4 812 815 (896 144 832 ) (896 144 768 ) (1024 144 768 ) (1024 144 832 ) 
4 812 814 (1024 144 768 ) (896 144 768 ) (896 304 768 ) (1024 304 768 ) 
4 813 821 (896 320 768 ) (896 320 624 ) (896 304 624 ) (896 304 768 ) 
4 813 814 (1024 304 768 ) (896 304 768 ) (896 304 624 ) (1024 304 624 ) 
4 814 822 (896 304 624 ) (896 144 624 ) (896 144 768 ) (896 304 768 ) 
4 814 817 (896 144 768 ) (896 144 624 ) (1024 144 624 ) (1024 144 768 ) 
4 815 823 (896 96 832 ) (896 144 832 ) (896 144 768 ) (896 96 768 ) 
4 815 817 (896 80 768 ) (896 144 768 ) (1024 144 768 ) (1024 80 768 ) 
4 815 816 (896 80 832 ) (896 80 768 ) (1024 80 768 ) (1024 80 832 ) 
4 816 825 (1024 64 832 ) (896 64 832 ) (896 64 768 ) (1024 64 768 ) 
4 816 818 (1024 64 768 ) (896 64 768 ) (896 80 768 ) (1024 80 768 ) 
4 817 824 (896 96 768 ) (896 144 768 ) (896 144 624 ) (896 96 624 ) 
4 817 818 (1024 80 768 ) (896 80 768 ) (896 80 624 ) (1024 80 624 ) 
4 818 826 (896 64 768 ) (896 64 624 ) (1024 64 624 ) (1024 64 768 ) 
4 819 821 (832 304 768 ) (832 320 768 ) (896 320 768 ) (896 304 768 ) 
4 819 820 (832 304 768 ) (896 304 768 ) (896 304 832 ) (832 304 832 ) 
4 820 823 (896 144 768 ) (896 144 832 ) (832 144 832 ) (832 144 768 ) 
4 820 822 (896 144 768 ) (832 144 768 ) (832 304 768 ) (896 304 768 ) 
4 821 822 (896 304 624 ) (896 304 768 ) (832 304 768 ) (832 304 624 ) 
4 822 824 (896 144 624 ) (896 144 768 ) (832 144 768 ) (832 144 624 ) 
4 823 824 (896 96 768 ) (832 96 768 ) (832 144 768 ) (896 144 768 ) 
4 825 1240 (1024 0 768 ) (1024 0 832 ) (832 0 832 ) (832 0 768 ) 
4 825 827 (832 0 768 ) (832 0 832 ) (832 64 832 ) (832 64 768 ) 
4 825 826 (832 0 768 ) (832 64 768 ) (1024 64 768 ) (1024 0 768 ) 
4 826 1242 (1024 0 624 ) (1024 0 640 ) (832 0 640 ) (832 0 624 ) 
4 826 1240 (1024 0 640 ) (1024 0 768 ) (832 0 768 ) (832 0 640 ) 
4 826 828 (832 64 624 ) (832 0 624 ) (832 0 768 ) (832 64 768 ) 
4 827 1241 (832 0 1024 ) (768 0 1024 ) (768 0 768 ) (832 0 768 ) 
4 827 892 (768 0 768 ) (768 0 1024 ) (768 64 1024 ) (768 64 768 ) 
4 827 828 (768 0 768 ) (768 64 768 ) (832 64 768 ) (832 0 768 ) 
4 828 1242 (768 0 640 ) (768 0 624 ) (832 0 624 ) (832 0 640 ) 
4 828 1241 (768 0 768 ) (768 0 640 ) (832 0 640 ) (832 0 768 ) 
4 828 893 (768 0 624 ) (768 0 768 ) (768 64 768 ) (768 64 624 ) 
4 829 871 (768 736 624 ) (768 1024 624 ) (768 1024 592 ) (768 736 592 ) 
5 829 830 (768 608.002930 592 ) (768 1024 592 ) (1024 1024 592 ) (1024 512 592 ) (960.005981 512 592 ) 
4 830 878 (768 512 592 ) (768 544 592 ) (768 544 432 ) (768 512 432 ) 
4 830 874 (768 544 592 ) (768 736 592 ) (768 736 432 ) (768 544 432 ) 
4 830 871 (768 736 592 ) (768 1024 592 ) (768 1024 432 ) (768 736 432 ) 
4 830 832 (768 512 432 ) (768 1024 432 ) (1024 1024 432 ) (1024 512 432 ) 
4 831 1245 (1024 0 432 ) (1024 0 576 ) (768 0 576 ) (768 0 432 ) 
4 831 1243 (1024 0 576 ) (1024 0 592 ) (768 0 592 ) (768 0 576 ) 
4 831 834 (1024 0 432 ) (768 0 432 ) (768 384 432 ) (1024 384 432 ) 
4 832 878 (768 512 432 ) (768 544 432 ) (768 544 256 ) (768 512 256 ) 
4 832 874 (768 544 432 ) (768 736 432 ) (768 736 256 ) (768 544 256 ) 
4 832 871 (768 736 432 ) (768 1024 432 ) (768 1024 256 ) (768 736 256 ) 
4 832 835 (768 416 256 ) (768 512 256 ) (1024 512 256 ) (1024 416 256 ) 
4 832 833 (768 416 256 ) (1024 416 256 ) (1024 416 432 ) (768 416 432 ) 
4 833 836 (768 384 256 ) (768 416 256 ) (1024 416 256 ) (1024 384 256 ) 
4 833 834 (768 384 256 ) (1024 384 256 ) (1024 384 432 ) (768 384 432 ) 
4 834 1245 (1024 0 256 ) (1024 0 432 ) (768 0 432 ) (768 0 256 ) 
4 834 837 (768 0 256 ) (768 384 256 ) (1024 384 256 ) (1024 0 256 ) 
4 835 836 (768 416 160 ) (1024 416 160 ) (1024 416 256 ) (768 416 256 ) 
4 836 837 (768 384 160 ) (1024 384 160 ) (1024 384 256 ) (768 384 256 ) 
4 837 1245 (1024 0 160 ) (1024 0 256 ) (768 0 256 ) (768 0 160 ) 
4 838 844 (704 736 1024 ) (704 1024 1024 ) (704 1024 768 ) (704 736 768 ) 
4 838 839 (704 736 768 ) (704 1024 768 ) (768 1024 768 ) (768 736 768 ) 
4 839 871 (704 736 624 ) (704 1024 624 ) (768 1024 624 ) (768 736 624 ) 
4 839 845 (704 1024 624 ) (704 736 624 ) (704 736 768 ) (704 1024 768 ) 
4 840 886 (768 512 768 ) (768 512 896 ) (720 512 896 ) (720 512 768 ) 
4 840 842 (768 512 768 ) (720 512 768 ) (720 576 768 ) (768 576 768 ) 
4 840 841 (720 576 768 ) (720 512 768 ) (720 512 896 ) (720 576 896 ) 
4 841 887 (720 512 896 ) (704 512 896 ) (704 512 768 ) (720 512 768 ) 
4 841 846 (704 512 768 ) (704 512 896 ) (704 576 896 ) (704 576 768 ) 
4 841 843 (720 512 768 ) (704 512 768 ) (704 576 768 ) (720 576 768 ) 
4 842 889 (768 512 624 ) (768 512 768 ) (720 512 768 ) (720 512 624 ) 
4 842 843 (720 512 768 ) (720 576 768 ) (720 576 624 ) (720 512 624 ) 
4 843 890 (720 512 768 ) (704 512 768 ) (704 512 624 ) (720 512 624 ) 
4 843 847 (704 576 624 ) (704 512 624 ) (704 512 768 ) (704 576 768 ) 
4 844 848 (576 736 1024 ) (576 1024 1024 ) (576 1024 768 ) (576 736 768 ) 
4 844 845 (576 736 768 ) (576 1024 768 ) (704 1024 768 ) (704 736 768 ) 
4 845 871 (576 736 624 ) (576 1024 624 ) (704 1024 624 ) (704 736 624 ) 
4 845 851 (576 1024 624 ) (576 736 624 ) (576 736 768 ) (576 1024 768 ) 
4 846 888 (576 512 896 ) (576 512 768 ) (704 512 768 ) (704 512 896 ) 
4 846 885 (704 512 1024 ) (576 512 1024 ) (576 512 896 ) (704 512 896 ) 
4 846 850 (576 512 768 ) (576 512 1024 ) (576 704 1024 ) (576 704 768 ) 
4 846 847 (576 512 768 ) (576 704 768 ) (704 704 768 ) (704 512 768 ) 
4 847 891 (576 512 768 ) (576 512 624 ) (704 512 624 ) (704 512 768 ) 
4 847 853 (576 704 624 ) (576 512 624 ) (576 512 768 ) (576 704 768 ) 
4 848 854 (416 736 1024 ) (416 1024 1024 ) (416 1024 768 ) (416 736 768 ) 
4 848 851 (416 736 768 ) (416 1024 768 ) (576 1024 768 ) (576 736 768 ) 
4 848 849 (416 736 1024 ) (416 736 768 ) (576 736 768 ) (576 736 1024 ) 
4 849 852 (416 720 768 ) (416 736 768 ) (576 736 768 ) (576 720 768 ) 
4 849 850 (416 720 1024 ) (416 720 768 ) (576 720 768 ) (576 720 1024 ) 
4 850 888 (448 512 896 ) (448 512 768 ) (576 512 768 ) (576 512 896 ) 
4 850 885 (576 512 1024 ) (448 512 1024 ) (448 512 896 ) (576 512 896 ) 
4 850 860 (416 512 768 ) (416 512 1024 ) (416 544 1024 ) (416 544 768 ) 
4 850 858 (416 544 1024 ) (416 704 1024 ) (416 704 768 ) (416 544 768 ) 
4 850 853 (416 512 768 ) (416 720 768 ) (576 720 768 ) (576 512 768 ) 
4 851 871 (416 736 624 ) (416 1024 624 ) (576 1024 624 ) (576 736 624 ) 
4 851 856 (416 1024 624 ) (416 736 624 ) (416 736 768 ) (416 1024 768 ) 
4 851 852 (576 736 624 ) (576 736 768 ) (416 736 768 ) (416 736 624 ) 
4 852 853 (576 720 624 ) (576 720 768 ) (416 720 768 ) (416 720 624 ) 
4 853 891 (448 512 624 ) (576 512 624 ) (576 512 768 ) (448 512 768 ) 
4 853 861 (416 544 624 ) (416 512 624 ) (416 512 768 ) (416 544 768 ) 
4 853 859 (416 704 624 ) (416 544 624 ) (416 544 768 ) (416 704 768 ) 
4 854 864 (352 832 1024 ) (352 1024 1024 ) (352 1024 768 ) (352 832 768 ) 
5 854 856 (416 736 768 ) (400 736 768 ) (352 832 768 ) (352 1024 768 ) (416 1024 768 ) 
4 854 855 (384 768 768 ) (400 736 768 ) (400 736 1024 ) (384 768 1024 ) 
3 855 857 (400 736 768 ) (384 736 768 ) (384 768 768 ) 
4 856 872 (352 832 624 ) (352 1024 624 ) (384 1024 624 ) (384 768 624 ) 
5 856 871 (384 1024 624 ) (416 1024 624 ) (416 736 624 ) (400 736 624 ) (384 768 624 ) 
4 856 865 (352 1024 624 ) (352 832 624 ) (352 832 768 ) (352 1024 768 ) 
4 856 857 (400 736 624 ) (400 736 768 ) (384 768 768 ) (384 768 624 ) 
3 857 873 (384 768 624 ) (400 736 624 ) (384 736 624 ) 
4 858 860 (416 544 768 ) (416 544 1024 ) (384 544 1024 ) (384 544 768 ) 
4 858 859 (416 544 768 ) (384 544 768 ) (384 704 768 ) (416 704 768 ) 
4 859 861 (384 544 624 ) (416 544 624 ) (416 544 768 ) (384 544 768 ) 
4 860 861 (384 544 768 ) (416 544 768 ) (416 512 768 ) (384 512 768 ) 
5 862 879 (128 1024 624 ) (224 1024 624 ) (256 960 624 ) (256 640 624 ) (128 640 624 ) 
4 862 876 (256 960 624 ) (352 768 624 ) (352 640 624 ) (256 640 624 ) 
4 862 867 (128 640 624 ) (256 640 624 ) (256 640 704 ) (128 640 704 ) 
4 862 866 (256 640 624 ) (352 640 624 ) (352 640 704 ) (256 640 704 ) 
4 862 863 (128 640 624 ) (128 640 704 ) (128 1024 704 ) (128 1024 624 ) 
4 863 932 (0 1024 704 ) (0 1024 624 ) (0 640 624 ) (0 640 704 ) 
4 863 883 (0 640 624 ) (0 1024 624 ) (128 1024 624 ) (128 640 624 ) 
4 863 869 (0 640 624 ) (128 640 624 ) (128 640 704 ) (0 640 704 ) 
3 864 865 (256 1024 768 ) (352 1024 768 ) (352 832 768 ) 
3 865 875 (256 1024 624 ) (352 1024 624 ) (352 832 624 ) 
4 866 876 (256 544 624 ) (256 640 624 ) (352 640 624 ) (352 544 624 ) 
4 866 867 (256 640 704 ) (256 640 624 ) (256 544 624 ) (256 544 704 ) 
4 867 879 (128 544 624 ) (128 640 624 ) (256 640 624 ) (256 544 624 ) 
4 867 869 (128 544 704 ) (128 640 704 ) (128 640 624 ) (128 544 624 ) 
4 867 868 (128 544 704 ) (128 544 624 ) (256 544 624 ) (256 544 704 ) 
4 868 915 (128 512 624 ) (256 512 624 ) (256 512 704 ) (128 512 704 ) 
4 868 880 (256 512 624 ) (128 512 624 ) (128 544 624 ) (256 544 624 ) 
4 868 870 (128 512 704 ) (128 544 704 ) (128 544 624 ) (128 512 624 ) 
4 869 943 (0 640 624 ) (0 544 624 ) (0 544 704 ) (0 640 704 ) 
4 869 883 (0 544 624 ) (0 640 624 ) (128 640 624 ) (128 544 624 ) 
4 869 870 (0 544 624 ) (128 544 624 ) (128 544 704 ) (0 544 704 ) 
4 870 944 (0 544 624 ) (0 512 624 ) (0 512 704 ) (0 544 704 ) 
4 870 919 (0 512 704 ) (0 512 624 ) (128 512 624 ) (128 512 704 ) 
4 870 884 (128 512 624 ) (0 512 624 ) (0 544 624 ) (128 544 624 ) 
4 871 874 (768 736 256 ) (768 736 592 ) (400 736 592 ) (400 736 256 ) 
4 871 873 (384 768 256 ) (400 736 256 ) (400 736 624 ) (384 768 624 ) 
4 871 872 (384 767.996094 320 ) (384 767.996094 624 ) (384 1024 624 ) (384 1024 320 ) 
4 872 875 (352 832 320 ) (352 832 624 ) (352 1024 624 ) (352 1024 320 ) 
4 873 874 (400 736 256 ) (400 736 592 ) (384 736 592 ) (384 736 256 ) 
4 874 878 (768 544 256 ) (768 544 592 ) (384 544 592 ) (384 544 256 ) 
4 876 879 (256 544 256 ) (256 544 624 ) (256 960 624 ) (256 960 256 ) 
4 876 877 (352 768 256 ) (352 544 256 ) (256 544 256 ) (256 960 256 ) 
4 877 920 (352 768 -16 ) (352 544 -16 ) (256 544 -16 ) (256 960 -16 ) 
4 877 881 (256 960 -16 ) (256 544 -16 ) (256 544 256 ) (256 960 256 ) 
4 879 883 (128 544 624 ) (128 1024 624 ) (128 1024 256 ) (128 544 256 ) 
5 879 881 (128 544 256 ) (128 1024 256 ) (224 1024 256 ) (256 960 256 ) (256 544 256 ) 
4 879 880 (128 544 624 ) (128 544 256 ) (256 544 256 ) (256 544 624 ) 
4 880 915 (256 512 256 ) (256 512 624 ) (128 512 624 ) (128 512 256 ) 
4 880 884 (128 512 256 ) (128 512 624 ) (128 544 624 ) (128 544 256 ) 
4 880 882 (128 512 256 ) (128 544 256 ) (256 544 256 ) (256 512 256 ) 
5 881 921 (160 1024 -16 ) (224 1024 -16 ) (256 960 -16 ) (256 640 -16 ) (160 640 -16 ) 
4 881 922 (128 1024 -16 ) (160 1024 -16 ) (160 640 -16 ) (128 640 -16 ) 
4 881 923 (256 640 -16 ) (256 544 -16 ) (128 544 -16 ) (128 640 -16 ) 
4 881 883 (128 1024 -16 ) (128 544 -16 ) (128 544 256 ) (128 1024 256 ) 
4 881 882 (256 544 -16 ) (256 544 256 ) (128 544 256 ) (128 544 -16 ) 
4 882 926 (256 544 -16 ) (256 512 -16 ) (128 512 -16 ) (128 544 -16 ) 
4 882 917 (128 512 -16 ) (256 512 -16 ) (256 512 256 ) (128 512 256 ) 
4 882 884 (128 544 -16 ) (128 512 -16 ) (128 512 256 ) (128 544 256 ) 
4 883 943 (0 640 -16 ) (0 544 -16 ) (0 544 624 ) (0 640 624 ) 
4 883 932 (0 1024 624 ) (0 1024 -16 ) (0 640 -16 ) (0 640 624 ) 
4 883 922 (0 1024 -16 ) (128 1024 -16 ) (128 640 -16 ) (0 640 -16 ) 
4 883 923 (128 640 -16 ) (128 544 -16 ) (0 544 -16 ) (0 640 -16 ) 
4 883 884 (0 544 -16 ) (128 544 -16 ) (128 544 624 ) (0 544 624 ) 
4 884 944 (0 544 -16 ) (0 512 -16 ) (0 512 624 ) (0 544 624 ) 
4 884 926 (128 544 -16 ) (128 512 -16 ) (0 512 -16 ) (0 544 -16 ) 
4 884 919 (0 512 -16 ) (128 512 -16 ) (128 512 624 ) (0 512 624 ) 
4 885 888 (704 384 896 ) (448 384 896 ) (448 512 896 ) (704 512 896 ) 
4 886 889 (768 384 768 ) (720 384 768 ) (720 512 768 ) (768 512 768 ) 
4 886 887 (720 512 768 ) (720 384 768 ) (720 384 896 ) (720 512 896 ) 
4 887 890 (720 384 768 ) (704 384 768 ) (704 512 768 ) (720 512 768 ) 
4 887 888 (704 512 768 ) (704 384 768 ) (704 384 896 ) (704 512 896 ) 
4 888 895 (512 384 768 ) (704 384 768 ) (704 384 832 ) (512 384 832 ) 
4 888 891 (704 384 768 ) (448 384 768 ) (448 512 768 ) (704 512 768 ) 
4 889 890 (720 512 624 ) (720 384 624 ) (720 384 768 ) (720 512 768 ) 
4 890 891 (704 512 624 ) (704 384 624 ) (704 384 768 ) (704 512 768 ) 
4 891 898 (512 384 624 ) (704 384 624 ) (704 384 768 ) (512 384 768 ) 
4 892 1250 (768 0 1024 ) (704 0 1024 ) (704 0 768 ) (768 0 768 ) 
4 892 896 (704 320 768 ) (704 0 768 ) (704 0 832 ) (704 320 832 ) 
4 892 894 (704 0 832 ) (704 0 1024 ) (704 320 1024 ) (704 320 832 ) 
4 892 893 (704 0 768 ) (704 320 768 ) (768 320 768 ) (768 0 768 ) 
4 893 1250 (704 0 768 ) (704 0 624 ) (768 0 624 ) (768 0 768 ) 
4 893 899 (704 320 624 ) (704 0 624 ) (704 0 768 ) (704 320 768 ) 
4 894 1261 (640 0 1024 ) (448 0 1024 ) (448 0 832 ) (640 0 832 ) 
4 894 1250 (704 0 1024 ) (640 0 1024 ) (640 0 832 ) (704 0 832 ) 
4 894 902 (448 0 832 ) (448 0 1024 ) (448 320 1024 ) (448 320 832 ) 
4 894 897 (448 0 832 ) (448 320 832 ) (512 320 832 ) (512 0 832 ) 
4 894 896 (512 320 832 ) (704 320 832 ) (704 0 832 ) (512 0 832 ) 
4 895 898 (512 384 768 ) (704 384 768 ) (704 368 768 ) (512 368 768 ) 
4 895 896 (512 368 832 ) (512 368 768 ) (704 368 768 ) (704 368 832 ) 
4 896 1261 (512 0 768 ) (640 0 768 ) (640 0 832 ) (512 0 832 ) 
4 896 1250 (640 0 768 ) (704 0 768 ) (704 0 832 ) (640 0 832 ) 
4 896 899 (704 368 768 ) (704 0 768 ) (512 0 768 ) (512 368 768 ) 
4 896 897 (512 320 768 ) (512 0 768 ) (512 0 832 ) (512 320 832 ) 
4 897 1261 (448 0 832 ) (448 0 768 ) (512 0 768 ) (512 0 832 ) 
4 897 902 (448 0 768 ) (448 0 832 ) (448 320 832 ) (448 320 768 ) 
4 897 900 (448 0 768 ) (448 320 768 ) (512 320 768 ) (512 0 768 ) 
4 898 899 (512 368 768 ) (512 368 624 ) (704 368 624 ) (704 368 768 ) 
4 899 1265 (512 0 624 ) (640 0 624 ) (640 0 768 ) (512 0 768 ) 
4 899 1250 (640 0 624 ) (704 0 624 ) (704 0 768 ) (640 0 768 ) 
4 899 900 (512 0 768 ) (512 320 768 ) (512 320 624 ) (512 0 624 ) 
4 900 1265 (448 0 768 ) (448 0 624 ) (512 0 624 ) (512 0 768 ) 
4 900 903 (448 320 624 ) (448 0 624 ) (448 0 768 ) (448 320 768 ) 
4 901 1269 (448 0 256 ) (448 0 192 ) (640 0 192 ) (640 0 256 ) 
4 901 909 (448 512 256 ) (448 512 192 ) (448 0 192 ) (448 0 256 ) 
4 902 1261 (448 0 1024 ) (384 0 1024 ) (384 0 768 ) (448 0 768 ) 
4 902 904 (384 320 768 ) (384 0 768 ) (384 0 1024 ) (384 320 1024 ) 
4 902 903 (384 0 768 ) (384 320 768 ) (448 320 768 ) (448 0 768 ) 
4 903 1265 (384 0 768 ) (384 0 624 ) (448 0 624 ) (448 0 768 ) 
4 903 906 (384 320 624 ) (384 0 624 ) (384 0 768 ) (384 320 768 ) 
4 904 1261 (384 0 1024 ) (272 0 1024 ) (272 0 768 ) (384 0 768 ) 
4 904 906 (272 264 768 ) (384 320 768 ) (384 0 768 ) (272 0 768 ) 
4 904 905 (272 264 1024 ) (272 264 768 ) (272 0 768 ) (272 0 1024 ) 
4 905 1262 (272 0 1024 ) (256 0 1024 ) (256 0 768 ) (272 0 768 ) 
4 905 912 (256 0 768 ) (256 0 1024 ) (256 256 1024 ) (256 256 768 ) 
4 905 907 (256 0 768 ) (256 256 768 ) (272 264 768 ) (272 0 768 ) 
4 906 1265 (272 0 624 ) (384 0 624 ) (384 0 768 ) (272 0 768 ) 
4 906 907 (272 0 768 ) (272 264 768 ) (272 264 624 ) (272 0 624 ) 
4 907 1266 (256 0 768 ) (256 0 624 ) (272 0 624 ) (272 0 768 ) 
4 907 914 (256 256 624 ) (256 0 624 ) (256 0 768 ) (256 256 768 ) 
4 908 1271 (448 0 256 ) (448 0 608 ) (384 0 608 ) (384 0 256 ) 
4 908 910 (384 320 608 ) (384 320 256 ) (384 0 256 ) (384 0 608 ) 
4 908 909 (384 0 256 ) (384 320 256 ) (448 320 256 ) (448 0 256 ) 
4 909 1271 (448 0 192 ) (448 0 256 ) (384 0 256 ) (384 0 192 ) 
4 909 911 (384 320 192 ) (384 0 192 ) (384 0 256 ) (384 320 256 ) 
4 910 1271 (256 0 608 ) (256 0 256 ) (384 0 256 ) (384 0 608 ) 
4 910 914 (256 256 256 ) (256 0 256 ) (256 0 608 ) (256 256 608 ) 
4 910 911 (256 0 256 ) (256 256 256 ) (384 320 256 ) (384 0 256 ) 
4 911 1273 (256 0 96 ) (256 0 -16 ) (384 0 -16 ) (384 0 96 ) 
4 911 1272 (256 0 192 ) (256 0 96 ) (384 0 96 ) (384 0 192 ) 
4 911 1271 (256 0 256 ) (256 0 192 ) (384 0 192 ) (384 0 256 ) 
4 911 924 (384 0 -16 ) (256 0 -16 ) (256 256 -16 ) (384 320 -16 ) 
4 911 916 (256 256 -16 ) (256 0 -16 ) (256 0 256 ) (256 256 256 ) 
4 912 1263 (256 0 1024 ) (128 0 1024 ) (128 0 768 ) (256 0 768 ) 
4 912 918 (128 384 768 ) (128 0 768 ) (128 0 1024 ) (128 384 1024 ) 
4 912 914 (128 0 768 ) (128 384 768 ) (256 256 768 ) (256 0 768 ) 
4 912 913 (256 255.996109 1024 ) (256 255.996094 768 ) (128 383.996094 768 ) (128 383.996124 1024 ) 
4 913 919 (128 512 1024 ) (128 512 768 ) (128 384 768 ) (128 384 1024 ) 
4 913 915 (128 384 768 ) (128 512 768 ) (256 512 768 ) (256 256 768 ) 
4 914 1271 (128 0 608 ) (128 0 256 ) (256 0 256 ) (256 0 608 ) 
4 914 1270 (128 0 624 ) (128 0 608 ) (256 0 608 ) (256 0 624 ) 
4 914 1267 (128 0 768 ) (128 0 624 ) (256 0 624 ) (256 0 768 ) 
4 914 918 (128 384 256 ) (128 0 256 ) (128 0 768 ) (128 384 768 ) 
4 914 916 (128 0 256 ) (128 384 256 ) (256 256 256 ) (256 0 256 ) 
4 914 915 (256 255.996094 256 ) (128 383.996094 256 ) (128 384 768 ) (256 256 768 ) 
4 915 919 (128 512 768 ) (128 512 256 ) (128 384 256 ) (128 384 768 ) 
4 915 917 (128 384 256 ) (128 512 256 ) (256 512 256 ) (256 256 256 ) 
4 916 1273 (128 0 96 ) (128 0 -16 ) (256 0 -16 ) (256 0 96 ) 
4 916 1272 (128 0 192 ) (128 0 96 ) (256 0 96 ) (256 0 192 ) 
4 916 1271 (128 0 256 ) (128 0 192 ) (256 0 192 ) (256 0 256 ) 
4 916 925 (256 0 -16 ) (128 0 -16 ) (128 384 -16 ) (256 256 -16 ) 
4 916 918 (128 384 -16 ) (128 0 -16 ) (128 0 256 ) (128 384 256 ) 
4 916 917 (128 384 -16 ) (128 384 256 ) (256 256 256 ) (256 256 -16 ) 
4 917 927 (128 384 -16 ) (128 512 -16 ) (256 512 -16 ) (256 256 -16 ) 
4 917 919 (128 512 256 ) (128 512 -16 ) (128 384 -16 ) (128 384 256 ) 
4 918 1289 (128 0 1024 ) (0 0 1024 ) (0 0 -16 ) (128 0 -16 ) 
4 918 983 (0 128 -16 ) (0 0 -16 ) (0 0 0 ) (0 128 0 ) 
4 918 982 (0 384 -16 ) (0 128 -16 ) (0 128 0 ) (0 384 0 ) 
4 918 977 (0 0 0 ) (0 0 320 ) (0 128 320 ) (0 128 0 ) 
4 918 975 (0 128 320 ) (0 384 320 ) (0 384 0 ) (0 128 0 ) 
4 918 971 (0 0 320 ) (0 0 1024 ) (0 384 1024 ) (0 384 320 ) 
4 918 965 (0 448 -16 ) (0 384 -16 ) (0 384 0 ) (0 448 0 ) 
4 918 962 (0 384 0 ) (0 384 192 ) (0 448 192 ) (0 448 0 ) 
4 918 961 (0 384 192 ) (0 384 1024 ) (0 448 1024 ) (0 448 192 ) 
4 918 945 (0 512 -16 ) (0 448 -16 ) (0 448 1024 ) (0 512 1024 ) 
4 918 925 (128 0 -16 ) (0 0 -16 ) (0 512 -16 ) (128 384 -16 ) 
4 918 919 (128 383.998077 1024 ) (128 383.998047 -16 ) (-0.001946 512 -16 ) (-0.001915 512 1024 ) 
3 919 927 (0 512 -16 ) (128 512 -16 ) (128 384 -16 ) 
4 920 921 (256 960 -128 ) (256 640 -128 ) (256 640 -16 ) (256 960 -16 ) 
4 920 923 (256 640 -128 ) (256 544 -128 ) (256 544 -16 ) (256 640 -16 ) 
4 921 922 (160 1024 -128 ) (160 640 -128 ) (160 640 -16 ) (160 1024 -16 ) 
4 921 923 (160 640 -128 ) (256 640 -128 ) (256 640 -16 ) (160 640 -16 ) 
4 922 985 (0 1024 -16 ) (0 1024 -128 ) (0 640 -128 ) (0 640 -16 ) 
4 922 923 (0 640 -128 ) (160 640 -128 ) (160 640 -16 ) (0 640 -16 ) 
4 923 990 (0 640 -128 ) (0 544 -128 ) (0 544 -16 ) (0 640 -16 ) 
4 923 926 (0 544 -128 ) (256 544 -128 ) (256 544 -16 ) (0 544 -16 ) 
4 924 1302 (384 0 -16 ) (256 0 -16 ) (256 0 -128 ) (384 0 -128 ) 
4 924 925 (256 256 -128 ) (256 0 -128 ) (256 0 -16 ) (256 256 -16 ) 
4 925 1306 (128 0 -16 ) (0 0 -16 ) (0 0 -128 ) (128 0 -128 ) 
4 925 1303 (256 0 -16 ) (128 0 -16 ) (128 0 -128 ) (256 0 -128 ) 
4 925 995 (0 384 -128 ) (0 0 -128 ) (0 0 -16 ) (0 384 -16 ) 
4 925 989 (0 512 -128 ) (0 384 -128 ) (0 384 -16 ) (0 512 -16 ) 
4 925 927 (256 256 -16 ) (256 256 -128 ) (0 512 -128 ) (0 512 -16 ) 
4 926 991 (0 544 -128 ) (0 512 -128 ) (0 512 -16 ) (0 544 -16 ) 
4 926 927 (0 512 -16 ) (0 512 -128 ) (256 512 -128 ) (256 512 -16 ) 
4 929 966 (0 384 1024 ) (0 384 2048 ) (-64 384 2048 ) (-64 384 1024 ) 
4 929 961 (0 384 1024 ) (-64 384 1024 ) (-64 448 1024 ) (0 448 1024 ) 
4 929 945 (-64 448 1024 ) (-64 512 1024 ) (0 512 1024 ) (0 448 1024 ) 
4 930 1106 (-1024 736 1024 ) (-1024 512 1024 ) (-1024 512 2048 ) (-1024 736 2048 ) 
4 930 1104 (-1024 1024 2048 ) (-1024 1024 1024 ) (-1024 736 1024 ) (-1024 736 2048 ) 
4 930 952 (-1024 512 1024 ) (-1024 640 1024 ) (-944 640 1024 ) (-944 512 1024 ) 
4 930 949 (-944 640 1024 ) (-720 640 1024 ) (-720 512 1024 ) (-944 512 1024 ) 
4 930 947 (-720 640 1024 ) (-384 640 1024 ) (-384 512 1024 ) (-720 512 1024 ) 
4 930 946 (-384 640 1024 ) (-256 640 1024 ) (-256 512 1024 ) (-384 512 1024 ) 
3 930 936 (-512 1024 1024 ) (-384 1024 1024 ) (-384 896 1024 ) 
5 930 935 (-1024 640 1024 ) (-1024 1024 1024 ) (-512 1024 1024 ) (-384 896 1024 ) (-384 640 1024 ) 
4 930 931 (-1024 512 1024 ) (-128 512 1024 ) (-128 512 2048 ) (-1024 512 2048 ) 
4 931 1121 (-1024 512 1024 ) (-1024 384 1024 ) (-1024 384 2048 ) (-1024 512 2048 ) 
4 931 952 (-1024 448 1024 ) (-1024 512 1024 ) (-944 512 1024 ) (-944 448 1024 ) 
4 931 949 (-944 512 1024 ) (-720 512 1024 ) (-720 448 1024 ) (-944 448 1024 ) 
4 932 985 (-128 1024 -16 ) (0 1024 -16 ) (0 640 -16 ) (-128 640 -16 ) 
4 932 943 (-128 640 -16 ) (0 640 -16 ) (0 640 704 ) (-128 640 704 ) 
4 932 934 (-128 1024 -16 ) (-128 640 -16 ) (-128 640 704 ) (-128 1024 704 ) 
3 933 984 (-128 640 -16 ) (-384 640 -16 ) (-384 896 -16 ) 
4 933 959 (-384 640 -16 ) (-256 640 -16 ) (-256 640 0 ) (-384 640 0 ) 
4 933 954 (-384 640 192 ) (-384 640 0 ) (-256 640 0 ) (-256 640 192 ) 
4 933 946 (-256 640 704 ) (-384 640 704 ) (-384 640 192 ) (-256 640 192 ) 
4 933 939 (-384 896 -16 ) (-384 640 -16 ) (-384 640 0 ) (-384 896 0 ) 
4 933 937 (-384 640 0 ) (-384 640 704 ) (-384 896 704 ) (-384 896 0 ) 
4 933 934 (-384 896 -16 ) (-384 896 704 ) (-128 640 704 ) (-128 640 -16 ) 
4 934 985 (-384 1024 -16 ) (-128 1024 -16 ) (-128 640 -16 ) (-384 896 -16 ) 
4 934 940 (-384 1024 -16 ) (-384 896 -16 ) (-384 896 0 ) (-384 1024 0 ) 
4 934 938 (-384 896 0 ) (-384 896 704 ) (-384 1024 704 ) (-384 1024 0 ) 
4 935 1106 (-1024 736 768 ) (-1024 640 768 ) (-1024 640 1024 ) (-1024 736 1024 ) 
4 935 1104 (-1024 1024 1024 ) (-1024 1024 768 ) (-1024 736 768 ) (-1024 736 1024 ) 
4 935 952 (-944 640 1024 ) (-1024 640 1024 ) (-1024 640 768 ) (-944 640 768 ) 
4 935 949 (-720 640 1024 ) (-944 640 1024 ) (-944 640 768 ) (-720 640 768 ) 
4 935 947 (-384 640 768 ) (-384 640 1024 ) (-720 640 1024 ) (-720 640 768 ) 
5 935 937 (-1024 1024 768 ) (-512 1024 768 ) (-384 896 768 ) (-384 640 768 ) (-1024 640 768 ) 
4 935 936 (-384 895.996094 1024 ) (-384 895.996094 768 ) (-512.003906 1024 768 ) (-512.003906 1024 1024 ) 
3 936 938 (-512 1024 768 ) (-384 1024 768 ) (-384 896 768 ) 
4 937 1117 (-1024 1024 64 ) (-1024 1024 0 ) (-1024 640 0 ) (-1024 640 64 ) 
4 937 1116 (-1024 736 64 ) (-1024 640 64 ) (-1024 640 416 ) (-1024 736 416 ) 
4 937 1115 (-1024 928 64 ) (-1024 736 64 ) (-1024 736 416 ) (-1024 928 416 ) 
4 937 1114 (-1024 1024 416 ) (-1024 1024 64 ) (-1024 928 64 ) (-1024 928 416 ) 
4 937 1110 (-1024 736 416 ) (-1024 640 416 ) (-1024 640 512 ) (-1024 736 512 ) 
4 937 1109 (-1024 1024 512 ) (-1024 1024 416 ) (-1024 736 416 ) (-1024 736 512 ) 
4 937 1108 (-1024 736 512 ) (-1024 640 512 ) (-1024 640 576 ) (-1024 736 576 ) 
4 937 1107 (-1024 640 576 ) (-1024 640 768 ) (-1024 736 768 ) (-1024 736 576 ) 
4 937 1105 (-1024 1024 768 ) (-1024 1024 512 ) (-1024 736 512 ) (-1024 736 768 ) 
4 937 958 (-944 640 192 ) (-1024 640 192 ) (-1024 640 0 ) (-944 640 0 ) 
4 937 956 (-720 640 192 ) (-912 640 192 ) (-912 640 0 ) (-720 640 0 ) 
4 937 955 (-384 640 0 ) (-384 640 192 ) (-688 640 192 ) (-688 640 0 ) 
4 937 953 (-944 640 768 ) (-1024 640 768 ) (-1024 640 192 ) (-944 640 192 ) 
4 937 951 (-384 640 192 ) (-384 640 224 ) (-688 640 224 ) (-688 640 192 ) 
4 937 950 (-720 640 768 ) (-944 640 768 ) (-944 640 224 ) (-720 640 224 ) 
4 937 948 (-384 640 224 ) (-384 640 768 ) (-720 640 768 ) (-720 640 224 ) 
5 937 939 (-384 896 0 ) (-384 640 0 ) (-1024 640 0 ) (-1024 1024 0 ) (-512 1024 0 ) 
4 937 938 (-384 895.996094 0 ) (-512.003906 1024 0 ) (-512 1024 768 ) (-384 896 768 ) 
3 938 940 (-384 1024 0 ) (-384 896 0 ) (-512 1024 0 ) 
4 939 1119 (-1024 1024 0 ) (-1024 1024 -16 ) (-1024 640 -16 ) (-1024 640 0 ) 
4 939 984 (-512 1024 -16 ) (-384 896 -16 ) (-384 640 -16 ) (-512 640 -16 ) 
4 939 986 (-1024 640 -16 ) (-1024 1024 -16 ) (-512 1024 -16 ) (-512 640 -16 ) 
4 939 960 (-1024 640 -16 ) (-944 640 -16 ) (-944 640 0 ) (-1024 640 0 ) 
4 939 959 (-688 640 -16 ) (-384 640 -16 ) (-384 640 0 ) (-688 640 0 ) 
4 939 940 (-512 1024 0 ) (-384 896 0 ) (-384 896 -16 ) (-512 1024 -16 ) 
3 940 985 (-512 1024 -16 ) (-384 1024 -16 ) (-384 896 -16 ) 
3 941 987 (-128 640 -16 ) (-32 544 -16 ) (-128 544 -16 ) 
4 941 943 (-128 640 -16 ) (-128 640 704 ) (-32 544 704 ) (-32 544 -16 ) 
4 941 942 (-32.001953 544 -16 ) (-32.001930 544 704 ) (-128 544 704 ) (-128 544 -16 ) 
4 942 988 (-32 544 -16 ) (0 512 -16 ) (-128 512 -16 ) (-128 544 -16 ) 
4 942 944 (-32 544 704 ) (0 512 704 ) (0 512 -16 ) (-32 544 -16 ) 
4 942 945 (-128 512 704 ) (-128 512 -16 ) (0 512 -16 ) (0 512 704 ) 
4 943 990 (-128 640 -16 ) (0 640 -16 ) (0 544 -16 ) (-32 544 -16 ) 
4 943 944 (-32.001930 544 704 ) (-32.001953 544 -16 ) (0 544 -16 ) (0 544 704 ) 
3 944 991 (0 544 -16 ) (0 512 -16 ) (-32 544 -16 ) 
4 945 989 (0 512 -16 ) (0 448 -16 ) (-128 448 -16 ) (-128 512 -16 ) 
4 945 965 (-128 448 -16 ) (0 448 -16 ) (0 448 0 ) (-128 448 0 ) 
4 945 962 (0 448 0 ) (0 448 192 ) (-128 448 192 ) (-128 448 0 ) 
4 945 961 (0 448 192 ) (0 448 1024 ) (-128 448 1024 ) (-128 448 192 ) 
4 946 954 (-384 640 192 ) (-256 640 192 ) (-256 512 192 ) (-384 512 192 ) 
4 946 951 (-384 640 224 ) (-384 640 192 ) (-384 512 192 ) (-384 512 224 ) 
4 946 948 (-384 640 768 ) (-384 640 224 ) (-384 512 224 ) (-384 512 768 ) 
4 946 947 (-384 640 1024 ) (-384 640 768 ) (-384 512 768 ) (-384 512 1024 ) 
4 947 949 (-720 640 1024 ) (-720 640 768 ) (-720 512 768 ) (-720 512 1024 ) 
4 947 948 (-720 512 768 ) (-720 640 768 ) (-384 640 768 ) (-384 512 768 ) 
4 948 951 (-688 640 224 ) (-384 640 224 ) (-384 512 224 ) (-688 512 224 ) 
4 948 950 (-720 640 768 ) (-720 640 224 ) (-720 512 224 ) (-720 512 768 ) 
4 949 952 (-944 640 1024 ) (-944 640 768 ) (-944 448 768 ) (-944 448 1024 ) 
4 949 950 (-944 448 768 ) (-944 640 768 ) (-720 640 768 ) (-720 448 768 ) 
4 950 953 (-944 640 768 ) (-944 640 224 ) (-944 448 224 ) (-944 448 768 ) 
4 951 955 (-688 640 192 ) (-384 640 192 ) (-384 512 192 ) (-688 512 192 ) 
4 952 1122 (-1024 448 768 ) (-1024 448 1024 ) (-1024 512 1024 ) (-1024 512 768 ) 
4 952 1106 (-1024 512 1024 ) (-1024 640 1024 ) (-1024 640 768 ) (-1024 512 768 ) 
4 952 953 (-1024 640 768 ) (-944 640 768 ) (-944 448 768 ) (-1024 448 768 ) 
4 953 1123 (-1024 448 192 ) (-1024 448 768 ) (-1024 512 768 ) (-1024 512 192 ) 
4 953 1116 (-1024 640 416 ) (-1024 640 192 ) (-1024 512 192 ) (-1024 512 416 ) 
4 953 1110 (-1024 640 512 ) (-1024 640 416 ) (-1024 512 416 ) (-1024 512 512 ) 
4 953 1108 (-1024 640 576 ) (-1024 640 512 ) (-1024 512 512 ) (-1024 512 576 ) 
4 953 1107 (-1024 512 768 ) (-1024 640 768 ) (-1024 640 576 ) (-1024 512 576 ) 
4 953 958 (-1024 640 192 ) (-944 640 192 ) (-944 448 192 ) (-1024 448 192 ) 
4 954 959 (-384 640 0 ) (-256 640 0 ) (-256 512 0 ) (-384 512 0 ) 
4 954 955 (-384 640 0 ) (-384 512 0 ) (-384 512 192 ) (-384 640 192 ) 
4 955 959 (-688 640 0 ) (-384 640 0 ) (-384 512 0 ) (-688 512 0 ) 
4 956 957 (-912 608 192 ) (-912 608 0 ) (-720 608 0 ) (-720 608 192 ) 
4 957 963 (-912 448 0 ) (-720 448 0 ) (-720 448 192 ) (-912 448 192 ) 
4 958 1139 (-1024 448 0 ) (-1024 448 64 ) (-1024 512 64 ) (-1024 512 0 ) 
4 958 1124 (-1024 448 64 ) (-1024 448 192 ) (-1024 512 192 ) (-1024 512 64 ) 
4 958 1117 (-1024 640 64 ) (-1024 640 0 ) (-1024 512 0 ) (-1024 512 64 ) 
4 958 1116 (-1024 512 192 ) (-1024 640 192 ) (-1024 640 64 ) (-1024 512 64 ) 
4 958 960 (-1024 640 0 ) (-944 640 0 ) (-944 448 0 ) (-1024 448 0 ) 
4 959 993 (-688 640 -16 ) (-288 640 -16 ) (-288 512 -16 ) (-688 512 -16 ) 
4 959 992 (-288 640 -16 ) (-256 640 -16 ) (-256 512 -16 ) (-288 512 -16 ) 
4 960 1143 (-1024 512 -16 ) (-1024 448 -16 ) (-1024 448 0 ) (-1024 512 0 ) 
4 960 1119 (-1024 640 -16 ) (-1024 512 -16 ) (-1024 512 0 ) (-1024 640 0 ) 
4 960 994 (-1024 448 -16 ) (-1024 640 -16 ) (-944 640 -16 ) (-944 448 -16 ) 
4 961 975 (0 384 192 ) (0 384 320 ) (-128 384 320 ) (-128 384 192 ) 
4 961 971 (0 384 320 ) (0 384 1024 ) (-128 384 1024 ) (-128 384 320 ) 
4 961 962 (0 384 192 ) (-128 384 192 ) (-128 448 192 ) (0 448 192 ) 
4 962 975 (0 384 0 ) (0 384 192 ) (-128 384 192 ) (-128 384 0 ) 
4 962 965 (0 384 0 ) (-128 384 0 ) (-128 448 0 ) (0 448 0 ) 
4 963 964 (-912 416 192 ) (-912 416 0 ) (-720 416 0 ) (-720 416 192 ) 
4 964 976 (-720 384 192 ) (-912 384 192 ) (-912 384 0 ) (-720 384 0 ) 
4 965 989 (-128 448 -16 ) (0 448 -16 ) (0 384 -16 ) (-128 384 -16 ) 
4 965 982 (-128 384 -16 ) (0 384 -16 ) (0 384 0 ) (-128 384 0 ) 
4 966 971 (-64 384 1024 ) (0 384 1024 ) (0 320 1024 ) (-64 320 1024 ) 
4 966 967 (0 320 2048 ) (-64 320 2048 ) (-64 320 1024 ) (0 320 1024 ) 
4 967 971 (0 320 1024 ) (0 192 1024 ) (-256 192 1024 ) (-256 320 1024 ) 
4 967 969 (0 192 2048 ) (-256 192 2048 ) (-256 192 1024 ) (0 192 1024 ) 
4 967 968 (-256 320 2048 ) (-256 320 1152 ) (-256 192 1152 ) (-256 192 2048 ) 
4 968 970 (-320 192 2048 ) (-384 192 2048 ) (-384 192 1152 ) (-320 192 1152 ) 
4 968 969 (-256 192 2048 ) (-320 192 2048 ) (-320 192 1152 ) (-256 192 1152 ) 
4 969 1311 (0 0 1024 ) (0 0 2048 ) (-320 0 2048 ) (-320 0 1024 ) 
4 969 972 (-288 0 1024 ) (-320 0 1024 ) (-320 192 1024 ) (-288 192 1024 ) 
4 969 971 (0 192 1024 ) (0 0 1024 ) (-288 0 1024 ) (-288 192 1024 ) 
4 969 970 (-320 192 2048 ) (-320 192 1152 ) (-320 0 1152 ) (-320 0 2048 ) 
4 970 1312 (-320 0 2048 ) (-384 0 2048 ) (-384 0 1152 ) (-320 0 1152 ) 
4 971 1334 (0 0 320 ) (0 0 672 ) (-288 0 672 ) (-288 0 320 ) 
4 971 1321 (-256 0 1024 ) (-288 0 1024 ) (-288 0 672 ) (-256 0 672 ) 
4 971 1318 (0 0 672 ) (0 0 1024 ) (-256 0 1024 ) (-256 0 672 ) 
4 971 978 (-256 0 320 ) (-288 0 320 ) (-288 128 320 ) (-256 128 320 ) 
4 971 977 (0 128 320 ) (0 0 320 ) (-256 0 320 ) (-256 128 320 ) 
4 971 975 (-288 384 320 ) (0 384 320 ) (0 128 320 ) (-288 128 320 ) 
4 971 973 (-288 0 640 ) (-288 0 768 ) (-288 384 768 ) (-288 384 640 ) 
4 971 972 (-288 0 768 ) (-288 0 1024 ) (-288 384 1024 ) (-288 384 768 ) 
4 972 1327 (-512 0 1024 ) (-1024 0 1024 ) (-1024 0 768 ) (-512 0 768 ) 
4 972 1322 (-288 0 1024 ) (-512 0 1024 ) (-512 0 768 ) (-288 0 768 ) 
4 972 1125 (-1024 0 768 ) (-1024 0 1024 ) (-1024 384 1024 ) (-1024 384 768 ) 
4 972 974 (-1024 0 768 ) (-1024 384 768 ) (-384 384 768 ) (-384 0 768 ) 
4 972 973 (-384 384 768 ) (-288 384 768 ) (-288 0 768 ) (-384 0 768 ) 
4 973 1335 (-288 0 640 ) (-288 0 672 ) (-384 0 672 ) (-384 0 640 ) 
4 973 1322 (-288 0 672 ) (-288 0 768 ) (-384 0 768 ) (-384 0 672 ) 
4 973 974 (-384 0 640 ) (-384 0 768 ) (-384 384 768 ) (-384 384 640 ) 
4 974 1335 (-1024 0 672 ) (-1024 0 640 ) (-384 0 640 ) (-384 0 672 ) 
4 974 1327 (-1024 0 768 ) (-1024 0 672 ) (-512 0 672 ) (-512 0 768 ) 
4 974 1322 (-512 0 672 ) (-384 0 672 ) (-384 0 768 ) (-512 0 768 ) 
4 974 1126 (-1024 0 640 ) (-1024 0 768 ) (-1024 384 768 ) (-1024 384 640 ) 
4 975 982 (-288 384 0 ) (0 384 0 ) (0 128 0 ) (-288 128 0 ) 
4 975 978 (-288 128 0 ) (-256 128 0 ) (-256 128 320 ) (-288 128 320 ) 
4 975 977 (-256 128 0 ) (0 128 0 ) (0 128 320 ) (-256 128 320 ) 
4 976 1140 (-1024 384 64 ) (-1024 384 0 ) (-1024 128 0 ) (-1024 128 64 ) 
4 976 1127 (-1024 128 320 ) (-1024 384 320 ) (-1024 384 64 ) (-1024 128 64 ) 
4 976 981 (-1024 128 0 ) (-512 128 0 ) (-512 128 320 ) (-1024 128 320 ) 
4 977 1336 (0 0 0 ) (0 0 320 ) (-256 0 320 ) (-256 0 0 ) 
4 977 983 (0 0 0 ) (-256 0 0 ) (-256 128 0 ) (0 128 0 ) 
4 977 978 (-256 128 320 ) (-256 128 0 ) (-256 0 0 ) (-256 0 320 ) 
4 978 1337 (-256 0 320 ) (-288 0 320 ) (-288 0 0 ) (-256 0 0 ) 
4 978 983 (-256 0 0 ) (-288 0 0 ) (-288 128 0 ) (-256 128 0 ) 
4 978 979 (-288 128 320 ) (-288 128 0 ) (-288 0 0 ) (-288 0 320 ) 
4 979 1338 (-288 0 320 ) (-320 0 320 ) (-320 0 0 ) (-288 0 0 ) 
4 979 980 (-320 128 320 ) (-320 128 0 ) (-320 0 0 ) (-320 0 320 ) 
4 980 1339 (-320 0 320 ) (-512 0 320 ) (-512 0 0 ) (-320 0 0 ) 
4 980 981 (-512 128 320 ) (-512 128 0 ) (-512 0 0 ) (-512 0 320 ) 
4 981 1340 (-512 0 320 ) (-1024 0 320 ) (-1024 0 0 ) (-512 0 0 ) 
4 981 1140 (-1024 0 0 ) (-1024 0 64 ) (-1024 128 64 ) (-1024 128 0 ) 
4 981 1127 (-1024 0 64 ) (-1024 0 320 ) (-1024 128 320 ) (-1024 128 64 ) 
4 982 995 (-288 384 -16 ) (0 384 -16 ) (0 128 -16 ) (-288 128 -16 ) 
4 982 983 (-288 128 -16 ) (0 128 -16 ) (0 128 0 ) (-288 128 0 ) 
4 983 1341 (0 0 -16 ) (0 0 0 ) (-288 0 0 ) (-288 0 -16 ) 
4 983 995 (-288 128 -16 ) (0 128 -16 ) (0 0 -16 ) (-288 0 -16 ) 
4 984 993 (-512 640 -128 ) (-288 640 -128 ) (-288 640 -16 ) (-512 640 -16 ) 
4 984 992 (-288 640 -128 ) (-256 640 -128 ) (-256 640 -16 ) (-288 640 -16 ) 
4 984 986 (-512 1024 -128 ) (-512 640 -128 ) (-512 640 -16 ) (-512 1024 -16 ) 
4 984 985 (-128 640 -16 ) (-128 640 -128 ) (-512 1024 -128 ) (-512 1024 -16 ) 
4 985 990 (-128 640 -128 ) (0 640 -128 ) (0 640 -16 ) (-128 640 -16 ) 
4 986 1119 (-1024 640 -16 ) (-1024 1024 -16 ) (-1024 1024 -128 ) (-1024 640 -128 ) 
4 986 994 (-1024 640 -128 ) (-944 640 -128 ) (-944 640 -16 ) (-1024 640 -16 ) 
4 986 993 (-688 640 -128 ) (-512 640 -128 ) (-512 640 -16 ) (-688 640 -16 ) 
4 987 990 (-32.001953 544 -128 ) (-128 639.998047 -128 ) (-128 639.998047 -16 ) (-32.001953 544 -16 ) 
4 987 988 (-128 544 -16 ) (-128 544 -128 ) (-32.001957 544 -128 ) (-32.001953 544 -16 ) 
4 988 991 (0 511.998047 -128 ) (-32.001953 544 -128 ) (-32.001953 544 -16 ) (0 511.998047 -16 ) 
4 988 989 (-128 512 -16 ) (-128 512 -128 ) (0 512 -128 ) (0 512 -16 ) 
4 989 995 (-128 384 -128 ) (0 384 -128 ) (0 384 -16 ) (-128 384 -16 ) 
4 990 991 (-32.001953 544 -16 ) (-32.001957 544 -128 ) (0 544 -128 ) (0 544 -16 ) 
4 992 993 (-288 640 -16 ) (-288 640 -128 ) (-288 512 -128 ) (-288 512 -16 ) 
4 994 1143 (-1024 448 -16 ) (-1024 512 -16 ) (-1024 512 -128 ) (-1024 448 -128 ) 
4 994 1119 (-1024 512 -16 ) (-1024 640 -16 ) (-1024 640 -128 ) (-1024 512 -128 ) 
4 995 1363 (0 0 -128 ) (0 0 -16 ) (-288 0 -16 ) (-288 0 -128 ) 
4 996 1009 (-1024 2592 768 ) (-1024 2592 2048 ) (-1152 2592 2048 ) (-1152 2592 768 ) 
4 996 998 (-1152 2592 768 ) (-1152 2592 2048 ) (-1152 2880 2048 ) (-1152 2880 768 ) 
4 996 997 (-1024 2592 768 ) (-1152 2592 768 ) (-1152 3072 768 ) (-1024 3072 768 ) 
4 997 1010 (-1024 2592 624 ) (-1024 2592 768 ) (-1152 2592 768 ) (-1152 2592 624 ) 
4 997 1002 (-1056 2592 624 ) (-1152 2592 624 ) (-1152 2816 624 ) (-1056 2816 624 ) 
4 997 1001 (-1152 2816 624 ) (-1152 2880 624 ) (-1056 2880 624 ) (-1056 2816 624 ) 
4 997 1000 (-1152 2880 624 ) (-1152 3072 624 ) (-1056 3072 624 ) (-1056 2880 624 ) 
4 997 999 (-1152 2880 624 ) (-1152 2592 624 ) (-1152 2592 768 ) (-1152 2880 768 ) 
4 998 1009 (-1152 2592 2048 ) (-1184 2592 2048 ) (-1184 2592 768 ) (-1152 2592 768 ) 
4 998 1005 (-1184 2592 768 ) (-1184 2592 2048 ) (-1184 2816 2048 ) (-1184 2816 768 ) 
4 998 1003 (-1184 2816 2048 ) (-1184 2880 2048 ) (-1184 2880 768 ) (-1184 2816 768 ) 
4 998 999 (-1184 2592 768 ) (-1184 2880 768 ) (-1152 2880 768 ) (-1152 2592 768 ) 
4 999 1010 (-1184 2592 768 ) (-1184 2592 624 ) (-1152 2592 624 ) (-1152 2592 768 ) 
4 999 1006 (-1184 2592 624 ) (-1184 2592 768 ) (-1184 2816 768 ) (-1184 2816 624 ) 
4 999 1004 (-1184 2816 768 ) (-1184 2880 768 ) (-1184 2880 624 ) (-1184 2816 624 ) 
4 999 1002 (-1152 2592 624 ) (-1184 2592 624 ) (-1184 2816 624 ) (-1152 2816 624 ) 
4 999 1001 (-1184 2816 624 ) (-1184 2880 624 ) (-1152 2880 624 ) (-1152 2816 624 ) 
4 1000 1020 (-1152 3072 256 ) (-1056 3072 256 ) (-1056 2880 256 ) (-1152 2880 256 ) 
4 1000 1001 (-1056 2880 256 ) (-1056 2880 624 ) (-1152 2880 624 ) (-1152 2880 256 ) 
4 1001 1022 (-1056 2880 256 ) (-1056 2816 256 ) (-1184 2816 256 ) (-1184 2880 256 ) 
4 1001 1007 (-1184 2880 256 ) (-1184 2816 256 ) (-1184 2816 432 ) (-1184 2880 432 ) 
4 1001 1004 (-1184 2816 432 ) (-1184 2816 624 ) (-1184 2880 624 ) (-1184 2880 432 ) 
4 1001 1002 (-1056 2816 448 ) (-1056 2816 624 ) (-1184 2816 624 ) (-1184 2816 448 ) 
4 1002 1012 (-1056 2592 448 ) (-1056 2592 624 ) (-1184 2592 624 ) (-1184 2592 448 ) 
4 1002 1006 (-1184 2592 448 ) (-1184 2592 624 ) (-1184 2816 624 ) (-1184 2816 448 ) 
4 1003 1026 (-1792 2880 768 ) (-1792 2816 768 ) (-1792 2816 2048 ) (-1792 2880 2048 ) 
4 1003 1005 (-1184 2816 768 ) (-1184 2816 2048 ) (-1792 2816 2048 ) (-1792 2816 768 ) 
4 1003 1004 (-1184 2816 768 ) (-1792 2816 768 ) (-1792 2880 768 ) (-1184 2880 768 ) 
4 1004 1027 (-1792 2816 576 ) (-1792 2816 768 ) (-1792 2880 768 ) (-1792 2880 576 ) 
4 1004 1007 (-1184 2880 432 ) (-1184 2816 432 ) (-1792 2816 432 ) (-1792 2880 432 ) 
4 1004 1006 (-1184 2816 448 ) (-1184 2816 768 ) (-1792 2816 768 ) (-1792 2816 448 ) 
4 1005 1026 (-1792 2592 768 ) (-1792 2592 2048 ) (-1792 2816 2048 ) (-1792 2816 768 ) 
4 1005 1009 (-1792 2592 2048 ) (-1792 2592 768 ) (-1184 2592 768 ) (-1184 2592 2048 ) 
4 1005 1006 (-1792 2816 768 ) (-1184 2816 768 ) (-1184 2592 768 ) (-1792 2592 768 ) 
4 1006 1027 (-1792 2592 576 ) (-1792 2592 768 ) (-1792 2816 768 ) (-1792 2816 576 ) 
4 1006 1012 (-1792 2592 624 ) (-1792 2592 448 ) (-1184 2592 448 ) (-1184 2592 624 ) 
4 1006 1010 (-1792 2592 768 ) (-1792 2592 624 ) (-1184 2592 624 ) (-1184 2592 768 ) 
4 1007 1022 (-1792 2816 256 ) (-1792 2880 256 ) (-1184 2880 256 ) (-1184 2816 256 ) 
4 1008 1028 (-1792 2768 256 ) (-1792 2608 256 ) (-1792 2608 384 ) (-1792 2768 384 ) 
4 1008 1015 (-1408 2592 256 ) (-1216 2592 256 ) (-1216 2592 360 ) (-1408 2592 360 ) 
4 1009 1053 (-1024 2048 768 ) (-1024 2048 2048 ) (-1792 2048 2048 ) (-1792 2048 768 ) 
4 1009 1026 (-1792 2048 768 ) (-1792 2048 2048 ) (-1792 2592 2048 ) (-1792 2592 768 ) 
4 1009 1010 (-1024 2048 768 ) (-1792 2048 768 ) (-1792 2592 768 ) (-1024 2592 768 ) 
4 1010 1054 (-1024 2048 624 ) (-1024 2048 768 ) (-1792 2048 768 ) (-1792 2048 624 ) 
4 1010 1027 (-1792 2048 624 ) (-1792 2048 768 ) (-1792 2592 768 ) (-1792 2592 624 ) 
4 1010 1011 (-1024 2048 624 ) (-1056 2048 624 ) (-1056 2368 624 ) (-1024 2368 624 ) 
4 1010 1012 (-1056 2048 624 ) (-1792 2048 624 ) (-1792 2592 624 ) (-1056 2592 624 ) 
4 1011 1054 (-1024 2048 448 ) (-1024 2048 624 ) (-1056 2048 624 ) (-1056 2048 448 ) 
4 1011 1013 (-1024 2368 448 ) (-1024 2048 448 ) (-1056 2048 448 ) (-1056 2368 448 ) 
4 1011 1012 (-1056 2368 448 ) (-1056 2048 448 ) (-1056 2048 624 ) (-1056 2368 624 ) 
4 1012 1054 (-1056 2048 624 ) (-1792 2048 624 ) (-1792 2048 448 ) (-1056 2048 448 ) 
4 1012 1027 (-1792 2048 576 ) (-1792 2048 624 ) (-1792 2592 624 ) (-1792 2592 576 ) 
4 1012 1017 (-1792 2048 448 ) (-1792 2560 448 ) (-1408 2560 448 ) (-1408 2048 448 ) 
4 1012 1016 (-1216 2560 448 ) (-1216 2048 448 ) (-1408 2048 448 ) (-1408 2560 448 ) 
4 1012 1014 (-1056 2560 448 ) (-1056 2048 448 ) (-1216 2048 448 ) (-1216 2560 448 ) 
4 1013 1054 (-1024 2048 256 ) (-1024 2048 448 ) (-1056 2048 448 ) (-1056 2048 256 ) 
4 1013 1018 (-1024 2368 256 ) (-1024 2048 256 ) (-1056 2048 256 ) (-1056 2368 256 ) 
4 1013 1014 (-1056 2048 448 ) (-1056 2368 448 ) (-1056 2368 256 ) (-1056 2048 256 ) 
4 1014 1054 (-1056 2048 448 ) (-1216 2048 448 ) (-1216 2048 256 ) (-1056 2048 256 ) 
4 1014 1023 (-1056 2432 256 ) (-1056 2048 256 ) (-1216 2048 256 ) (-1216 2432 256 ) 
4 1014 1016 (-1216 2048 448 ) (-1216 2560 448 ) (-1216 2560 256 ) (-1216 2048 256 ) 
4 1015 1016 (-1408 2560 360 ) (-1408 2560 256 ) (-1216 2560 256 ) (-1216 2560 360 ) 
4 1016 1054 (-1216 2048 448 ) (-1408 2048 448 ) (-1408 2048 256 ) (-1216 2048 256 ) 
4 1016 1023 (-1216 2432 256 ) (-1216 2048 256 ) (-1408 2048 256 ) (-1408 2432 256 ) 
4 1016 1017 (-1408 2048 448 ) (-1408 2560 448 ) (-1408 2560 256 ) (-1408 2048 256 ) 
4 1017 1054 (-1408 2048 448 ) (-1792 2048 448 ) (-1792 2048 256 ) (-1408 2048 256 ) 
4 1017 1023 (-1792 2048 256 ) (-1792 2432 256 ) (-1408 2432 256 ) (-1408 2048 256 ) 
4 1018 1054 (-1024 2048 0 ) (-1024 2048 256 ) (-1056 2048 256 ) (-1056 2048 0 ) 
4 1018 1023 (-1056 2048 0 ) (-1056 2048 256 ) (-1056 2368 256 ) (-1056 2368 0 ) 
4 1018 1019 (-1056 2048 0 ) (-1056 2368 0 ) (-1024 2368 0 ) (-1024 2048 0 ) 
4 1019 1074 (-1024 2048 -128 ) (-1024 2048 -16 ) (-1056 2048 -16 ) (-1056 2048 -128 ) 
4 1019 1055 (-1024 2048 -16 ) (-1024 2048 0 ) (-1056 2048 0 ) (-1056 2048 -16 ) 
4 1019 1025 (-1056 2368 -128 ) (-1056 2048 -128 ) (-1056 2048 0 ) (-1056 2368 0 ) 
4 1020 1022 (-1056 2880 0 ) (-1056 2880 256 ) (-1152 2880 256 ) (-1152 2880 0 ) 
4 1020 1021 (-1056 2880 0 ) (-1152 2880 0 ) (-1152 3072 0 ) (-1056 3072 0 ) 
4 1021 1024 (-1152 2880 -128 ) (-1056 2880 -128 ) (-1056 2880 0 ) (-1152 2880 0 ) 
4 1022 1024 (-1792 2816 0 ) (-1792 2880 0 ) (-1056 2880 0 ) (-1056 2816 0 ) 
4 1023 1054 (-1056 2048 256 ) (-1792 2048 256 ) (-1792 2048 0 ) (-1056 2048 0 ) 
4 1023 1025 (-1792 2048 0 ) (-1792 2432 0 ) (-1056 2432 0 ) (-1056 2048 0 ) 
4 1025 1074 (-1792 2048 -16 ) (-1792 2048 -128 ) (-1056 2048 -128 ) (-1056 2048 -16 ) 
4 1025 1055 (-1792 2048 0 ) (-1792 2048 -16 ) (-1056 2048 -16 ) (-1056 2048 0 ) 
4 1026 1053 (-1792 2048 768 ) (-1792 2048 2048 ) (-2016 2048 2048 ) (-2016 2048 768 ) 
4 1026 1031 (-2016 2048 768 ) (-2016 2048 2048 ) (-2016 2880 2048 ) (-2016 2880 768 ) 
4 1026 1027 (-2016 2048 768 ) (-2016 2880 768 ) (-1792 2880 768 ) (-1792 2048 768 ) 
4 1027 1054 (-1792 2048 576 ) (-1792 2048 768 ) (-2016 2048 768 ) (-2016 2048 576 ) 
4 1027 1032 (-2016 2048 576 ) (-2016 2048 768 ) (-2016 2880 768 ) (-2016 2880 576 ) 
4 1028 1029 (-1824 2768 256 ) (-1824 2608 256 ) (-1824 2608 384 ) (-1824 2768 384 ) 
4 1029 1034 (-2016 2544 256 ) (-2016 2416 256 ) (-2016 2416 264 ) (-2016 2544 264 ) 
4 1029 1033 (-2016 2784 256 ) (-2016 2592 256 ) (-2016 2592 432 ) (-2016 2784 432 ) 
4 1029 1030 (-2016 2400 256 ) (-2016 2592 256 ) (-1824 2592 256 ) (-1824 2400 256 ) 
4 1030 1034 (-2016 2416 256 ) (-2016 2544 256 ) (-2016 2544 160 ) (-2016 2416 160 ) 
4 1031 1056 (-2016 2048 768 ) (-2016 2048 2048 ) (-2048 2048 2048 ) (-2048 2048 768 ) 
4 1031 1041 (-2048 2048 768 ) (-2048 2048 2048 ) (-2048 2080 2048 ) (-2048 2080 768 ) 
4 1031 1035 (-2048 2080 2048 ) (-2048 2880 2048 ) (-2048 2880 768 ) (-2048 2080 768 ) 
4 1031 1032 (-2048 2880 768 ) (-2016 2880 768 ) (-2016 2048 768 ) (-2048 2048 768 ) 
4 1032 1057 (-2016 2048 576 ) (-2016 2048 768 ) (-2048 2048 768 ) (-2048 2048 576 ) 
4 1032 1042 (-2048 2048 576 ) (-2048 2048 768 ) (-2048 2080 768 ) (-2048 2080 576 ) 
4 1032 1036 (-2048 2080 768 ) (-2048 2880 768 ) (-2048 2880 576 ) (-2048 2080 576 ) 
4 1033 1038 (-2048 2592 256 ) (-2048 2592 432 ) (-2048 2784 432 ) (-2048 2784 256 ) 
4 1034 1040 (-2048 2544 160 ) (-2048 2416 160 ) (-2048 2416 256 ) (-2048 2544 256 ) 
4 1034 1039 (-2048 2416 256 ) (-2048 2416 264 ) (-2048 2544 264 ) (-2048 2544 256 ) 
4 1035 1046 (-2368 2080 768 ) (-2368 2080 2048 ) (-2368 2880 2048 ) (-2368 2880 768 ) 
4 1035 1041 (-2368 2080 2048 ) (-2368 2080 768 ) (-2048 2080 768 ) (-2048 2080 2048 ) 
4 1035 1036 (-2048 2080 768 ) (-2368 2080 768 ) (-2368 2880 768 ) (-2048 2880 768 ) 
4 1036 1047 (-2368 2080 576 ) (-2368 2080 768 ) (-2368 2880 768 ) (-2368 2880 576 ) 
4 1036 1042 (-2368 2080 768 ) (-2368 2080 576 ) (-2048 2080 576 ) (-2048 2080 768 ) 
4 1037 1043 (-2192 2080 432 ) (-2064 2080 432 ) (-2064 2080 520 ) (-2192 2080 520 ) 
4 1037 1039 (-2048 2080 432 ) (-2368 2080 432 ) (-2368 2560 432 ) (-2048 2560 432 ) 
4 1038 1048 (-2368 2768 384 ) (-2368 2768 256 ) (-2368 2608 256 ) (-2368 2608 384 ) 
4 1039 1044 (-2352 2080 256 ) (-2224 2080 256 ) (-2224 2080 288 ) (-2352 2080 288 ) 
4 1039 1043 (-2192 2080 392 ) (-2064 2080 392 ) (-2064 2080 432 ) (-2192 2080 432 ) 
4 1039 1040 (-2048 2080 256 ) (-2368 2080 256 ) (-2368 2560 256 ) (-2048 2560 256 ) 
4 1040 1044 (-2352 2080 160 ) (-2224 2080 160 ) (-2224 2080 256 ) (-2352 2080 256 ) 
4 1041 1077 (-2048 2048 768 ) (-2048 2048 2048 ) (-2368 2048 2048 ) (-2368 2048 768 ) 
4 1041 1046 (-2368 2048 768 ) (-2368 2048 2048 ) (-2368 2080 2048 ) (-2368 2080 768 ) 
4 1041 1042 (-2368 2048 768 ) (-2368 2080 768 ) (-2048 2080 768 ) (-2048 2048 768 ) 
4 1042 1078 (-2048 2048 576 ) (-2048 2048 768 ) (-2368 2048 768 ) (-2368 2048 576 ) 
4 1042 1047 (-2368 2048 576 ) (-2368 2048 768 ) (-2368 2080 768 ) (-2368 2080 576 ) 
4 1043 1079 (-2192 2048 520 ) (-2192 2048 392 ) (-2064 2048 392 ) (-2064 2048 520 ) 
4 1044 1045 (-2352 2064 160 ) (-2224 2064 160 ) (-2224 2064 288 ) (-2352 2064 288 ) 
4 1045 1080 (-2224 2048 160 ) (-2224 2048 288 ) (-2352 2048 288 ) (-2352 2048 160 ) 
4 1046 1077 (-2368 2048 768 ) (-2368 2048 2048 ) (-2400 2048 2048 ) (-2400 2048 768 ) 
4 1046 1049 (-2400 2880 768 ) (-2400 2048 768 ) (-2400 2048 2048 ) (-2400 2880 2048 ) 
4 1046 1047 (-2400 2048 768 ) (-2400 2880 768 ) (-2368 2880 768 ) (-2368 2048 768 ) 
4 1047 1078 (-2368 2048 576 ) (-2368 2048 768 ) (-2400 2048 768 ) (-2400 2048 576 ) 
4 1047 1050 (-2400 2880 576 ) (-2400 2048 576 ) (-2400 2048 768 ) (-2400 2880 768 ) 
4 1048 1051 (-2400 2768 256 ) (-2400 2608 256 ) (-2400 2608 384 ) (-2400 2768 384 ) 
4 1049 1077 (-2400 2048 768 ) (-2400 2048 2048 ) (-2624 2048 2048 ) (-2624 2048 768 ) 
4 1049 1050 (-2624 2048 768 ) (-2624 2880 768 ) (-2400 2880 768 ) (-2400 2048 768 ) 
4 1050 1078 (-2400 2048 576 ) (-2400 2048 768 ) (-2624 2048 768 ) (-2624 2048 576 ) 
4 1051 1233 (-3072 2080 416 ) (-3072 2784 416 ) (-3072 2784 160 ) (-3072 2080 160 ) 
4 1051 1052 (-2576 2080 160 ) (-2416 2080 160 ) (-2416 2080 288 ) (-2576 2080 288 ) 
4 1052 1082 (-2576 2048 288 ) (-2576 2048 160 ) (-2416 2048 160 ) (-2416 2048 288 ) 
4 1053 1104 (-1024 1024 768 ) (-1024 1024 2048 ) (-2016 1024 2048 ) (-2016 1024 768 ) 
4 1053 1056 (-2016 1024 768 ) (-2016 1024 2048 ) (-2016 2048 2048 ) (-2016 2048 768 ) 
4 1053 1054 (-1024 1024 768 ) (-2016 1024 768 ) (-2016 2048 768 ) (-1024 2048 768 ) 
4 1054 1118 (-1088 1024 64 ) (-2016 1024 64 ) (-2016 1024 0 ) (-1088 1024 0 ) 
4 1054 1117 (-1024 1024 0 ) (-1024 1024 64 ) (-1088 1024 64 ) (-1088 1024 0 ) 
4 1054 1114 (-1024 1024 64 ) (-1024 1024 416 ) (-2016 1024 416 ) (-2016 1024 64 ) 
4 1054 1109 (-1024 1024 416 ) (-1024 1024 512 ) (-2016 1024 512 ) (-2016 1024 416 ) 
4 1054 1105 (-1024 1024 512 ) (-1024 1024 768 ) (-2016 1024 768 ) (-2016 1024 512 ) 
4 1054 1072 (-2016 1024 0 ) (-2016 1024 160 ) (-2016 1536 160 ) (-2016 1536 0 ) 
4 1054 1067 (-2016 1024 160 ) (-2016 1024 536 ) (-2016 1536 536 ) (-2016 1536 160 ) 
4 1054 1066 (-2016 1616 536 ) (-2016 1712 536 ) (-2016 1712 408 ) (-2016 1616 408 ) 
4 1054 1064 (-2016 1872 536 ) (-2016 1920 536 ) (-2016 1920 408 ) (-2016 1872 408 ) 
4 1054 1065 (-2016 1744 536 ) (-2016 1840 536 ) (-2016 1840 408 ) (-2016 1744 408 ) 
4 1054 1062 (-2016 1920 536 ) (-2016 1968 536 ) (-2016 1968 408 ) (-2016 1920 408 ) 
4 1054 1063 (-2016 2048 288 ) (-2016 2048 160 ) (-2016 1920 160 ) (-2016 1920 288 ) 
4 1054 1059 (-2016 1024 536 ) (-2016 1024 560 ) (-2016 1536 560 ) (-2016 1536 536 ) 
4 1054 1058 (-2016 1024 560 ) (-2016 1024 576 ) (-2016 1536 576 ) (-2016 1536 560 ) 
4 1054 1057 (-2016 1024 576 ) (-2016 1024 768 ) (-2016 2048 768 ) (-2016 2048 576 ) 
4 1054 1055 (-2016 1024 0 ) (-2016 2048 0 ) (-1024 2048 0 ) (-1024 1024 0 ) 
4 1055 1120 (-1088 1024 0 ) (-2016 1024 0 ) (-2016 1024 -16 ) (-1088 1024 -16 ) 
4 1055 1119 (-1024 1024 -16 ) (-1024 1024 0 ) (-1088 1024 0 ) (-1088 1024 -16 ) 
4 1055 1076 (-1024 1024 -16 ) (-2016 1024 -16 ) (-2016 1056 -16 ) (-1024 1056 -16 ) 
4 1055 1075 (-2016 1056 -16 ) (-2016 1536 -16 ) (-1024 1536 -16 ) (-1024 1056 -16 ) 
4 1055 1074 (-2016 1536 -16 ) (-2016 2048 -16 ) (-1024 2048 -16 ) (-1024 1536 -16 ) 
4 1055 1073 (-2016 1536 -16 ) (-2016 1024 -16 ) (-2016 1024 0 ) (-2016 1536 0 ) 
4 1056 1104 (-2048 1024 2048 ) (-2048 1024 768 ) (-2016 1024 768 ) (-2016 1024 2048 ) 
4 1056 1091 (-2048 1024 768 ) (-2048 1024 2048 ) (-2048 1536 2048 ) (-2048 1536 768 ) 
4 1056 1077 (-2048 1536 2048 ) (-2048 2048 2048 ) (-2048 2048 768 ) (-2048 1536 768 ) 
4 1056 1057 (-2048 2048 768 ) (-2016 2048 768 ) (-2016 1024 768 ) (-2048 1024 768 ) 
4 1057 1105 (-2048 1024 768 ) (-2048 1024 576 ) (-2016 1024 576 ) (-2016 1024 768 ) 
4 1057 1092 (-2048 1024 576 ) (-2048 1024 768 ) (-2048 1536 768 ) (-2048 1536 576 ) 
4 1057 1078 (-2048 1536 768 ) (-2048 2048 768 ) (-2048 2048 576 ) (-2048 1536 576 ) 
4 1057 1058 (-2016 1536 576 ) (-2016 1024 576 ) (-2048 1024 576 ) (-2048 1536 576 ) 
4 1058 1105 (-2048 1024 576 ) (-2048 1024 560 ) (-2016 1024 560 ) (-2016 1024 576 ) 
4 1058 1093 (-2048 1024 560 ) (-2048 1024 576 ) (-2048 1536 576 ) (-2048 1536 560 ) 
4 1058 1061 (-2048 1024 560 ) (-2048 1536 560 ) (-2032 1536 560 ) (-2032 1024 560 ) 
4 1058 1059 (-2032 1536 560 ) (-2016 1536 560 ) (-2016 1024 560 ) (-2032 1024 560 ) 
4 1059 1105 (-2032 1024 536 ) (-2016 1024 536 ) (-2016 1024 560 ) (-2032 1024 560 ) 
4 1059 1067 (-2016 1536 536 ) (-2016 1024 536 ) (-2032 1024 536 ) (-2032 1536 536 ) 
4 1059 1061 (-2032 1536 536 ) (-2032 1024 536 ) (-2032 1024 560 ) (-2032 1536 560 ) 
4 1060 1083 (-2048 1552 560 ) (-2048 1568 560 ) (-2048 1568 536 ) (-2048 1552 536 ) 
4 1060 1079 (-2048 1568 560 ) (-2048 2048 560 ) (-2048 2048 536 ) (-2048 1568 536 ) 
4 1060 1070 (-2032 1920 536 ) (-2032 1552 536 ) (-2048 1552 536 ) (-2048 1920 536 ) 
4 1060 1068 (-2048 2048 536 ) (-2032 2048 536 ) (-2032 1920 536 ) (-2048 1920 536 ) 
4 1061 1105 (-2048 1024 560 ) (-2048 1024 536 ) (-2032 1024 536 ) (-2032 1024 560 ) 
4 1061 1093 (-2048 1024 536 ) (-2048 1024 560 ) (-2048 1536 560 ) (-2048 1536 536 ) 
4 1061 1071 (-2032 1536 536 ) (-2032 1024 536 ) (-2048 1024 536 ) (-2048 1536 536 ) 
4 1062 1068 (-2032 1920 408 ) (-2032 1920 536 ) (-2032 1968 536 ) (-2032 1968 408 ) 
4 1062 1064 (-2032 1920 536 ) (-2032 1920 408 ) (-2016 1920 408 ) (-2016 1920 536 ) 
4 1063 1069 (-2032 2048 160 ) (-2032 1920 160 ) (-2032 1920 288 ) (-2032 2048 288 ) 
4 1064 1070 (-2032 1872 536 ) (-2032 1920 536 ) (-2032 1920 408 ) (-2032 1872 408 ) 
4 1065 1070 (-2032 1744 536 ) (-2032 1840 536 ) (-2032 1840 408 ) (-2032 1744 408 ) 
4 1066 1070 (-2032 1616 408 ) (-2032 1616 536 ) (-2032 1712 536 ) (-2032 1712 408 ) 
4 1067 1114 (-2032 1024 160 ) (-2016 1024 160 ) (-2016 1024 416 ) (-2032 1024 416 ) 
4 1067 1109 (-2016 1024 416 ) (-2016 1024 512 ) (-2032 1024 512 ) (-2032 1024 416 ) 
4 1067 1105 (-2016 1024 512 ) (-2016 1024 536 ) (-2032 1024 536 ) (-2032 1024 512 ) 
4 1067 1072 (-2016 1536 160 ) (-2016 1024 160 ) (-2032 1024 160 ) (-2032 1536 160 ) 
4 1067 1071 (-2032 1536 160 ) (-2032 1024 160 ) (-2032 1024 536 ) (-2032 1536 536 ) 
4 1068 1079 (-2048 1920 536 ) (-2048 2048 536 ) (-2048 2048 392 ) (-2048 1920 392 ) 
4 1068 1070 (-2032 1920 392 ) (-2032 1920 536 ) (-2048 1920 536 ) (-2048 1920 392 ) 
4 1069 1080 (-2048 2048 288 ) (-2048 2048 160 ) (-2048 1920 160 ) (-2048 1920 288 ) 
4 1070 1083 (-2048 1552 536 ) (-2048 1568 536 ) (-2048 1568 392 ) (-2048 1552 392 ) 
4 1070 1079 (-2048 1568 536 ) (-2048 1920 536 ) (-2048 1920 392 ) (-2048 1568 392 ) 
4 1071 1114 (-2048 1024 416 ) (-2048 1024 160 ) (-2032 1024 160 ) (-2032 1024 416 ) 
4 1071 1113 (-2048 1024 512 ) (-2048 1024 416 ) (-2032 1024 416 ) (-2032 1024 512 ) 
4 1071 1105 (-2048 1024 536 ) (-2048 1024 512 ) (-2032 1024 512 ) (-2032 1024 536 ) 
4 1071 1093 (-2048 1024 160 ) (-2048 1024 536 ) (-2048 1536 536 ) (-2048 1536 160 ) 
4 1071 1072 (-2048 1024 160 ) (-2048 1536 160 ) (-2032 1536 160 ) (-2032 1024 160 ) 
4 1072 1118 (-2048 1024 64 ) (-2048 1024 0 ) (-2016 1024 0 ) (-2016 1024 64 ) 
4 1072 1114 (-2048 1024 160 ) (-2048 1024 64 ) (-2016 1024 64 ) (-2016 1024 160 ) 
4 1072 1098 (-2048 1304 128 ) (-2048 1496 128 ) (-2048 1496 0 ) (-2048 1304 0 ) 
4 1072 1099 (-2048 1064 128 ) (-2048 1256 128 ) (-2048 1256 0 ) (-2048 1064 0 ) 
4 1072 1073 (-2048 1024 0 ) (-2048 1536 0 ) (-2016 1536 0 ) (-2016 1024 0 ) 
4 1073 1120 (-2048 1024 0 ) (-2048 1024 -16 ) (-2016 1024 -16 ) (-2016 1024 0 ) 
4 1073 1100 (-2048 1304 0 ) (-2048 1496 0 ) (-2048 1496 -16 ) (-2048 1304 -16 ) 
4 1073 1101 (-2048 1064 0 ) (-2048 1256 0 ) (-2048 1256 -16 ) (-2048 1064 -16 ) 
4 1073 1076 (-2016 1024 -16 ) (-2048 1024 -16 ) (-2048 1056 -16 ) (-2016 1056 -16 ) 
4 1073 1075 (-2048 1056 -16 ) (-2048 1536 -16 ) (-2016 1536 -16 ) (-2016 1056 -16 ) 
4 1074 1075 (-2016 1536 -128 ) (-1024 1536 -128 ) (-1024 1536 -16 ) (-2016 1536 -16 ) 
4 1075 1102 (-2048 1304 -16 ) (-2048 1496 -16 ) (-2048 1496 -32 ) (-2048 1304 -32 ) 
4 1075 1103 (-2048 1064 -16 ) (-2048 1256 -16 ) (-2048 1256 -32 ) (-2048 1064 -32 ) 
4 1075 1076 (-2048 1056 -128 ) (-1024 1056 -128 ) (-1024 1056 -16 ) (-2048 1056 -16 ) 
4 1076 1120 (-1088 1024 -16 ) (-2048 1024 -16 ) (-2048 1024 -128 ) (-1088 1024 -128 ) 
4 1076 1119 (-1024 1024 -128 ) (-1024 1024 -16 ) (-1088 1024 -16 ) (-1088 1024 -128 ) 
4 1077 1091 (-2048 1536 768 ) (-2048 1536 2048 ) (-2624 1536 2048 ) (-2624 1536 768 ) 
4 1077 1078 (-2048 1536 768 ) (-2624 1536 768 ) (-2624 2048 768 ) (-2048 2048 768 ) 
4 1078 1092 (-2048 1536 576 ) (-2048 1536 768 ) (-2624 1536 768 ) (-2624 1536 576 ) 
4 1079 1086 (-2352 1568 560 ) (-2368 1568 560 ) (-2368 1568 392 ) (-2352 1568 392 ) 
4 1079 1085 (-2224 1568 560 ) (-2352 1568 560 ) (-2352 1568 392 ) (-2224 1568 392 ) 
4 1079 1084 (-2176 1568 560 ) (-2224 1568 560 ) (-2224 1568 392 ) (-2176 1568 392 ) 
4 1079 1083 (-2048 1568 392 ) (-2048 1568 560 ) (-2176 1568 560 ) (-2176 1568 392 ) 
4 1079 1081 (-2368 1568 392 ) (-2368 1568 560 ) (-2368 2048 560 ) (-2368 2048 392 ) 
4 1080 1089 (-2352 1568 160 ) (-2224 1568 160 ) (-2224 1568 264 ) (-2352 1568 264 ) 
4 1080 1088 (-2176 1568 160 ) (-2048 1568 160 ) (-2048 1568 288 ) (-2176 1568 288 ) 
4 1081 1086 (-2368 1568 392 ) (-2368 1568 560 ) (-2384 1568 560 ) (-2384 1568 392 ) 
4 1082 1090 (-2576 1568 160 ) (-2416 1568 160 ) (-2416 1568 288 ) (-2576 1568 288 ) 
4 1083 1087 (-2080 1552 536 ) (-2176 1552 536 ) (-2176 1552 408 ) (-2080 1552 408 ) 
4 1083 1084 (-2176 1568 560 ) (-2176 1568 392 ) (-2176 1552 392 ) (-2176 1552 560 ) 
4 1084 1085 (-2224 1568 560 ) (-2224 1568 392 ) (-2224 1552 392 ) (-2224 1552 560 ) 
4 1085 1086 (-2352 1568 560 ) (-2352 1568 392 ) (-2352 1552 392 ) (-2352 1552 560 ) 
4 1087 1093 (-2080 1536 536 ) (-2176 1536 536 ) (-2176 1536 408 ) (-2080 1536 408 ) 
4 1088 1093 (-2048 1536 160 ) (-2048 1536 288 ) (-2176 1536 288 ) (-2176 1536 160 ) 
4 1089 1097 (-2352 1536 264 ) (-2352 1536 160 ) (-2240 1536 160 ) (-2240 1536 264 ) 
4 1089 1096 (-2240 1536 160 ) (-2224 1536 160 ) (-2224 1536 264 ) (-2240 1536 264 ) 
4 1090 1097 (-2576 1536 288 ) (-2576 1536 160 ) (-2416 1536 160 ) (-2416 1536 288 ) 
4 1091 1174 (-2624 1024 768 ) (-2048 1024 768 ) (-2048 1024 2048 ) (-2624 1024 2048 ) 
4 1091 1092 (-2048 1024 768 ) (-2624 1024 768 ) (-2624 1536 768 ) (-2048 1536 768 ) 
4 1092 1175 (-2624 1024 576 ) (-2048 1024 576 ) (-2048 1024 768 ) (-2624 1024 768 ) 
4 1092 1095 (-2208 1024 576 ) (-2240 1024 576 ) (-2240 1536 576 ) (-2208 1536 576 ) 
4 1092 1094 (-2176 1024 576 ) (-2208 1024 576 ) (-2208 1536 576 ) (-2176 1536 576 ) 
4 1092 1093 (-2048 1024 576 ) (-2176 1024 576 ) (-2176 1536 576 ) (-2048 1536 576 ) 
4 1093 1176 (-2176 1024 160 ) (-2048 1024 160 ) (-2048 1024 576 ) (-2176 1024 576 ) 
4 1093 1094 (-2176 1024 400 ) (-2176 1024 576 ) (-2176 1536 576 ) (-2176 1536 400 ) 
4 1094 1177 (-2176 1024 400 ) (-2176 1024 576 ) (-2208 1024 576 ) (-2208 1024 410 ) 
4 1094 1095 (-2208 1024 410 ) (-2208 1024 576 ) (-2208 1536 576 ) (-2208 1536 410 ) 
4 1095 1180 (-2208 1024 409.998993 ) (-2208 1024 576 ) (-2240 1024 576 ) (-2240 1024 420 ) 
4 1096 1181 (-2240 1024 160 ) (-2208 1024 160 ) (-2208 1024 336 ) (-2240 1024 336 ) 
4 1096 1097 (-2240 1536 160 ) (-2240 1024 160 ) (-2240 1024 336 ) (-2240 1536 336 ) 
4 1097 1182 (-2592 1024 160 ) (-2240 1024 160 ) (-2240 1024 336 ) (-2592 1024 336 ) 
4 1098 1100 (-2560 1304 0 ) (-2560 1496 0 ) (-2048 1496 0 ) (-2048 1304 0 ) 
4 1099 1101 (-2560 1064 0 ) (-2560 1256 0 ) (-2048 1256 0 ) (-2048 1064 0 ) 
4 1100 1102 (-2048 1496 -16 ) (-2048 1304 -16 ) (-2560 1304 -16 ) (-2560 1496 -16 ) 
4 1101 1103 (-2048 1256 -16 ) (-2048 1064 -16 ) (-2560 1064 -16 ) (-2560 1256 -16 ) 
4 1104 1174 (-2048 1024 2048 ) (-2048 1024 768 ) (-2048 736 768 ) (-2048 736 2048 ) 
4 1104 1106 (-1024 736 768 ) (-1024 736 2048 ) (-2048 736 2048 ) (-2048 736 768 ) 
4 1104 1105 (-1024 736 768 ) (-2048 736 768 ) (-2048 1024 768 ) (-1024 1024 768 ) 
4 1105 1176 (-2048 1024 576 ) (-2048 1024 512 ) (-2048 736 512 ) (-2048 736 576 ) 
4 1105 1175 (-2048 1024 768 ) (-2048 1024 576 ) (-2048 736 576 ) (-2048 736 768 ) 
4 1105 1113 (-2048 736 512 ) (-2048 1024 512 ) (-2032 1024 512 ) (-2032 736 512 ) 
4 1105 1109 (-2032 1024 512 ) (-1024 1024 512 ) (-1024 736 512 ) (-2032 736 512 ) 
4 1105 1108 (-1856 736 512 ) (-1024 736 512 ) (-1024 736 576 ) (-1856 736 576 ) 
4 1105 1107 (-1024 736 576 ) (-1024 736 768 ) (-2048 736 768 ) (-2048 736 576 ) 
4 1106 1183 (-2048 512 768 ) (-2048 512 2048 ) (-2048 736 2048 ) (-2048 736 768 ) 
4 1106 1144 (-1792 512 2048 ) (-2048 512 2048 ) (-2048 512 768 ) (-1792 512 768 ) 
4 1106 1128 (-1280 512 2048 ) (-1792 512 2048 ) (-1792 512 768 ) (-1280 512 768 ) 
4 1106 1122 (-1024 512 768 ) (-1024 512 1024 ) (-1088 512 1024 ) (-1088 512 768 ) 
4 1106 1121 (-1024 512 1024 ) (-1024 512 2048 ) (-1280 512 2048 ) (-1280 512 1024 ) 
4 1106 1107 (-1024 512 768 ) (-2048 512 768 ) (-2048 736 768 ) (-1024 736 768 ) 
4 1107 1184 (-2048 512 576 ) (-2048 512 768 ) (-2048 736 768 ) (-2048 736 576 ) 
4 1107 1145 (-1792 512 768 ) (-2048 512 768 ) (-2048 512 640 ) (-1792 512 640 ) 
4 1107 1129 (-1280 512 768 ) (-1792 512 768 ) (-1792 512 640 ) (-1280 512 640 ) 
4 1107 1123 (-1024 512 576 ) (-1024 512 768 ) (-1088 512 768 ) (-1088 512 576 ) 
4 1107 1108 (-1024 512 576 ) (-1856 512 576 ) (-1856 736 576 ) (-1024 736 576 ) 
4 1108 1123 (-1024 512 512 ) (-1024 512 576 ) (-1088 512 576 ) (-1088 512 512 ) 
4 1108 1110 (-1024 512 512 ) (-1856 512 512 ) (-1856 736 512 ) (-1024 736 512 ) 
4 1109 1115 (-2032 736 416 ) (-2032 928 416 ) (-1024 928 416 ) (-1024 736 416 ) 
4 1109 1114 (-2032 928 416 ) (-2032 1024 416 ) (-1024 1024 416 ) (-1024 928 416 ) 
4 1109 1113 (-2032 1024 416 ) (-2032 736 416 ) (-2032 736 512 ) (-2032 1024 512 ) 
4 1109 1111 (-2032 736 512 ) (-2032 736 416 ) (-1936 736 416 ) (-1936 736 512 ) 
4 1109 1110 (-1856 736 416 ) (-1024 736 416 ) (-1024 736 512 ) (-1856 736 512 ) 
4 1110 1123 (-1024 512 416 ) (-1024 512 512 ) (-1088 512 512 ) (-1088 512 416 ) 
4 1110 1116 (-1024 512 416 ) (-1856 512 416 ) (-1856 736 416 ) (-1024 736 416 ) 
4 1111 1112 (-2032 720 512 ) (-2032 720 416 ) (-1936 720 416 ) (-1936 720 512 ) 
4 1112 1154 (-1936 512 512 ) (-2032 512 512 ) (-2032 512 416 ) (-1936 512 416 ) 
4 1113 1176 (-2048 1024 512 ) (-2048 1024 416 ) (-2048 736 416 ) (-2048 736 512 ) 
4 1113 1115 (-2048 736 416 ) (-2048 928 416 ) (-2032 928 416 ) (-2032 736 416 ) 
4 1113 1114 (-2048 928 416 ) (-2048 1024 416 ) (-2032 1024 416 ) (-2032 928 416 ) 
4 1114 1176 (-2048 1024 416 ) (-2048 1024 160 ) (-2048 928 160 ) (-2048 928 416 ) 
4 1114 1118 (-2048 928 64 ) (-2048 1024 64 ) (-1088 1024 64 ) (-1088 928 64 ) 
4 1114 1117 (-1088 1024 64 ) (-1024 1024 64 ) (-1024 928 64 ) (-1088 928 64 ) 
5 1114 1115 (-1872 928 64 ) (-1024 928 64 ) (-1024 928 416 ) (-2048 928 416 ) (-2048 928 159.998962 ) 
4 1115 1176 (-2048 736 159.998978 ) (-2048 736 416 ) (-2048 928 416 ) (-2048 928 159.998962 ) 
4 1115 1117 (-1088 928 64 ) (-1024 928 64 ) (-1024 736 64 ) (-1088 736 64 ) 
4 1115 1116 (-1856 736 64 ) (-1024 736 64 ) (-1024 736 416 ) (-1856 736 416 ) 
4 1116 1132 (-1552 512 64 ) (-1280 512 64 ) (-1280 512 320 ) (-1552 512 320 ) 
4 1116 1124 (-1024 512 64 ) (-1024 512 192 ) (-1088 512 192 ) (-1088 512 64 ) 
4 1116 1123 (-1024 512 192 ) (-1024 512 416 ) (-1088 512 416 ) (-1088 512 192 ) 
4 1116 1117 (-1024 512 64 ) (-1088 512 64 ) (-1088 736 64 ) (-1024 736 64 ) 
4 1117 1139 (-1024 512 0 ) (-1024 512 64 ) (-1088 512 64 ) (-1088 512 0 ) 
4 1117 1119 (-1024 512 0 ) (-1088 512 0 ) (-1088 1024 0 ) (-1024 1024 0 ) 
4 1117 1118 (-1088 1024 0 ) (-1088 928 0 ) (-1088 928 64 ) (-1088 1024 64 ) 
4 1118 1120 (-2048 928 0 ) (-2048 1024 0 ) (-1088 1024 0 ) (-1088 928 0 ) 
4 1119 1143 (-1024 512 -128 ) (-1024 512 0 ) (-1088 512 0 ) (-1088 512 -128 ) 
4 1119 1120 (-1088 1024 -128 ) (-1088 928 -128 ) (-1088 928 0 ) (-1088 1024 0 ) 
4 1121 1128 (-1280 512 2048 ) (-1280 512 1024 ) (-1280 384 1024 ) (-1280 384 2048 ) 
4 1121 1122 (-1088 448 1024 ) (-1088 512 1024 ) (-1024 512 1024 ) (-1024 448 1024 ) 
4 1122 1123 (-1024 448 768 ) (-1088 448 768 ) (-1088 512 768 ) (-1024 512 768 ) 
4 1123 1124 (-1088 448 192 ) (-1088 512 192 ) (-1024 512 192 ) (-1024 448 192 ) 
4 1124 1139 (-1088 512 64 ) (-1024 512 64 ) (-1024 448 64 ) (-1088 448 64 ) 
4 1125 1517 (-1024 0 768 ) (-1024 0 1024 ) (-1088 0 1024 ) (-1088 0 768 ) 
4 1125 1126 (-1024 0 768 ) (-1088 0 768 ) (-1088 384 768 ) (-1024 384 768 ) 
4 1126 1544 (-1024 0 640 ) (-1024 0 672 ) (-1088 0 672 ) (-1088 0 640 ) 
4 1126 1518 (-1024 0 672 ) (-1024 0 768 ) (-1088 0 768 ) (-1088 0 672 ) 
4 1127 1579 (-1280 0 192 ) (-1280 0 64 ) (-1184 0 64 ) (-1184 0 192 ) 
4 1127 1578 (-1184 0 320 ) (-1280 0 320 ) (-1280 0 192 ) (-1184 0 192 ) 
4 1127 1577 (-1152 0 320 ) (-1184 0 320 ) (-1184 0 64 ) (-1152 0 64 ) 
4 1127 1576 (-1024 0 64 ) (-1024 0 320 ) (-1152 0 320 ) (-1152 0 64 ) 
4 1127 1141 (-1088 0 64 ) (-1280 0 64 ) (-1280 384 64 ) (-1088 384 64 ) 
4 1127 1140 (-1024 0 64 ) (-1088 0 64 ) (-1088 384 64 ) (-1024 384 64 ) 
4 1127 1137 (-1280 128 64 ) (-1280 0 64 ) (-1280 0 320 ) (-1280 128 320 ) 
4 1127 1131 (-1280 384 64 ) (-1280 128 64 ) (-1280 128 320 ) (-1280 384 320 ) 
4 1128 1144 (-1792 512 2048 ) (-1792 512 768 ) (-1792 128 768 ) (-1792 128 2048 ) 
4 1128 1129 (-1280 128 768 ) (-1792 128 768 ) (-1792 512 768 ) (-1280 512 768 ) 
4 1129 1145 (-1792 512 768 ) (-1792 512 640 ) (-1792 128 640 ) (-1792 128 768 ) 
4 1130 1132 (-1302.665405 480 320 ) (-1280 511.998016 320 ) (-1280 511.998016 64 ) (-1302.665405 480 64 ) 
4 1130 1131 (-1302.669922 480 320 ) (-1302.669922 480 64 ) (-1280 480 64 ) (-1280 480 320 ) 
5 1131 1142 (-1280 384 64 ) (-1280 128 64 ) (-1376 128 64 ) (-1376 376.471313 64 ) (-1370.667114 384 64 ) 
4 1131 1137 (-1408 128 64 ) (-1280 128 64 ) (-1280 128 320 ) (-1408 128 320 ) 
4 1131 1138 (-1552 128 64 ) (-1408 128 64 ) (-1408 128 320 ) (-1552 128 320 ) 
4 1131 1133 (-1552 128 64 ) (-1552 128 320 ) (-1302.665405 480 320 ) (-1302.665405 480 64 ) 
4 1132 1133 (-1552 480 320 ) (-1552 480 64 ) (-1302.669922 480 64 ) (-1302.669922 480 320 ) 
3 1133 1142 (-1370.667114 384 64 ) (-1376 376.471283 64 ) (-1376 384 64 ) 
4 1133 1136 (-1552 256 64 ) (-1552 160 64 ) (-1552 160 144 ) (-1552 256 144 ) 
4 1133 1134 (-1552 160 144 ) (-1552 160 192 ) (-1552 256 192 ) (-1552 256 144 ) 
4 1134 1136 (-1552 160 144 ) (-1584 160 144 ) (-1584 256 144 ) (-1552 256 144 ) 
4 1134 1135 (-1584 256 144 ) (-1584 160 144 ) (-1584 160 192 ) (-1584 256 192 ) 
4 1135 1162 (-1792 160 144 ) (-1792 160 272 ) (-1792 256 272 ) (-1792 256 144 ) 
4 1135 1136 (-1584 160 144 ) (-1744 160 144 ) (-1744 256 144 ) (-1584 256 144 ) 
4 1137 1581 (-1408 0 64 ) (-1376 0 64 ) (-1376 0 320 ) (-1408 0 320 ) 
4 1137 1579 (-1376 0 64 ) (-1280 0 64 ) (-1280 0 192 ) (-1376 0 192 ) 
4 1137 1578 (-1280 0 192 ) (-1280 0 320 ) (-1376 0 320 ) (-1376 0 192 ) 
4 1137 1142 (-1280 0 64 ) (-1376 0 64 ) (-1376 128 64 ) (-1280 128 64 ) 
4 1137 1138 (-1408 128 320 ) (-1408 128 64 ) (-1408 0 64 ) (-1408 0 320 ) 
4 1138 1582 (-1792 0 320 ) (-1792 0 64 ) (-1408 0 64 ) (-1408 0 320 ) 
4 1138 1570 (-1792 0 384 ) (-1792 0 320 ) (-1408 0 320 ) (-1408 0 384 ) 
4 1138 1163 (-1792 128 64 ) (-1792 0 64 ) (-1792 0 384 ) (-1792 128 384 ) 
4 1139 1143 (-1088 512 0 ) (-1024 512 0 ) (-1024 448 0 ) (-1088 448 0 ) 
4 1140 1576 (-1024 0 0 ) (-1024 0 64 ) (-1088 0 64 ) (-1088 0 0 ) 
4 1140 1141 (-1088 384 0 ) (-1088 0 0 ) (-1088 0 64 ) (-1088 384 64 ) 
4 1141 1579 (-1184 0 64 ) (-1280 0 64 ) (-1280 0 0 ) (-1184 0 0 ) 
4 1141 1577 (-1152 0 64 ) (-1184 0 64 ) (-1184 0 0 ) (-1152 0 0 ) 
4 1141 1576 (-1088 0 64 ) (-1152 0 64 ) (-1152 0 0 ) (-1088 0 0 ) 
4 1141 1142 (-1280 384 0 ) (-1280 0 0 ) (-1280 0 64 ) (-1280 384 64 ) 
4 1142 1579 (-1280 0 64 ) (-1376 0 64 ) (-1376 0 0 ) (-1280 0 0 ) 
4 1144 1209 (-2048 256 768 ) (-2048 128 768 ) (-2048 128 2048 ) (-2048 256 2048 ) 
4 1144 1199 (-2048 384 768 ) (-2048 256 768 ) (-2048 256 2048 ) (-2048 384 2048 ) 
4 1144 1191 (-2048 480 768 ) (-2048 384 768 ) (-2048 384 2048 ) (-2048 480 2048 ) 
4 1144 1189 (-2048 512 2048 ) (-2048 512 768 ) (-2048 480 768 ) (-2048 480 2048 ) 
4 1144 1145 (-1792 128 768 ) (-2048 128 768 ) (-2048 512 768 ) (-1792 512 768 ) 
4 1145 1210 (-2048 256 640 ) (-2048 128 640 ) (-2048 128 768 ) (-2048 256 768 ) 
4 1145 1200 (-2048 384 640 ) (-2048 256 640 ) (-2048 256 768 ) (-2048 384 768 ) 
4 1145 1192 (-2048 480 640 ) (-2048 384 640 ) (-2048 384 768 ) (-2048 480 768 ) 
4 1145 1190 (-2048 512 768 ) (-2048 512 640 ) (-2048 480 640 ) (-2048 480 768 ) 
4 1146 1150 (-1904 496 416 ) (-1904 400 416 ) (-1904 400 512 ) (-1904 496 512 ) 
4 1146 1148 (-1904 368 480 ) (-1904 368 416 ) (-1808 368 416 ) (-1808 368 480 ) 
4 1146 1147 (-1904 368 512 ) (-1904 368 480 ) (-1808 368 480 ) (-1808 368 512 ) 
4 1147 1552 (-1808 0 576 ) (-1904 0 576 ) (-1904 0 480 ) (-1808 0 480 ) 
4 1147 1151 (-1904 272 512 ) (-1904 368 512 ) (-1904 368 480 ) (-1904 272 480 ) 
4 1147 1148 (-1904 128 480 ) (-1904 368 480 ) (-1808 368 480 ) (-1808 127.996460 480 ) 
4 1148 1151 (-1904 368 416 ) (-1904 272 416 ) (-1904 272 480 ) (-1904 368 480 ) 
4 1149 1211 (-2048 256 512 ) (-2048 128 512 ) (-2048 128 560 ) (-2048 256 560 ) 
4 1149 1201 (-2048 384 560 ) (-2048 384 512 ) (-2048 256 512 ) (-2048 256 560 ) 
4 1149 1158 (-2048 128 512 ) (-2048 384 512 ) (-1936 384 512 ) (-1936 128 512 ) 
4 1149 1153 (-1936 384 512 ) (-1920 384 512 ) (-1920 128 512 ) (-1936 128 512 ) 
4 1150 1152 (-1920 496 416 ) (-1920 400 416 ) (-1920 400 512 ) (-1920 496 512 ) 
4 1151 1153 (-1920 368 416 ) (-1920 272 416 ) (-1920 272 512 ) (-1920 368 512 ) 
4 1152 1155 (-1936 496 416 ) (-1936 400 416 ) (-1936 400 512 ) (-1936 496 512 ) 
4 1153 1160 (-1920 368 416 ) (-1920 272 416 ) (-1936 272 416 ) (-1936 368 416 ) 
4 1153 1159 (-1920 384 416 ) (-1920 368 416 ) (-1936 368 416 ) (-1936 384 416 ) 
4 1153 1161 (-1920 272 416 ) (-1920 128 416 ) (-1936 128 416 ) (-1936 272 416 ) 
4 1153 1158 (-1936 384 416 ) (-1936 128 416 ) (-1936 128 512 ) (-1936 384 512 ) 
4 1154 1155 (-2032 504 512 ) (-2032 504 416 ) (-1936 504 416 ) (-1936 504 512 ) 
4 1155 1156 (-2032 496 416 ) (-2032 400 416 ) (-2032 400 512 ) (-2032 496 512 ) 
4 1156 1194 (-2048 415.997620 512 ) (-2048 496 512 ) (-2048 496 416 ) (-2048 415.997620 416 ) 
4 1156 1157 (-2048 416 416 ) (-2032 400 416 ) (-2032 400 512 ) (-2048 416 512 ) 
4 1157 1196 (-2048 400 512 ) (-2048 415.997620 512 ) (-2048 415.997620 416 ) (-2048 400 416 ) 
4 1158 1211 (-2048 128 512 ) (-2048 256 512 ) (-2048 256 416 ) (-2048 128 416 ) 
4 1158 1201 (-2048 256 512 ) (-2048 384 512 ) (-2048 384 416 ) (-2048 256 416 ) 
4 1158 1160 (-1936 368 416 ) (-1936 272 416 ) (-2048 272 416 ) (-2048 368 416 ) 
4 1158 1159 (-1936 384 416 ) (-1936 368 416 ) (-2048 368 416 ) (-2048 384 416 ) 
4 1158 1161 (-1936 272 416 ) (-1936 128 416 ) (-2048 128 416 ) (-2048 272 416 ) 
4 1159 1201 (-2048 368 416 ) (-2048 384 416 ) (-2048 384 384 ) (-2048 368 384 ) 
4 1159 1160 (-2048 368 384 ) (-1984 368 384 ) (-1920 368 416 ) (-2048 368 416 ) 
4 1160 1201 (-2048 272 416 ) (-2048 368 416 ) (-2048 368 384 ) (-2048 272 384 ) 
4 1160 1161 (-2048 272 384 ) (-1984 272 384 ) (-1920 272 416 ) (-2048 272 416 ) 
4 1161 1211 (-2048 128 416 ) (-2048 256 416 ) (-2048 256 384 ) (-2048 128 384 ) 
4 1161 1201 (-2048 256 416 ) (-2048 272 416 ) (-2048 272 384 ) (-2048 256 384 ) 
4 1162 1166 (-1824 160 144 ) (-1824 160 272 ) (-1824 256 272 ) (-1824 256 144 ) 
4 1163 1582 (-1792 0 64 ) (-1792 0 320 ) (-1824 0 320 ) (-1824 0 64 ) 
4 1163 1570 (-1792 0 320 ) (-1792 0 384 ) (-1824 0 384 ) (-1824 0 320 ) 
4 1163 1168 (-1824 96 64 ) (-1824 0 64 ) (-1824 0 384 ) (-1824 96 384 ) 
4 1163 1164 (-1792 128 384 ) (-1792 128 64 ) (-1824 96 64 ) (-1824 96 384 ) 
4 1164 1169 (-1824 120 64 ) (-1824 96 64 ) (-1824 96 384 ) (-1824 120 384 ) 
4 1165 1170 (-1952 480 288 ) (-1952 480 144 ) (-1952 384 144 ) (-1952 384 288 ) 
4 1165 1167 (-1952 384 144 ) (-1824 384 144 ) (-1824 384 320 ) (-1952 384 320 ) 
4 1166 1167 (-1824 255.994690 144 ) (-1952 383.998047 144 ) (-1952 383.998047 320 ) (-1824 255.995789 320 ) 
4 1168 1582 (-1920 0 320 ) (-1920 0 64 ) (-1824 0 64 ) (-1824 0 320 ) 
4 1168 1570 (-1824 0 384 ) (-1920 0 384 ) (-1920 0 320 ) (-1824 0 320 ) 
4 1168 1169 (-1824 96 384 ) (-1824 96 64 ) (-1920 0 64 ) (-1920 0 384 ) 
4 1169 1583 (-1952 0 320 ) (-1952 0 64 ) (-1920 0 64 ) (-1920 0 320 ) 
4 1169 1173 (-1952 88 64 ) (-1952 0 64 ) (-1952 0 384 ) (-1952 88 384 ) 
4 1170 1171 (-1984 480 144 ) (-1984 384 144 ) (-1984 384 288 ) (-1984 480 288 ) 
4 1171 1218 (-2048 480 192 ) (-2048 480 153.592224 ) (-2048 384 153.592224 ) (-2048 384 192 ) 
4 1171 1217 (-2048 480 368 ) (-2048 480 192 ) (-2048 384 192 ) (-2048 384 368 ) 
4 1171 1172 (-1984 384 368 ) (-2048 384 368 ) (-2048 384 192 ) (-1984 384 192 ) 
4 1172 1228 (-2048 288 192 ) (-2048 98 192 ) (-2048 97.997635 368 ) (-2048 288 368 ) 
4 1172 1222 (-2048 384 368 ) (-2048 384 192 ) (-2048 288 192 ) (-2048 288 368 ) 
4 1173 1583 (-2048 0 320 ) (-2048 0 64 ) (-1952 0 64 ) (-1952 0 320 ) 
4 1173 1230 (-2048 0 64 ) (-2048 0 192 ) (-2048 64 192 ) (-2048 64 64 ) 
4 1173 1229 (-2048 0 192 ) (-2048 0 384 ) (-2048 64 384 ) (-2048 64 192 ) 
4 1174 1183 (-2048 736 768 ) (-2048 736 2048 ) (-2624 736 2048 ) (-2624 736 768 ) 
4 1174 1175 (-2048 736 768 ) (-2624 736 768 ) (-2624 1024 768 ) (-2048 1024 768 ) 
4 1175 1184 (-2048 736 576 ) (-2048 736 768 ) (-2624 736 768 ) (-2624 736 576 ) 
4 1175 1180 (-2208 736 576 ) (-2240 736 576 ) (-2240 1024 576 ) (-2208 1024 576 ) 
4 1175 1178 (-2176 736 576 ) (-2208 736 576 ) (-2208 928 576 ) (-2176 928 576 ) 
4 1175 1177 (-2208 928 576 ) (-2208 1024 576 ) (-2176 1024 576 ) (-2176 928 576 ) 
4 1175 1176 (-2048 736 576 ) (-2176 736 576 ) (-2176 1024 576 ) (-2048 1024 576 ) 
4 1176 1185 (-2128 736 512 ) (-2176 736 512 ) (-2176 736 416 ) (-2128 736 416 ) 
4 1176 1178 (-2176 736 400 ) (-2176 736 576 ) (-2176 928 576 ) (-2176 928 400 ) 
4 1176 1179 (-2176 928 160 ) (-2176 736 160 ) (-2176 736 264 ) (-2176 928 264 ) 
4 1176 1177 (-2176 928 400 ) (-2176 928 576 ) (-2176 1024 576 ) (-2176 1024 400 ) 
4 1177 1180 (-2208 928 410 ) (-2208 928 576 ) (-2208 1024 576 ) (-2208 1024 410 ) 
4 1177 1178 (-2208 928 576 ) (-2208 928 410 ) (-2176 928 400 ) (-2176 928 576 ) 
4 1178 1185 (-2208 736 512 ) (-2208 736 416 ) (-2176 736 416 ) (-2176 736 512 ) 
4 1178 1180 (-2208 736 410 ) (-2208 736 576 ) (-2208 928 576 ) (-2208 928 410 ) 
4 1179 1181 (-2208 928 160 ) (-2208 736 160 ) (-2208 736 264 ) (-2208 928 264 ) 
4 1180 1185 (-2224 736 416 ) (-2208 736 416 ) (-2208 736 512 ) (-2224 736 512 ) 
4 1181 1182 (-2240 1024 160 ) (-2240 736 160 ) (-2240 736 336 ) (-2240 1024 336 ) 
4 1183 1189 (-2624 512 768 ) (-2048 512 768 ) (-2048 512 2048 ) (-2624 512 2048 ) 
4 1183 1184 (-2048 512 768 ) (-2624 512 768 ) (-2624 736 768 ) (-2048 736 768 ) 
4 1184 1190 (-2048 512 640 ) (-2048 512 768 ) (-2624 512 768 ) (-2624 512 640 ) 
4 1185 1186 (-2224 720 512 ) (-2224 720 416 ) (-2128 720 416 ) (-2128 720 512 ) 
4 1186 1187 (-2224 704 512 ) (-2224 704 416 ) (-2128 704 416 ) (-2128 704 512 ) 
4 1187 1195 (-2144.002197 512 416 ) (-2128 512 416 ) (-2128 512 512 ) (-2144.002197 512 512 ) 
4 1187 1188 (-2224 592 512 ) (-2224 592 416 ) (-2144 512 416 ) (-2144 512 512 ) 
4 1188 1196 (-2224 512 416 ) (-2144.002197 512 416 ) (-2144.002197 512 512 ) (-2224 512 512 ) 
4 1189 1191 (-2048 480 768 ) (-2048 480 2048 ) (-2624 480 2048 ) (-2624 480 768 ) 
4 1189 1190 (-2048 480 768 ) (-2624 480 768 ) (-2624 512 768 ) (-2048 512 768 ) 
4 1190 1192 (-2048 480 640 ) (-2048 480 768 ) (-2624 480 768 ) (-2624 480 640 ) 
4 1191 1202 (-2336 384 2048 ) (-2624 384 2048 ) (-2624 384 768 ) (-2336 384 768 ) 
4 1191 1199 (-2048 384 768 ) (-2048 384 2048 ) (-2336 384 2048 ) (-2336 384 768 ) 
4 1191 1192 (-2048 384 768 ) (-2624 384 768 ) (-2624 480 768 ) (-2048 480 768 ) 
4 1192 1203 (-2336 384 768 ) (-2624 384 768 ) (-2624 384 640 ) (-2336 384 640 ) 
4 1192 1200 (-2048 384 640 ) (-2048 384 768 ) (-2336 384 768 ) (-2336 384 640 ) 
4 1193 1205 (-2656 384 512 ) (-2624 384 512 ) (-2624 384 560 ) (-2656 384 560 ) 
4 1193 1204 (-2624 384 512 ) (-2352 384 512 ) (-2352 384 560 ) (-2624 384 560 ) 
4 1193 1197 (-2352 384 512 ) (-2656 384 512 ) (-2656 480 512 ) (-2352 480 512 ) 
4 1194 1196 (-2128 496.001953 416 ) (-2048 416.001953 416 ) (-2048 416.001953 512 ) (-2128 496.001953 512 ) 
4 1195 1196 (-2143.998047 512 416 ) (-2128 496.001953 416 ) (-2128 496.001953 512 ) (-2143.998047 512 512 ) 
4 1197 1206 (-2656 384 416 ) (-2352 384 416 ) (-2352 384 512 ) (-2656 384 512 ) 
4 1197 1198 (-2352 384 416 ) (-2656 384 416 ) (-2656 480 416 ) (-2352 480 416 ) 
4 1198 1220 (-2656 480 384 ) (-2352 480 384 ) (-2352 384 384 ) (-2656 384 384 ) 
4 1198 1206 (-2656 384 384 ) (-2352 384 384 ) (-2352 384 416 ) (-2656 384 416 ) 
4 1199 1209 (-2048 256 768 ) (-2048 256 2048 ) (-2336 256 2048 ) (-2336 256 768 ) 
4 1199 1207 (-2336 256 768 ) (-2336 256 2048 ) (-2336 288 2048 ) (-2336 288 768 ) 
4 1199 1202 (-2336 288 2048 ) (-2336 384 2048 ) (-2336 384 768 ) (-2336 288 768 ) 
4 1199 1200 (-2048 256 768 ) (-2336 256 768 ) (-2336 384 768 ) (-2048 384 768 ) 
4 1200 1210 (-2048 256 640 ) (-2048 256 768 ) (-2336 256 768 ) (-2336 256 640 ) 
4 1200 1208 (-2336 256 640 ) (-2336 256 768 ) (-2336 288 768 ) (-2336 288 640 ) 
4 1200 1203 (-2336 288 768 ) (-2336 384 768 ) (-2336 384 640 ) (-2336 288 640 ) 
4 1201 1211 (-2336 256 384 ) (-2048 256 384 ) (-2048 256 560 ) (-2336 256 560 ) 
4 1201 1206 (-2336 384 512 ) (-2336 384 384 ) (-2336 288 384 ) (-2336 288 512 ) 
4 1202 1207 (-2336 288 768 ) (-2336 288 2048 ) (-2624 288 2048 ) (-2624 288 768 ) 
4 1202 1203 (-2336 288 768 ) (-2624 288 768 ) (-2624 384 768 ) (-2336 384 768 ) 
4 1203 1208 (-2336 288 640 ) (-2336 288 768 ) (-2624 288 768 ) (-2624 288 640 ) 
4 1204 1205 (-2624 384 512 ) (-2624 288 512 ) (-2624 288 560 ) (-2624 384 560 ) 
4 1204 1206 (-2352 288 512 ) (-2624 288 512 ) (-2624 384 512 ) (-2352 384 512 ) 
4 1205 1206 (-2624 288 512 ) (-2656 288 512 ) (-2656 384 512 ) (-2624 384 512 ) 
4 1206 1223 (-2656 384 384 ) (-2383.998535 384 384 ) (-2383.998535 288 384 ) (-2656 288 384 ) 
4 1207 1212 (-2592 256 2048 ) (-2624 256 2048 ) (-2624 256 768 ) (-2592 256 768 ) 
4 1207 1209 (-2336 256 768 ) (-2336 256 2048 ) (-2592 256 2048 ) (-2592 256 768 ) 
4 1207 1208 (-2624 256 768 ) (-2624 288 768 ) (-2336 288 768 ) (-2336 256 768 ) 
4 1208 1213 (-2592 256 768 ) (-2624 256 768 ) (-2624 256 640 ) (-2592 256 640 ) 
4 1208 1210 (-2336 256 640 ) (-2336 256 768 ) (-2592 256 768 ) (-2592 256 640 ) 
4 1209 1212 (-2592 128 768 ) (-2592 128 2048 ) (-2592 256 2048 ) (-2592 256 768 ) 
4 1209 1210 (-2048 128 768 ) (-2592 128 768 ) (-2592 256 768 ) (-2048 256 768 ) 
4 1210 1213 (-2592 128 640 ) (-2592 128 768 ) (-2592 256 768 ) (-2592 256 640 ) 
4 1212 1213 (-2624 128 768 ) (-2624 256 768 ) (-2592 256 768 ) (-2592 128 768 ) 
4 1214 1232 (-2784 256 384 ) (-2592 256 384 ) (-2592 128 384 ) (-2784 128 384 ) 
4 1214 1216 (-2784 128 384 ) (-2592 128 384 ) (-2592 128 448 ) (-2784 128 448 ) 
4 1215 1606 (-2048 0 384 ) (-2048 0 464 ) (-2304 0 464 ) (-2304 0 384 ) 
4 1215 1229 (-2048 0 384 ) (-2168 0 384 ) (-2176 32 384 ) (-2048 64 384 ) 
3 1215 1224 (-2168 0 384 ) (-2304 0 384 ) (-2176 32 384 ) 
4 1216 1612 (-2784 0 448 ) (-2784 0 384 ) (-2592 0 384 ) (-2592 0 448 ) 
4 1216 1232 (-2592 0 384 ) (-2784 0 384 ) (-2784 128 384 ) (-2592 128 384 ) 
4 1217 1222 (-2048 384 192 ) (-2048 384 368 ) (-2336 384 368 ) (-2336 384 192 ) 
4 1217 1221 (-2336 480 288 ) (-2336 480 192 ) (-2336 384 192 ) (-2336 384 288 ) 
4 1217 1219 (-2336 480 320 ) (-2336 480 288 ) (-2336 384 288 ) (-2336 384 320 ) 
4 1217 1218 (-2048 384 192 ) (-2112.011719 384 192 ) (-2112.011719 480 192 ) (-2048 480 192 ) 
4 1219 1221 (-2352 480 288 ) (-2336 480 288 ) (-2336 384 288 ) (-2352 384 288 ) 
4 1219 1220 (-2352 480 320 ) (-2352 480 288 ) (-2352 384 288 ) (-2352 384 320 ) 
4 1220 1223 (-2383.998291 384 384 ) (-2656 384 384 ) (-2656 384 288 ) (-2527.998535 384 288 ) 
4 1220 1221 (-2527.998535 480 288 ) (-2352 480 288 ) (-2352 384 288 ) (-2527.998535 384 288 ) 
4 1222 1228 (-2048 288 192 ) (-2048 288 368 ) (-2240 288 368 ) (-2240 288 192 ) 
4 1222 1226 (-2336 288 320 ) (-2336 288 192 ) (-2240 288 192 ) (-2240 288 320 ) 
4 1222 1225 (-2240 288 368 ) (-2336 288 368 ) (-2336 288 320 ) (-2240 288 320 ) 
4 1224 1606 (-2168 0 384 ) (-2303.998779 0 384 ) (-2303.974609 0 192 ) (-2168 0 192 ) 
3 1224 1230 (-2176 31.995239 192 ) (-2168 0 192 ) (-2303.974609 0 192 ) 
4 1224 1229 (-2168 0 192 ) (-2175.998779 31.995275 192 ) (-2176 32 384 ) (-2168 0 384 ) 
4 1224 1227 (-2176.002441 31.998676 320 ) (-2176.001465 31.994909 192 ) (-2272 7.994434 192 ) (-2272 7.998129 320 ) 
4 1225 1231 (-2336 256 320 ) (-2336 25.997986 320 ) (-2336 25.997601 368 ) (-2336 256 368 ) 
4 1225 1228 (-2240 288 320 ) (-2240 288 368 ) (-2184 63.997681 368 ) (-2184 63.998062 320 ) 
4 1225 1226 (-2336 25.997978 320 ) (-2336 288 320 ) (-2240 288 320 ) (-2184 63.997910 320 ) 
4 1226 1231 (-2336 256 192 ) (-2336 25.998993 192 ) (-2336 25.997978 320 ) (-2336 256 320 ) 
4 1226 1228 (-2184 64 192 ) (-2240 288 192 ) (-2240 288 320 ) (-2184 63.998047 320 ) 
4 1226 1227 (-2280 40 192 ) (-2184 63.998985 192 ) (-2184 63.998047 320 ) (-2280 39.998146 320 ) 
4 1229 1606 (-2048 0 192 ) (-2048 0 384 ) (-2168 0 384 ) (-2168 0 192 ) 
4 1229 1230 (-2048 64 192 ) (-2048 0 192 ) (-2168 0 192 ) (-2176 32 192 ) 
4 1230 1606 (-2048 0 64 ) (-2048 0 192 ) (-2304 0 192 ) (-2304 0 64 ) 
4 1231 1603 (-2592 0 368 ) (-2592 0 192 ) (-2439.996094 0 192 ) (-2439.990479 0 368 ) 
4 1231 1232 (-2592 256 368 ) (-2592 256 192 ) (-2592 0 192 ) (-2592 0 368 ) 
4 1232 1616 (-2688 0 192 ) (-2592 0 192 ) (-2592 0 256 ) (-2688 0 256 ) 
4 1232 1617 (-2784 0 256 ) (-2784 0 192 ) (-2688 0 192 ) (-2688 0 256 ) 
4 1232 1612 (-2592 0 384 ) (-2784 0 384 ) (-2784 0 256 ) (-2592 0 256 ) 
4 1234 1246 (1024 -416 1024 ) (1024 -576 1024 ) (832 -576 1024 ) (832 -416 1024 ) 
4 1234 1238 (832 -576 1024 ) (1024 -576 1024 ) (1024 -576 2048 ) (832 -576 2048 ) 
4 1234 1235 (832 -416 1024 ) (832 -576 1024 ) (832 -576 2048 ) (832 -416 2048 ) 
3 1235 1264 (640 -576 1024 ) (511.998016 -576 1024 ) (640 -511.998993 1024 ) 
4 1235 1252 (768 -576 1024 ) (640 -576 1024 ) (640 -511.998993 1024 ) (768 -447.998993 1024 ) 
4 1235 1246 (832 -415.998993 1024 ) (832 -576 1024 ) (768 -576 1024 ) (768 -447.998993 1024 ) 
4 1235 1238 (511.998016 -576 1024 ) (832 -576 1024 ) (832 -576 2048 ) (511.998016 -576 2048 ) 
5 1236 1261 (320 0 1024 ) (640 0 1024 ) (640 -448 1024 ) (384 -576 1024 ) (320 -576 1024 ) 
4 1236 1253 (768 -256 1024 ) (768 -384 1024 ) (640 -448 1024 ) (640 -256 1024 ) 
4 1236 1251 (768 -32 1024 ) (768 -256 1024 ) (640 -256 1024 ) (640 -32 1024 ) 
4 1236 1250 (640 0 1024 ) (768 0 1024 ) (768 -32 1024 ) (640 -32 1024 ) 
4 1236 1241 (768 0 1024 ) (832 0 1024 ) (832 -352 1024 ) (768 -384 1024 ) 
4 1237 1313 (0 -64 1024 ) (0 -576 1024 ) (0 -576 2048 ) (0 -64 2048 ) 
4 1237 1311 (0 0 2048 ) (0 0 1024 ) (0 -64 1024 ) (0 -64 2048 ) 
3 1237 1291 (0 -576 1024 ) (0 -512 1024 ) (64 -576 1024 ) 
5 1237 1289 (0 -512 1024 ) (0 0 1024 ) (128 0 1024 ) (128 -576 1024 ) (64 -576 1024 ) 
4 1237 1263 (128 0 1024 ) (256 0 1024 ) (256 -576 1024 ) (128 -576 1024 ) 
4 1238 1368 (1024 -1024 1024 ) (1024 -1024 2048 ) (384 -1024 2048 ) (384 -1024 1024 ) 
4 1238 1277 (512 -576 1024 ) (640 -576 1024 ) (640 -1024 1024 ) (512 -1024 1024 ) 
4 1238 1252 (640 -576 1024 ) (768 -576 1024 ) (768 -1024 1024 ) (640 -1024 1024 ) 
4 1238 1246 (768 -576 1024 ) (1024 -576 1024 ) (1024 -1024 1024 ) (768 -1024 1024 ) 
4 1239 1370 (128 -1024 2048 ) (0 -1024 2048 ) (0 -1024 1024 ) (128 -1024 1024 ) 
4 1239 1316 (0 -960 1024 ) (0 -1024 1024 ) (0 -1024 2048 ) (0 -960 2048 ) 
4 1240 1244 (832 -256 640 ) (832 -32 640 ) (1024 -32 640 ) (1024 -256 640 ) 
4 1240 1242 (832 -32 640 ) (832 0 640 ) (1024 0 640 ) (1024 -32 640 ) 
4 1240 1241 (832 0 640 ) (832 -384 640 ) (832 -384 992 ) (832 0 992 ) 
4 1241 1255 (768 -256 768 ) (768 -256 640 ) (768 -384 640 ) (768 -384 768 ) 
4 1241 1253 (768 -384 1024 ) (768 -256 1024 ) (768 -256 768 ) (768 -384 768 ) 
4 1241 1251 (768 -256 1024 ) (768 -32 1024 ) (768 -32 640 ) (768 -256 640 ) 
4 1241 1250 (768 -32 1024 ) (768 0 1024 ) (768 0 640 ) (768 -32 640 ) 
4 1241 1244 (768 -256 640 ) (768 -32 640 ) (832 -32 640 ) (832 -256 640 ) 
4 1241 1242 (768 -32 640 ) (768 0 640 ) (832 0 640 ) (832 -32 640 ) 
4 1242 1250 (768 -32 640 ) (768 0 640 ) (768 0 624 ) (768 -32 624 ) 
4 1242 1244 (1024 -32 624 ) (1024 -32 640 ) (768 -32 640 ) (768 -32 624 ) 
4 1243 1245 (768 -32 576 ) (768 0 576 ) (1024 0 576 ) (1024 -32 576 ) 
4 1244 1251 (768 -256 640 ) (768 -32 640 ) (768 -32 624 ) (768 -256 624 ) 
4 1246 1371 (1024 -1024 768 ) (1024 -1024 1024 ) (768 -1024 1024 ) (768 -1024 768 ) 
4 1246 1252 (768 -1024 768 ) (768 -1024 1024 ) (768 -447.998962 1024 ) (768 -447.998932 768 ) 
5 1246 1247 (768 -1024 768 ) (768 -447.998962 768 ) (831.997864 -416 768 ) (1024 -416 768 ) (1024 -1024 768 ) 
4 1247 1373 (1024 -1024 640 ) (1024 -1024 768 ) (768 -1024 768 ) (768 -1024 640 ) 
4 1247 1254 (768 -1024 640 ) (768 -1024 768 ) (768 -447.998962 768 ) (768 -447.998932 640 ) 
4 1247 1248 (1024 -1024 640 ) (768 -1024 640 ) (768 -448 640 ) (1024 -448 640 ) 
4 1248 1387 (1024 -1024 96 ) (1024 -1024 416 ) (768 -1024 416 ) (768 -1024 96 ) 
4 1248 1373 (1024 -1024 416 ) (1024 -1024 640 ) (768 -1024 640 ) (768 -1024 416 ) 
4 1248 1259 (768 -1024 96 ) (768 -1024 192 ) (768 -448 192 ) (768 -448 96 ) 
4 1248 1258 (768 -1024 192 ) (768 -1024 576 ) (768 -448 576 ) (768 -448 192 ) 
4 1248 1256 (768 -1024 576 ) (768 -1024 640 ) (768 -448 640 ) (768 -448 576 ) 
4 1248 1249 (768 -1024 96 ) (768 -448 96 ) (1024 -448 96 ) (1024 -1024 96 ) 
4 1249 1392 (1024 -1024 -16 ) (1024 -1024 96 ) (768 -1024 96 ) (768 -1024 -16 ) 
4 1249 1295 (768 -512 -16 ) (768 -448 -16 ) (1024 -448 -16 ) (1024 -512 -16 ) 
4 1249 1296 (1024 -1024 -16 ) (768 -1024 -16 ) (768 -512 -16 ) (1024 -512 -16 ) 
4 1249 1260 (768 -448 -16 ) (768 -1024 -16 ) (768 -1024 96 ) (768 -448 96 ) 
4 1250 1265 (640 -32 624 ) (640 -32 768 ) (640 0 768 ) (640 0 624 ) 
4 1250 1261 (640 -32 768 ) (640 -32 1024 ) (640 0 1024 ) (640 0 768 ) 
4 1250 1251 (640 -32 1024 ) (640 -32 624 ) (768 -32 624 ) (768 -32 1024 ) 
4 1251 1265 (640 -32 768 ) (640 -32 624 ) (640 -256 624 ) (640 -256 768 ) 
4 1251 1261 (640 -256 1024 ) (640 -32 1024 ) (640 -32 768 ) (640 -256 768 ) 
4 1251 1255 (640 -256 768 ) (640 -256 640 ) (768 -256 640 ) (768 -256 768 ) 
4 1251 1253 (640 -256 1024 ) (640 -256 768 ) (768 -256 768 ) (768 -256 1024 ) 
4 1252 1371 (768 -1024 1024 ) (640 -1024 1024 ) (640 -1024 768 ) (768 -1024 768 ) 
4 1252 1277 (640 -1024 768 ) (640 -1024 1024 ) (640 -576 1024 ) (640 -576 768 ) 
4 1252 1264 (640 -576 1024 ) (640 -511.998962 1024 ) (640 -511.998993 768 ) (640 -576 768 ) 
4 1252 1254 (640 -1024 768 ) (640 -511.998962 768 ) (768 -447.998962 768 ) (768 -1024 768 ) 
4 1253 1261 (640 -448 1024 ) (640 -256 1024 ) (640 -256 768 ) (640 -448 768 ) 
4 1253 1255 (640 -448 768 ) (640 -256 768 ) (768 -256 768 ) (768 -384 768 ) 
4 1254 1373 (640 -1024 768 ) (640 -1024 640 ) (768 -1024 640 ) (768 -1024 768 ) 
4 1254 1278 (640 -1024 640 ) (640 -1024 768 ) (640 -576 768 ) (640 -576 640 ) 
4 1254 1268 (640 -576 768 ) (640 -511.998962 768 ) (640 -511.998993 640 ) (640 -576 640 ) 
4 1254 1256 (640 -1024 640 ) (640 -511.998962 640 ) (768 -447.998962 640 ) (768 -1024 640 ) 
4 1255 1265 (640 -448 768 ) (640 -256 768 ) (640 -256 640 ) (640 -448 640 ) 
4 1256 1373 (640 -1024 640 ) (640 -1024 576 ) (768 -1024 576 ) (768 -1024 640 ) 
4 1256 1278 (640 -1024 576 ) (640 -1024 640 ) (640 -576 640 ) (640 -576 576 ) 
4 1256 1275 (640 -512 608 ) (640 -511.998993 576 ) (640 -576 576 ) (640 -576 608 ) 
4 1256 1274 (640 -512 624 ) (640 -512 608 ) (640 -576 608 ) (640 -576 624 ) 
4 1256 1268 (640 -576 640 ) (640 -512 640 ) (640 -512 624 ) (640 -576 624 ) 
4 1256 1258 (640 -1024 576 ) (640 -512 576 ) (768 -447.998962 576 ) (768 -1024 576 ) 
4 1257 1269 (640 -32 256 ) (640 -32 192 ) (640 -448 192 ) (640 -448 256 ) 
4 1258 1387 (640 -1024 416 ) (640 -1024 192 ) (768 -1024 192 ) (768 -1024 416 ) 
4 1258 1373 (640 -1024 576 ) (640 -1024 416 ) (768 -1024 416 ) (768 -1024 576 ) 
4 1258 1278 (640 -1024 192 ) (640 -1024 576 ) (640 -576 576 ) (640 -576 192 ) 
4 1258 1275 (640 -576 576 ) (640 -511.998962 576 ) (640 -511.998993 192 ) (640 -576 192 ) 
4 1258 1259 (640 -1024 192 ) (640 -511.998962 192 ) (768 -447.998962 192 ) (768 -1024 192 ) 
4 1259 1387 (640 -1024 192 ) (640 -1024 96 ) (768 -1024 96 ) (768 -1024 192 ) 
4 1259 1278 (640 -1024 96 ) (640 -1024 192 ) (640 -576 192 ) (640 -576 96 ) 
4 1259 1275 (640 -576 192 ) (640 -511.998962 192 ) (640 -511.998962 96 ) (640 -576 96 ) 
4 1259 1260 (640 -1024 96 ) (640 -511.998962 96 ) (768 -447.998932 96 ) (768 -1024 96 ) 
4 1260 1392 (640 -1024 96 ) (640 -1024 -16 ) (768 -1024 -16 ) (768 -1024 96 ) 
4 1260 1298 (768 -1024 -16 ) (640 -1024 -16 ) (640 -512 -16 ) (768 -512 -16 ) 
4 1260 1297 (640 -512 -16 ) (640 -511.998962 -16 ) (768 -447.998962 -16 ) (768 -512 -16 ) 
4 1260 1279 (640 -576 -16 ) (640 -1024 -16 ) (640 -1024 96 ) (640 -576 96 ) 
4 1260 1276 (640 -511.998993 -16 ) (640 -576 -16 ) (640 -576 96 ) (640 -512 96 ) 
5 1261 1265 (384 -576 768 ) (272 -576 768 ) (272 0 768 ) (640 0 768 ) (640 -448 768 ) 
4 1261 1262 (272 0 768 ) (272 -576 768 ) (272 -576 1024 ) (272 0 1024 ) 
4 1262 1266 (272 -576 768 ) (256 -576 768 ) (256 0 768 ) (272 0 768 ) 
4 1262 1263 (256 0 768 ) (256 -576 768 ) (256 -576 1024 ) (256 0 1024 ) 
4 1263 1289 (128 -576 768 ) (128 -576 1024 ) (128 0 1024 ) (128 0 768 ) 
4 1263 1267 (256 -576 768 ) (128 -576 768 ) (128 0 768 ) (256 0 768 ) 
4 1264 1277 (511.997986 -576 768 ) (640 -576 768 ) (640 -576 1024 ) (511.997986 -576 1024 ) 
3 1264 1268 (640 -576 768 ) (511.997986 -576 768 ) (640 -511.998962 768 ) 
4 1265 1266 (272 0 624 ) (272 -576 624 ) (272 -576 768 ) (272 0 768 ) 
4 1266 1267 (256 0 624 ) (256 -576 624 ) (256 -576 768 ) (256 0 768 ) 
4 1267 1289 (128 -576 624 ) (128 -576 768 ) (128 0 768 ) (128 0 624 ) 
4 1267 1270 (256 -576 624 ) (128 -576 624 ) (128 0 624 ) (256 0 624 ) 
4 1268 1278 (511.997986 -576 624 ) (640 -576 624 ) (640 -576 768 ) (511.997986 -576 768 ) 
3 1268 1274 (640 -576 624 ) (511.997986 -576 624 ) (640 -511.998962 624 ) 
4 1269 1271 (448 -544.001953 192 ) (448 -544.001953 256 ) (448 0 256 ) (448 0 192 ) 
4 1270 1289 (128 -576 608 ) (128 -576 624 ) (128 0 624 ) (128 0 608 ) 
4 1270 1271 (256 -576 608 ) (128 -576 608 ) (128 0 608 ) (256 0 608 ) 
4 1271 1289 (128 -576 192 ) (128 -576 608 ) (128 0 608 ) (128 0 192 ) 
4 1271 1272 (384 -576 192 ) (128 -576 192 ) (128 0 192 ) (384 0 192 ) 
4 1272 1289 (128 -576 96 ) (128 -576 192 ) (128 0 192 ) (128 0 96 ) 
4 1272 1273 (384 -576 96 ) (128 -576 96 ) (128 0 96 ) (384 0 96 ) 
4 1273 1303 (128 -576 -16 ) (128 0 -16 ) (256 0 -16 ) (256 -576 -16 ) 
4 1273 1302 (256 0 -16 ) (384 0 -16 ) (384 -576 -16 ) (256 -576 -16 ) 
4 1273 1289 (128 0 -16 ) (128 -576 -16 ) (128 -576 96 ) (128 0 96 ) 
4 1274 1278 (640 -576 608 ) (640 -576 624 ) (511.997986 -576 624 ) (511.997986 -576 608 ) 
3 1274 1275 (640 -576 608 ) (511.998047 -576 608 ) (640 -511.998962 608 ) 
4 1275 1278 (640 -576 96 ) (640 -576 608 ) (511.997986 -576 608 ) (511.997986 -576 96 ) 
3 1275 1276 (640 -576 96 ) (511.998047 -576 96 ) (640 -511.998962 96 ) 
3 1276 1298 (640 -511.998962 -16 ) (640 -576 -16 ) (511.997986 -576 -16 ) 
4 1276 1279 (511.997986 -576 -16 ) (640 -576 -16 ) (640 -576 96 ) (511.997986 -576 96 ) 
4 1277 1283 (512 -640 768 ) (512 -1024 768 ) (512 -1024 832 ) (512 -640 832 ) 
4 1277 1280 (512 -576 832 ) (512 -576 768 ) (512 -640 768 ) (512 -640 832 ) 
4 1277 1278 (512 -1024 768 ) (512 -576 768 ) (640 -576 768 ) (640 -1024 768 ) 
4 1278 1285 (512 -640 96 ) (512 -1024 96 ) (512 -1024 768 ) (512 -640 768 ) 
4 1278 1281 (512 -576 768 ) (512 -576 96 ) (512 -640 96 ) (512 -640 768 ) 
4 1278 1279 (512 -1024 96 ) (512 -576 96 ) (640 -576 96 ) (640 -1024 96 ) 
4 1279 1298 (640 -1024 -16 ) (512 -1024 -16 ) (512 -576 -16 ) (640 -576 -16 ) 
4 1279 1287 (512 -640 -16 ) (512 -1024 -16 ) (512 -1024 96 ) (512 -640 96 ) 
4 1279 1282 (512 -576 96 ) (512 -576 -16 ) (512 -640 -16 ) (512 -640 96 ) 
4 1280 1283 (512 -640 768 ) (512 -640 832 ) (383.998108 -640 832 ) (383.998108 -640 768 ) 
3 1280 1281 (512 -640 768 ) (383.998108 -640 768 ) (512 -576 768 ) 
4 1281 1285 (512 -640 96 ) (512 -640 768 ) (383.998108 -640 768 ) (383.998108 -640 96 ) 
3 1281 1282 (512 -640 96 ) (383.998108 -640 96 ) (512 -576 96 ) 
3 1282 1299 (512 -576 -16 ) (512 -640 -16 ) (383.998108 -640 -16 ) 
4 1282 1287 (512 -640 -16 ) (512 -640 96 ) (383.998108 -640 96 ) (383.998108 -640 -16 ) 
3 1283 1285 (128 -640 768 ) (512 -640 768 ) (512 -1024 768 ) 
4 1283 1284 (128 -640.003906 768 ) (512 -1024.003906 768 ) (512 -1024.003906 832 ) (128 -640.003906 832 ) 
4 1284 1375 (128 -1024 832 ) (128 -1024 768 ) (512 -1024 768 ) (512 -1024 832 ) 
4 1284 1294 (128 -1024 768 ) (128 -1024 832 ) (128 -896 832 ) (128 -896 768 ) 
4 1284 1293 (128 -896 832 ) (128 -640 832 ) (128 -640 768 ) (128 -896 768 ) 
3 1284 1286 (128 -1024 768 ) (128 -640 768 ) (512 -1024 768 ) 
3 1285 1287 (128 -640 96 ) (512 -640 96 ) (512 -1024 96 ) 
4 1285 1286 (128 -640.003906 96 ) (512 -1024.003906 96 ) (512 -1024 768 ) (128 -640 768 ) 
4 1286 1391 (128 -1024 416 ) (128 -1024 96 ) (160 -1024 96 ) (160 -1024 416 ) 
4 1286 1390 (160 -1024 96 ) (320 -1024 96 ) (320 -1024 416 ) (160 -1024 416 ) 
4 1286 1377 (128 -1024 768 ) (128 -1024 448 ) (512 -1024 448 ) (512 -1024 768 ) 
4 1286 1294 (128 -1024 96 ) (128 -1024 768 ) (128 -896 768 ) (128 -896 96 ) 
4 1286 1293 (128 -896 768 ) (128 -640 768 ) (128 -640 96 ) (128 -896 96 ) 
3 1286 1288 (128 -1024 96 ) (128 -640 96 ) (512 -1024 96 ) 
3 1287 1304 (384 -896 -16 ) (128 -640 -16 ) (384 -640 -16 ) 
4 1287 1300 (512 -1024 -16 ) (384 -896 -16 ) (384 -640 -16 ) (512 -640 -16 ) 
4 1287 1288 (512 -1024 -16 ) (512 -1024 96 ) (128 -640 96 ) (128 -640 -16 ) 
4 1288 1396 (128 -1024 96 ) (128 -1024 -16 ) (160 -1024 -16 ) (160 -1024 96 ) 
4 1288 1395 (160 -1024 -16 ) (320 -1024 -16 ) (320 -1024 96 ) (160 -1024 96 ) 
4 1288 1305 (384 -1024 -16 ) (128 -1024 -16 ) (128 -640 -16 ) (384 -896 -16 ) 
3 1288 1301 (512 -1024 -16 ) (384 -1024 -16 ) (384 -896 -16 ) 
4 1288 1294 (128 -896 -16 ) (128 -1024 -16 ) (128 -1024 96 ) (128 -896 96 ) 
4 1288 1293 (128 -640 -16 ) (128 -896 -16 ) (128 -896 96 ) (128 -640 96 ) 
4 1289 1351 (0 -288 -16 ) (0 -512 -16 ) (0 -512 656 ) (0 -288 656 ) 
4 1289 1347 (0 -512 656 ) (0 -512 672 ) (0 -288 672 ) (0 -288 656 ) 
4 1289 1344 (0 -256 -16 ) (0 -288 -16 ) (0 -288 672 ) (0 -256 672 ) 
4 1289 1343 (0 -128 -16 ) (0 -256 -16 ) (0 -256 0 ) (0 -128 0 ) 
4 1289 1342 (0 -256 0 ) (0 -256 320 ) (0 -128 320 ) (0 -128 0 ) 
4 1289 1341 (0 0 0 ) (0 0 -16 ) (0 -128 -16 ) (0 -128 0 ) 
4 1289 1336 (0 0 320 ) (0 0 0 ) (0 -128 0 ) (0 -128 320 ) 
4 1289 1334 (0 0 672 ) (0 0 320 ) (0 -256 320 ) (0 -256 672 ) 
4 1289 1318 (0 0 1024 ) (0 0 672 ) (0 -512 672 ) (0 -512 1024 ) 
5 1289 1306 (0 -512 -16 ) (0 0 -16 ) (128 0 -16 ) (128 -576 -16 ) (64 -576 -16 ) 
4 1289 1291 (0 -512 -16 ) (64 -576 -16 ) (63.998047 -576 1024 ) (0 -512.001953 1024 ) 
4 1289 1290 (64 -576 1024 ) (64 -576 -16 ) (128 -576 -16 ) (128 -576 1024 ) 
3 1290 1307 (128 -576 -16 ) (128 -640 -16 ) (64 -576 -16 ) 
4 1290 1292 (64 -576 -16 ) (128 -640.001953 -16 ) (128 -640.001953 1024 ) (63.998047 -576 1024 ) 
4 1291 1352 (0 -512 -16 ) (0 -576 -16 ) (0 -576 656 ) (0 -512 656 ) 
4 1291 1348 (0 -576 656 ) (0 -576 672 ) (0 -512 672 ) (0 -512 656 ) 
4 1291 1319 (0 -576 672 ) (0 -576 1024 ) (0 -512 1024 ) (0 -512 672 ) 
3 1291 1308 (0 -576 -16 ) (0 -512 -16 ) (64 -576 -16 ) 
4 1291 1292 (0 -576 -16 ) (64 -576 -16 ) (64 -576 1024 ) (0 -576 1024 ) 
4 1292 1353 (0 -576 -16 ) (0 -640 -16 ) (0 -640 656 ) (0 -576 656 ) 
4 1292 1349 (0 -640 656 ) (0 -640 672 ) (0 -576 672 ) (0 -576 656 ) 
4 1292 1320 (0 -640 672 ) (0 -640 1024 ) (0 -576 1024 ) (0 -576 672 ) 
4 1292 1309 (0 -640 -16 ) (0 -576 -16 ) (64 -576 -16 ) (128 -640 -16 ) 
4 1292 1293 (0 -640 -16 ) (127.998047 -640 -16 ) (127.998016 -640 1024 ) (0 -640 1024 ) 
4 1293 1354 (0 -640 -16 ) (0 -896 -16 ) (0 -896 656 ) (0 -640 656 ) 
4 1293 1350 (0 -896 656 ) (0 -896 672 ) (0 -640 672 ) (0 -640 656 ) 
4 1293 1324 (0 -896 672 ) (0 -896 1024 ) (0 -640 1024 ) (0 -640 672 ) 
4 1293 1310 (0 -896 -16 ) (0 -640 -16 ) (128 -640 -16 ) (128 -896 -16 ) 
4 1293 1294 (0 -896 -16 ) (128 -896 -16 ) (128 -896 832 ) (0 -896 832 ) 
4 1294 1377 (0 -1024 768 ) (0 -1024 448 ) (128 -1024 448 ) (128 -1024 768 ) 
4 1294 1375 (0 -1024 832 ) (0 -1024 768 ) (128 -1024 768 ) (128 -1024 832 ) 
4 1294 1362 (0 -992 -16 ) (0 -1024 -16 ) (0 -1024 480 ) (0 -992 480 ) 
4 1294 1360 (0 -1024 480 ) (0 -1024 672 ) (0 -992 672 ) (0 -992 480 ) 
4 1294 1354 (0 -896 -16 ) (0 -992 -16 ) (0 -992 656 ) (0 -896 656 ) 
4 1294 1350 (0 -992 656 ) (0 -992 672 ) (0 -896 672 ) (0 -896 656 ) 
4 1294 1325 (0 -1024 672 ) (0 -1024 832 ) (0 -896 832 ) (0 -896 672 ) 
4 1294 1310 (128 -1024 -16 ) (0 -1024 -16 ) (0 -896 -16 ) (128 -896 -16 ) 
4 1295 1297 (768 -448 -128 ) (768 -512 -128 ) (768 -512 -16 ) (768 -448 -16 ) 
4 1295 1296 (768 -512 -16 ) (768 -512 -128 ) (1024 -512 -128 ) (1024 -512 -16 ) 
4 1296 1420 (1024 -1024 -128 ) (1024 -1024 -16 ) (768 -1024 -16 ) (768 -1024 -128 ) 
4 1296 1298 (768 -512 -128 ) (768 -1024 -128 ) (768 -1024 -16 ) (768 -512 -16 ) 
4 1297 1298 (639.997925 -512 -128 ) (768 -512 -128 ) (768 -512 -16 ) (639.997925 -512 -16 ) 
4 1298 1420 (768 -1024 -16 ) (640 -1024 -16 ) (640 -1024 -128 ) (768 -1024 -128 ) 
4 1298 1300 (512 -640 -128 ) (512 -1024 -128 ) (512 -1024 -16 ) (512 -640 -16 ) 
4 1298 1299 (512 -576 -128 ) (512 -640 -128 ) (512 -640 -16 ) (512 -576 -16 ) 
4 1299 1300 (384 -640 -16 ) (384 -640 -128 ) (512 -640 -128 ) (512 -640 -16 ) 
4 1300 1304 (384 -640 -128 ) (384 -896 -128 ) (384 -896 -16 ) (384 -640 -16 ) 
4 1300 1301 (384 -896.001953 -16 ) (384 -896.001953 -128 ) (512 -1024.001953 -128 ) (512 -1024.001953 -16 ) 
4 1301 1305 (384 -896 -128 ) (384 -1024 -128 ) (384 -1024 -16 ) (384 -896 -16 ) 
4 1302 1303 (256 0 -128 ) (256 -576 -128 ) (256 -576 -16 ) (256 0 -16 ) 
4 1303 1306 (128 0 -128 ) (128 -576 -128 ) (128 -576 -16 ) (128 0 -16 ) 
4 1304 1305 (128 -640.001953 -16 ) (128 -640.001953 -128 ) (384 -896.001953 -128 ) (384 -896.001953 -16 ) 
4 1305 1425 (160 -1024 -16 ) (128 -1024 -16 ) (128 -1024 -128 ) (160 -1024 -128 ) 
4 1305 1424 (320 -1024 -16 ) (160 -1024 -16 ) (160 -1024 -128 ) (320 -1024 -128 ) 
4 1305 1310 (128 -640 -128 ) (128 -1024 -128 ) (128 -1024 -16 ) (128 -640 -16 ) 
4 1306 1363 (0 0 -16 ) (0 0 -128 ) (0 -512 -128 ) (0 -512 -16 ) 
4 1306 1308 (0 -512 -128 ) (64 -576 -128 ) (63.998047 -576 -16 ) (0 -512.001953 -16 ) 
4 1306 1307 (64 -576 -16 ) (64 -576 -128 ) (128 -576 -128 ) (128 -576 -16 ) 
4 1307 1309 (64 -576 -128 ) (127.998047 -640 -128 ) (127.998047 -640 -16 ) (63.998047 -576 -16 ) 
4 1308 1364 (0 -512 -128 ) (0 -576 -128 ) (0 -576 -16 ) (0 -512 -16 ) 
4 1308 1309 (0 -576 -128 ) (64 -576 -128 ) (64 -576 -16 ) (0 -576 -16 ) 
4 1309 1365 (0 -576 -128 ) (0 -640 -128 ) (0 -640 -16 ) (0 -576 -16 ) 
4 1309 1310 (0 -640 -128 ) (128 -640 -128 ) (128 -640 -16 ) (0 -640 -16 ) 
4 1310 1366 (0 -640 -128 ) (0 -1024 -128 ) (0 -1024 -16 ) (0 -640 -16 ) 
4 1311 1322 (-320 0 1024 ) (-288 0 1024 ) (-288 -64 1024 ) (-320 -64 1024 ) 
4 1311 1321 (-288 0 1024 ) (-256 0 1024 ) (-256 -64 1024 ) (-288 -64 1024 ) 
4 1311 1318 (-256 0 1024 ) (0 0 1024 ) (0 -64 1024 ) (-256 -64 1024 ) 
4 1311 1314 (-256 -64 2048 ) (-320 -64 2048 ) (-320 -64 1152 ) (-256 -64 1152 ) 
4 1311 1313 (0 -64 2048 ) (-256 -64 2048 ) (-256 -64 1024 ) (0 -64 1024 ) 
4 1311 1312 (-320 -64 1152 ) (-320 -64 2048 ) (-320 0 2048 ) (-320 0 1152 ) 
4 1312 1314 (-320 -64 2048 ) (-384 -64 2048 ) (-384 -64 1152 ) (-320 -64 1152 ) 
4 1313 1319 (0 -512 1024 ) (0 -576 1024 ) (-256 -576 1024 ) (-256 -256 1024 ) 
4 1313 1318 (0 -64 1024 ) (0 -512 1024 ) (-256 -256 1024 ) (-256 -64 1024 ) 
4 1313 1314 (-256 -64 2048 ) (-256 -64 1152 ) (-256 -256 1152 ) (-256 -256 2048 ) 
4 1313 1315 (-256 -256 1024 ) (-256 -576 1024 ) (-256 -576 2048 ) (-256 -256 2048 ) 
4 1314 1315 (-256 -256 1152 ) (-256 -256 2048 ) (-384 -256 2048 ) (-384 -256 1152 ) 
4 1316 1438 (0 -1024 1024 ) (0 -1024 2048 ) (-384 -1024 2048 ) (-384 -1024 1024 ) 
4 1316 1317 (-384 -960 1024 ) (-384 -1024 1024 ) (-384 -1024 2048 ) (-384 -960 2048 ) 
4 1317 1438 (-1024 -1024 2048 ) (-1024 -1024 1024 ) (-384 -1024 1024 ) (-384 -1024 2048 ) 
3 1318 1347 (0 -288 672 ) (0 -512 672 ) (-224 -288 672 ) 
4 1318 1344 (0 -256 672 ) (0 -288 672 ) (-224 -288 672 ) (-256 -256 672 ) 
4 1318 1334 (-256 0 672 ) (0 0 672 ) (0 -256 672 ) (-256 -256 672 ) 
4 1318 1321 (-256 0 672 ) (-256 -256 672 ) (-256 -256 1024 ) (-256 0 1024 ) 
4 1318 1319 (-256 -256 1024 ) (-256 -256 672 ) (0 -512 672 ) (0 -512 1024 ) 
5 1319 1348 (0 -512 672 ) (0 -576 672 ) (-256 -576 672 ) (-256 -288 672 ) (-224 -288 672 ) 
3 1319 1345 (-256 -288 672 ) (-256 -256 672 ) (-224 -288 672 ) 
4 1319 1320 (-256 -576 1024 ) (-256 -576 672 ) (0 -576 672 ) (0 -576 1024 ) 
4 1320 1349 (0 -576 672 ) (0 -640 672 ) (-256 -640 672 ) (-256 -576 672 ) 
4 1320 1324 (-256 -640 672 ) (0 -640 672 ) (0 -640 1024 ) (-256 -640 1024 ) 
4 1321 1334 (-288 0 672 ) (-256 0 672 ) (-256 -256 672 ) (-288 -256 672 ) 
4 1321 1322 (-288 0 672 ) (-288 -256 672 ) (-288 -256 1024 ) (-288 0 1024 ) 
4 1322 1335 (-512 -256 672 ) (-512 0 672 ) (-288 0 672 ) (-288 -256 672 ) 
4 1322 1327 (-512 0 672 ) (-512 -256 672 ) (-512 -256 1024 ) (-512 0 1024 ) 
4 1323 1329 (-512 -320 672 ) (-512 -448 672 ) (-512 -448 800 ) (-512 -320 800 ) 
4 1324 1350 (-256 -896 672 ) (-256 -640 672 ) (0 -640 672 ) (0 -896 672 ) 
4 1324 1326 (-256 -640 832 ) (-256 -640 672 ) (-256 -896 672 ) (-256 -896 832 ) 
4 1324 1325 (-256 -896 832 ) (-256 -896 672 ) (0 -896 672 ) (0 -896 832 ) 
4 1325 1443 (0 -1024 672 ) (0 -1024 768 ) (-256 -1024 768 ) (-256 -1024 672 ) 
4 1325 1439 (0 -1024 768 ) (0 -1024 832 ) (-256 -1024 832 ) (-256 -1024 768 ) 
4 1325 1360 (0 -1024 672 ) (-256 -1024 672 ) (-256 -992 672 ) (0 -992 672 ) 
4 1325 1350 (-256 -992 672 ) (-256 -896 672 ) (0 -896 672 ) (0 -992 672 ) 
4 1325 1326 (-256 -896 672 ) (-256 -1024 672 ) (-256 -1024 832 ) (-256 -896 832 ) 
4 1326 1360 (-256 -1024 672 ) (-384 -1024 672 ) (-384 -992 672 ) (-256 -992 672 ) 
4 1326 1350 (-384 -992 672 ) (-384 -640 672 ) (-256 -640 672 ) (-256 -992 672 ) 
4 1327 1518 (-1024 0 768 ) (-1024 0 672 ) (-1024 -256 672 ) (-1024 -256 768 ) 
4 1327 1517 (-1024 0 1024 ) (-1024 0 768 ) (-1024 -256 768 ) (-1024 -256 1024 ) 
4 1327 1335 (-1024 -256 672 ) (-1024 0 672 ) (-512 0 672 ) (-512 -256 672 ) 
4 1327 1328 (-960 -256 672 ) (-576 -256 672 ) (-576 -256 800 ) (-960 -256 800 ) 
4 1328 1332 (-960 -288 672 ) (-768 -288 672 ) (-768 -288 800 ) (-960 -288 800 ) 
4 1328 1330 (-768 -288 672 ) (-576 -288 672 ) (-576 -288 800 ) (-768 -288 800 ) 
4 1329 1330 (-544 -320 672 ) (-544 -448 672 ) (-544 -448 800 ) (-544 -320 800 ) 
4 1330 1332 (-768 -448 848 ) (-768 -288 848 ) (-768 -288 672 ) (-768 -448 672 ) 
4 1330 1331 (-768 -464 848 ) (-768 -464 672 ) (-544 -464 672 ) (-544 -464 848 ) 
4 1331 1333 (-768 -480 672 ) (-544 -480 672 ) (-544 -480 848 ) (-768 -480 848 ) 
4 1332 1521 (-1024 -288 672 ) (-1024 -448 672 ) (-1024 -448 848 ) (-1024 -288 848 ) 
4 1333 1528 (-1024 -560 672 ) (-1024 -768 672 ) (-1024 -768 848 ) (-1024 -560 848 ) 
4 1333 1525 (-1024 -480 672 ) (-1024 -560 672 ) (-1024 -560 848 ) (-1024 -480 848 ) 
4 1334 1345 (-256 -256 672 ) (-288 -256 672 ) (-288 -256 320 ) (-256 -256 320 ) 
4 1334 1344 (0 -256 320 ) (0 -256 672 ) (-256 -256 672 ) (-256 -256 320 ) 
4 1334 1342 (0 -256 320 ) (-288 -256 320 ) (-288 -128 320 ) (0 -128 320 ) 
4 1334 1337 (-288 -128 320 ) (-288 0 320 ) (-256 0 320 ) (-256 -128 320 ) 
4 1334 1336 (-256 0 320 ) (0 0 320 ) (0 -128 320 ) (-256 -128 320 ) 
4 1334 1335 (-288 -256 640 ) (-288 -256 672 ) (-288 0 672 ) (-288 0 640 ) 
4 1335 1544 (-1024 0 672 ) (-1024 0 640 ) (-1024 -256 640 ) (-1024 -256 672 ) 
4 1335 1346 (-288 -256 672 ) (-416 -256 672 ) (-416 -256 656 ) (-288 -256 656 ) 
4 1336 1342 (0 -128 0 ) (0 -128 320 ) (-256 -128 320 ) (-256 -128 0 ) 
4 1336 1341 (0 -128 0 ) (-256 -128 0 ) (-256 0 0 ) (0 0 0 ) 
4 1336 1337 (-256 0 0 ) (-256 -128 0 ) (-256 -128 320 ) (-256 0 320 ) 
4 1337 1342 (-256 -128 320 ) (-288 -128 320 ) (-288 -128 0 ) (-256 -128 0 ) 
4 1337 1341 (-256 -128 0 ) (-288 -128 0 ) (-288 0 0 ) (-256 0 0 ) 
4 1337 1338 (-288 0 0 ) (-288 -128 0 ) (-288 -128 320 ) (-288 0 320 ) 
4 1338 1339 (-320 0 0 ) (-320 -128 0 ) (-320 -128 320 ) (-320 0 320 ) 
4 1339 1340 (-512 0 0 ) (-512 -128 0 ) (-512 -128 320 ) (-512 0 320 ) 
4 1340 1576 (-1024 0 320 ) (-1024 0 0 ) (-1024 -128 0 ) (-1024 -128 320 ) 
4 1341 1363 (-288 0 -16 ) (0 0 -16 ) (0 -128 -16 ) (-288 -128 -16 ) 
4 1341 1343 (-288 -128 -16 ) (0 -128 -16 ) (0 -128 0 ) (-288 -128 0 ) 
4 1342 1345 (-256 -256 320 ) (-288 -256 320 ) (-288 -256 0 ) (-256 -256 0 ) 
4 1342 1344 (0 -256 0 ) (0 -256 320 ) (-256 -256 320 ) (-256 -256 0 ) 
4 1342 1343 (0 -256 0 ) (-288 -256 0 ) (-288 -128 0 ) (0 -128 0 ) 
3 1343 1364 (-256 -256 -16 ) (-288 -256 -16 ) (-288 -224 -16 ) 
5 1343 1363 (0 -128 -16 ) (0 -256 -16 ) (-256 -256 -16 ) (-288 -224 -16 ) (-288 -128 -16 ) 
4 1343 1345 (-288 -256 -16 ) (-256 -256 -16 ) (-256 -256 0 ) (-288 -256 0 ) 
4 1343 1344 (-256 -256 -16 ) (0 -256 -16 ) (0 -256 0 ) (-256 -256 0 ) 
4 1344 1363 (0 -256 -16 ) (0 -288 -16 ) (-224 -288 -16 ) (-256 -256 -16 ) 
4 1344 1351 (-224 -288 -16 ) (0 -288 -16 ) (0 -288 656 ) (-224 -288 656 ) 
4 1344 1347 (0 -288 656 ) (0 -288 672 ) (-224 -288 672 ) (-224 -288 656 ) 
4 1344 1345 (-255.998032 -256 672 ) (-255.998047 -256 -16 ) (-223.998047 -288 -16 ) (-223.998032 -288 672 ) 
4 1345 1364 (-224 -288 -16 ) (-288 -288 -16 ) (-288 -256 -16 ) (-256 -256 -16 ) 
4 1345 1352 (-288 -288 -16 ) (-224 -288 -16 ) (-224 -288 656 ) (-288 -288 656 ) 
4 1345 1348 (-224 -288 656 ) (-224 -288 672 ) (-288 -288 672 ) (-288 -288 656 ) 
4 1345 1346 (-288 -256 672 ) (-288 -256 656 ) (-288 -288 656 ) (-288 -288 672 ) 
3 1347 1351 (-224 -288 656 ) (0 -288 656 ) (0 -512 656 ) 
4 1347 1348 (-223.998016 -288 672 ) (-223.998016 -288 656 ) (0 -511.998016 656 ) (0 -511.998016 672 ) 
5 1348 1352 (-288 -288 656 ) (-224 -288 656 ) (0 -512 656 ) (0 -576 656 ) (-288 -576 656 ) 
4 1348 1349 (-288 -576 672 ) (-288 -576 656 ) (0 -576 656 ) (0 -576 672 ) 
4 1349 1353 (0 -576 656 ) (0 -640 656 ) (-288 -640 656 ) (-288 -576 656 ) 
4 1349 1350 (-288 -640 656 ) (0 -640 656 ) (0 -640 672 ) (-288 -640 672 ) 
4 1350 1360 (0 -992 656 ) (0 -992 672 ) (-384 -992 672 ) (-384 -992 656 ) 
4 1350 1354 (0 -992 656 ) (-384 -992 656 ) (-384 -640 656 ) (0 -640 656 ) 
3 1351 1363 (0 -288 -16 ) (0 -512 -16 ) (-224 -288 -16 ) 
4 1351 1352 (0 -511.998016 656 ) (-223.998047 -288 656 ) (-223.998062 -288 -16 ) (0 -511.998047 -16 ) 
5 1352 1364 (0 -512 -16 ) (0 -576 -16 ) (-288 -576 -16 ) (-288 -288 -16 ) (-224 -288 -16 ) 
4 1352 1353 (-288 -576 656 ) (-288 -576 -16 ) (0 -576 -16 ) (0 -576 656 ) 
4 1353 1365 (0 -576 -16 ) (0 -640 -16 ) (-288 -640 -16 ) (-288 -576 -16 ) 
4 1353 1354 (-288 -640 -16 ) (0 -640 -16 ) (0 -640 656 ) (-288 -640 656 ) 
4 1354 1367 (-288 -992 -16 ) (-384 -992 -16 ) (-384 -640 -16 ) (-288 -640 -16 ) 
4 1354 1366 (0 -640 -16 ) (0 -992 -16 ) (-288 -992 -16 ) (-288 -640 -16 ) 
4 1354 1362 (-384 -992 -16 ) (0 -992 -16 ) (0 -992 480 ) (-384 -992 480 ) 
4 1354 1360 (0 -992 480 ) (0 -992 656 ) (-384 -992 656 ) (-384 -992 480 ) 
4 1355 1561 (-1024 -544 480 ) (-1024 -544 656 ) (-1024 -416 656 ) (-1024 -416 480 ) 
4 1355 1559 (-1024 -400 480 ) (-1024 -416 480 ) (-1024 -416 576 ) (-1024 -400 576 ) 
4 1355 1547 (-1024 -288 576 ) (-1024 -288 480 ) (-1024 -400 480 ) (-1024 -400 576 ) 
4 1355 1546 (-1024 -416 656 ) (-1024 -288 656 ) (-1024 -288 576 ) (-1024 -416 576 ) 
4 1355 1359 (-896 -544 656 ) (-1024 -544 656 ) (-1024 -544 480 ) (-896 -544 480 ) 
4 1356 1357 (-1008 -416 448 ) (-1008 -288 448 ) (-1008 -288 152 ) (-1008 -416 152 ) 
4 1356 1358 (-1008 -544 152 ) (-1008 -544 448 ) (-1008 -416 448 ) (-1008 -416 152 ) 
4 1357 1598 (-1024 -288 256 ) (-1024 -288 141.598236 ) (-1024 -416 141.598236 ) (-1024 -416 256 ) 
4 1357 1596 (-1024 -288 288 ) (-1024 -288 256 ) (-1024 -416 256 ) (-1024 -416 288 ) 
4 1357 1584 (-1024 -416 448 ) (-1024 -288 448 ) (-1024 -288 288 ) (-1024 -416 288 ) 
4 1357 1358 (-1008 -416 151.998093 ) (-1008 -416 448 ) (-1024 -416 448 ) (-1024 -416 141.598236 ) 
4 1358 1599 (-1024 -544 48 ) (-1024 -544 256 ) (-1024 -416 256 ) (-1024 -416 48 ) 
4 1358 1597 (-1024 -544 256 ) (-1024 -544 288 ) (-1024 -416 288 ) (-1024 -416 256 ) 
4 1358 1586 (-1024 -544 288 ) (-1024 -544 416 ) (-1024 -416 416 ) (-1024 -416 288 ) 
4 1358 1585 (-1024 -544 416 ) (-1024 -544 448 ) (-1024 -416 448 ) (-1024 -416 416 ) 
4 1359 1561 (-1024 -608 656 ) (-1024 -544 656 ) (-1024 -544 480 ) (-1024 -608 480 ) 
4 1359 1361 (-1024 -992 608 ) (-1024 -992 480 ) (-928 -992 480 ) (-928 -992 608 ) 
4 1360 1443 (0 -1024 480 ) (0 -1024 672 ) (-256 -1024 672 ) (-256 -1024 480 ) 
4 1360 1362 (-384 -992 480 ) (0 -992 480 ) (0 -1024 480 ) (-384 -1024 480 ) 
4 1361 1445 (-1024 -1024 608 ) (-1024 -1024 480 ) (-928 -1024 480 ) (-928 -1024 608 ) 
4 1362 1443 (0 -1024 -16 ) (0 -1024 480 ) (-256 -1024 480 ) (-256 -1024 -16 ) 
4 1362 1367 (-288 -1024 -16 ) (-384 -1024 -16 ) (-384 -992 -16 ) (-288 -992 -16 ) 
4 1362 1366 (0 -992 -16 ) (0 -1024 -16 ) (-288 -1024 -16 ) (-288 -992 -16 ) 
4 1363 1364 (-288 -224.001968 -16 ) (-288 -224.001968 -128 ) (0 -512.001953 -128 ) (0 -512.001953 -16 ) 
4 1364 1365 (-288 -576 -16 ) (-288 -576 -128 ) (0 -576 -128 ) (0 -576 -16 ) 
4 1365 1366 (-288 -640 -16 ) (-288 -640 -128 ) (0 -640 -128 ) (0 -640 -16 ) 
4 1366 1443 (0 -1024 -128 ) (0 -1024 -16 ) (-256 -1024 -16 ) (-256 -1024 -128 ) 
4 1366 1367 (-288 -640 -128 ) (-288 -1024 -128 ) (-288 -1024 -16 ) (-288 -640 -16 ) 
4 1368 1467 (1024 -2048 1024 ) (1024 -2048 2048 ) (384 -2048 2048 ) (384 -2048 1024 ) 
4 1368 1376 (512 -2048 1024 ) (384 -2048 1024 ) (384 -1216 1024 ) (512 -1216 1024 ) 
4 1368 1372 (640 -2048 1024 ) (512 -2048 1024 ) (512 -1280 1024 ) (640 -1280 1024 ) 
4 1368 1371 (1024 -2048 1024 ) (640 -2048 1024 ) (640 -1024 1024 ) (1024 -1024 1024 ) 
4 1368 1369 (384 -1216 1024 ) (384 -2048 1024 ) (384 -2048 2048 ) (384 -1216 2048 ) 
4 1369 1467 (384 -2048 2048 ) (128 -2048 2048 ) (128 -2048 1024 ) (384 -2048 1024 ) 
4 1369 1376 (384 -2048 1024 ) (128 -2048 1024 ) (128 -1216 1024 ) (384 -1216 1024 ) 
4 1369 1370 (128 -1216 1024 ) (128 -2048 1024 ) (128 -2048 2048 ) (128 -1216 2048 ) 
4 1370 1467 (128 -2048 2048 ) (0 -2048 2048 ) (0 -2048 1024 ) (128 -2048 1024 ) 
4 1370 1438 (0 -2048 1024 ) (0 -2048 2048 ) (0 -1024 2048 ) (0 -1024 1024 ) 
4 1370 1376 (128 -2048 1024 ) (0 -2048 1024 ) (0 -1216 1024 ) (128 -1216 1024 ) 
4 1371 1467 (1024 -2048 768 ) (1024 -2048 1024 ) (640 -2048 1024 ) (640 -2048 768 ) 
4 1371 1373 (1024 -2048 768 ) (640 -2048 768 ) (640 -1024 768 ) (1024 -1024 768 ) 
4 1371 1372 (640 -1280 768 ) (640 -2048 768 ) (640 -2048 1024 ) (640 -1280 1024 ) 
4 1372 1467 (640 -2048 1024 ) (512 -2048 1024 ) (512 -2048 768 ) (640 -2048 768 ) 
4 1372 1376 (512 -2048 768 ) (512 -2048 1024 ) (512 -1280 1024 ) (512 -1280 768 ) 
4 1372 1374 (640 -2048 768 ) (512 -2048 768 ) (512 -1280 768 ) (640 -1280 768 ) 
4 1373 1468 (1024 -2048 416 ) (1024 -2048 768 ) (640 -2048 768 ) (640 -2048 416 ) 
4 1373 1414 (1024 -1824 416 ) (1024 -2048 416 ) (640 -2048 416 ) (640 -1824 416 ) 
4 1373 1408 (1024 -1792 416 ) (1024 -1824 416 ) (640 -1824 416 ) (640 -1792 416 ) 
4 1373 1404 (1024 -1600 416 ) (1024 -1792 416 ) (640 -1792 416 ) (640 -1600 416 ) 
4 1373 1398 (1024 -1376 416 ) (1024 -1600 416 ) (640 -1600 416 ) (640 -1376 416 ) 
4 1373 1387 (640 -1024 416 ) (1024 -1024 416 ) (1024 -1376 416 ) (640 -1376 416 ) 
4 1373 1374 (640 -1280 416 ) (640 -2048 416 ) (640 -2048 768 ) (640 -1280 768 ) 
4 1374 1468 (640 -2048 768 ) (512 -2048 768 ) (512 -2048 416 ) (640 -2048 416 ) 
4 1374 1414 (640 -1824 416 ) (640 -2048 416 ) (512 -2048 416 ) (512 -1824 416 ) 
4 1374 1408 (640 -1792 416 ) (640 -1824 416 ) (512 -1824 416 ) (512 -1792 416 ) 
4 1374 1404 (640 -1600 416 ) (640 -1792 416 ) (512 -1792 416 ) (512 -1600 416 ) 
4 1374 1398 (640 -1376 416 ) (640 -1600 416 ) (512 -1600 416 ) (512 -1376 416 ) 
4 1374 1388 (640 -1280 416 ) (640 -1376 416 ) (512 -1376 416 ) (512 -1280 416 ) 
4 1374 1383 (512 -1824 416 ) (512 -2048 416 ) (512 -2048 768 ) (512 -1824 768 ) 
4 1374 1379 (512 -1600 416 ) (512 -1824 416 ) (512 -1824 448 ) (512 -1600 448 ) 
4 1374 1378 (512 -1824 448 ) (512 -1824 768 ) (512 -1280 768 ) (512 -1280 448 ) 
4 1375 1439 (0 -1024 832 ) (0 -1024 768 ) (0 -1152 768 ) (0 -1152 832 ) 
4 1375 1377 (0 -1024 768 ) (512 -1024 768 ) (512 -1152 768 ) (0 -1152 768 ) 
4 1376 1467 (512 -2048 1024 ) (0 -2048 1024 ) (0 -2048 768 ) (512 -2048 768 ) 
4 1376 1440 (0 -2048 768 ) (0 -2048 1024 ) (0 -1216 1024 ) (0 -1216 768 ) 
4 1376 1386 (128 -2048 768 ) (0 -1920 768 ) (0 -1824 768 ) (128 -1824 768 ) 
3 1376 1385 (128 -2048 768 ) (0 -2048 768 ) (0 -1920 768 ) 
4 1376 1384 (128 -1984 768 ) (128 -1824 768 ) (256 -1824 768 ) (256 -1984 768 ) 
4 1376 1383 (512 -1824 768 ) (512 -2048 768 ) (320 -2048 768 ) (320 -1824 768 ) 
4 1376 1380 (256 -1824 768 ) (0 -1824 768 ) (0 -1216 768 ) (256 -1216 768 ) 
4 1376 1378 (512 -1216 768 ) (512 -1824 768 ) (320 -1824 768 ) (320 -1216 768 ) 
4 1377 1443 (0 -1152 768 ) (0 -1024 768 ) (0 -1024 448 ) (0 -1152 448 ) 
4 1378 1383 (512 -1824 448 ) (512 -1824 768 ) (320 -1824 768 ) (320 -1824 448 ) 
3 1378 1379 (512 -1824 448 ) (432 -1824 448 ) (512 -1600 448 ) 
4 1379 1408 (512 -1792 416 ) (512 -1824 416 ) (432 -1824 416 ) (443.428558 -1792 416 ) 
3 1379 1404 (512 -1600 416 ) (512 -1792 416 ) (443.428558 -1792 416 ) 
4 1379 1383 (432 -1824 416 ) (512 -1824 416 ) (512 -1824 448 ) (432 -1824 448 ) 
4 1380 1449 (0 -1824 768 ) (0 -1664 768 ) (0 -1664 448 ) (0 -1824 448 ) 
4 1380 1447 (0 -1664 768 ) (0 -1280 768 ) (0 -1280 448 ) (0 -1664 448 ) 
4 1380 1444 (0 -1280 768 ) (0 -1216 768 ) (0 -1216 448 ) (0 -1280 448 ) 
4 1380 1386 (128 -1824 768 ) (0 -1824 768 ) (0 -1824 448 ) (128 -1824 448 ) 
4 1380 1384 (256 -1824 448 ) (256 -1824 768 ) (128 -1824 768 ) (128 -1824 448 ) 
4 1380 1381 (192 -1440 448 ) (192 -1824 448 ) (128 -1824 448 ) (128 -1376 448 ) 
4 1380 1382 (0 -1216 448 ) (128 -1216 448 ) (128 -1824 448 ) (0 -1824 448 ) 
4 1381 1412 (192 -1600 416 ) (192 -1824 416 ) (128 -1824 416 ) (128 -1600 416 ) 
4 1381 1400 (192 -1440 416 ) (192 -1600 416 ) (128 -1600 416 ) (128 -1376 416 ) 
4 1381 1384 (128 -1824 416 ) (192 -1824 416 ) (192 -1824 448 ) (128 -1824 448 ) 
4 1381 1382 (128 -1824 416 ) (128 -1824 448 ) (128 -1376 448 ) (128 -1376 416 ) 
4 1382 1449 (0 -1664 416 ) (0 -1824 416 ) (0 -1824 448 ) (0 -1664 448 ) 
4 1382 1447 (0 -1280 416 ) (0 -1664 416 ) (0 -1664 448 ) (0 -1280 448 ) 
4 1382 1444 (0 -1216 448 ) (0 -1216 416 ) (0 -1280 416 ) (0 -1280 448 ) 
4 1382 1412 (0 -1824 416 ) (0 -1600 416 ) (128 -1600 416 ) (128 -1824 416 ) 
4 1382 1400 (0 -1600 416 ) (0 -1376 416 ) (128 -1376 416 ) (128 -1600 416 ) 
4 1382 1397 (0 -1376 416 ) (0 -1216 416 ) (128 -1216 416 ) (128 -1376 416 ) 
4 1382 1386 (0 -1824 416 ) (128 -1824 416 ) (128 -1824 448 ) (0 -1824 448 ) 
4 1383 1471 (320 -2048 416 ) (512 -2048 416 ) (512 -2048 768 ) (320 -2048 768 ) 
4 1383 1414 (320 -1824 416 ) (512 -1824 416 ) (512 -2048 416 ) (320 -2048 416 ) 
4 1384 1416 (128 -1824 416 ) (256 -1824 416 ) (256 -1984 416 ) (128 -1984 416 ) 
4 1384 1386 (128 -1824 768 ) (128 -1824 416 ) (128 -1984 416 ) (128 -1984 768 ) 
4 1385 1476 (0 -2048 768 ) (0 -2048 416 ) (128 -2048 416 ) (128 -2048 768 ) 
4 1385 1448 (0 -2048 416 ) (0 -2048 768 ) (0 -1920 768 ) (0 -1920 416 ) 
3 1385 1418 (0 -2048 416 ) (0 -1920 416 ) (128 -2048 416 ) 
4 1385 1386 (128 -2048 768 ) (128 -2048 416 ) (0 -1920 416 ) (0 -1920 768 ) 
4 1386 1449 (0 -1920 768 ) (0 -1824 768 ) (0 -1824 416 ) (0 -1920 416 ) 
4 1386 1419 (0 -1920 416 ) (0 -1824 416 ) (128 -1824 416 ) (128 -2048 416 ) 
4 1387 1398 (1024 -1376 96 ) (1024 -1376 416 ) (640 -1376 416 ) (640 -1376 96 ) 
4 1387 1392 (1024 -1376 96 ) (640 -1376 96 ) (640 -1024 96 ) (1024 -1024 96 ) 
4 1387 1388 (640 -1280 96 ) (640 -1376 96 ) (640 -1376 416 ) (640 -1280 416 ) 
4 1388 1398 (640 -1376 416 ) (512 -1376 416 ) (512 -1376 96 ) (640 -1376 96 ) 
4 1388 1393 (640 -1376 96 ) (512 -1376 96 ) (512 -1280 96 ) (640 -1280 96 ) 
4 1389 1399 (480 -1376 416 ) (320 -1376 416 ) (320 -1376 96 ) (480 -1376 96 ) 
4 1389 1394 (480 -1376 96 ) (320 -1376 96 ) (320 -1216 96 ) (480 -1216 96 ) 
4 1389 1390 (320 -1216 96 ) (320 -1376 96 ) (320 -1376 416 ) (320 -1216 416 ) 
4 1390 1395 (320 -1376 96 ) (160 -1376 96 ) (160 -1024 96 ) (320 -1024 96 ) 
4 1390 1391 (160 -1024 96 ) (160 -1216 96 ) (160 -1216 416 ) (160 -1024 416 ) 
4 1391 1396 (128 -1216 96 ) (128 -1024 96 ) (160 -1024 96 ) (160 -1216 96 ) 
4 1392 1420 (640 -1024 -16 ) (1024 -1024 -16 ) (1024 -1376 -16 ) (640 -1376 -16 ) 
4 1392 1401 (640 -1376 -16 ) (1024 -1376 -16 ) (1024 -1376 96 ) (640 -1376 96 ) 
4 1392 1393 (640 -1280 -16 ) (640 -1376 -16 ) (640 -1376 96 ) (640 -1280 96 ) 
4 1393 1421 (640 -1280 -16 ) (640 -1376 -16 ) (512 -1376 -16 ) (512 -1280 -16 ) 
4 1393 1401 (512 -1376 -16 ) (640 -1376 -16 ) (640 -1376 96 ) (512 -1376 96 ) 
4 1394 1423 (480 -1376 -16 ) (320 -1376 -16 ) (320 -1216 -16 ) (480 -1216 -16 ) 
4 1394 1402 (320 -1376 -16 ) (480 -1376 -16 ) (480 -1376 96 ) (320 -1376 96 ) 
4 1394 1395 (320 -1216 -16 ) (320 -1376 -16 ) (320 -1376 96 ) (320 -1216 96 ) 
4 1395 1424 (160 -1024 -16 ) (320 -1024 -16 ) (320 -1376 -16 ) (160 -1376 -16 ) 
4 1395 1396 (160 -1024 -16 ) (160 -1216 -16 ) (160 -1216 96 ) (160 -1024 96 ) 
4 1396 1425 (128 -1024 -16 ) (160 -1024 -16 ) (160 -1216 -16 ) (128 -1216 -16 ) 
4 1397 1458 (0 -1280 256 ) (0 -1280 -16 ) (0 -1376 -16 ) (0 -1376 256 ) 
4 1397 1447 (0 -1376 416 ) (0 -1280 416 ) (0 -1280 256 ) (0 -1376 256 ) 
4 1397 1444 (0 -1280 416 ) (0 -1216 416 ) (0 -1216 -16 ) (0 -1280 -16 ) 
4 1397 1426 (0 -1376 -16 ) (0 -1216 -16 ) (128 -1216 -16 ) (128 -1376 -16 ) 
4 1397 1403 (0 -1376 -16 ) (128 -1376 -16 ) (128 -1376 96 ) (0 -1376 96 ) 
4 1397 1400 (128 -1376 96 ) (128 -1376 416 ) (0 -1376 416 ) (0 -1376 96 ) 
4 1398 1404 (1024 -1600 96 ) (1024 -1600 416 ) (512 -1600 416 ) (512 -1600 96 ) 
4 1398 1401 (1024 -1600 96 ) (512 -1600 96 ) (512 -1376 96 ) (1024 -1376 96 ) 
4 1399 1405 (480 -1600 416 ) (320 -1600 416 ) (320 -1600 96 ) (480 -1600 96 ) 
4 1399 1402 (480 -1600 96 ) (320 -1600 96 ) (320 -1376 96 ) (480 -1376 96 ) 
4 1400 1458 (0 -1376 256 ) (0 -1376 96 ) (0 -1600 96 ) (0 -1600 256 ) 
4 1400 1447 (0 -1600 416 ) (0 -1376 416 ) (0 -1376 256 ) (0 -1600 256 ) 
4 1400 1412 (192 -1600 416 ) (0 -1600 416 ) (0 -1600 96 ) (192 -1600 96 ) 
5 1400 1403 (192 -1600 96 ) (0 -1600 96 ) (0 -1376 96 ) (128 -1376 96 ) (192 -1440 96 ) 
4 1401 1421 (512 -1376 -16 ) (640 -1376 -16 ) (640 -1600 -16 ) (512 -1600 -16 ) 
4 1401 1420 (640 -1376 -16 ) (1024 -1376 -16 ) (1024 -1600 -16 ) (640 -1600 -16 ) 
4 1401 1406 (512 -1600 -16 ) (1024 -1600 -16 ) (1024 -1600 96 ) (512 -1600 96 ) 
4 1402 1427 (320 -1376 -16 ) (480 -1376 -16 ) (480 -1600 -16 ) (320 -1600 -16 ) 
4 1402 1407 (320 -1600 -16 ) (480 -1600 -16 ) (480 -1600 96 ) (320 -1600 96 ) 
4 1403 1458 (0 -1376 96 ) (0 -1376 -16 ) (0 -1600 -16 ) (0 -1600 96 ) 
5 1403 1428 (0 -1600 -16 ) (0 -1376 -16 ) (128 -1376 -16 ) (192 -1440 -16 ) (192 -1600 -16 ) 
4 1403 1413 (0 -1600 -16 ) (192 -1600 -16 ) (192 -1600 96 ) (0 -1600 96 ) 
4 1404 1408 (443.428589 -1792 96 ) (1024 -1792 96 ) (1024 -1792 416 ) (443.428589 -1792 416 ) 
4 1404 1406 (1024 -1792 96 ) (443.428589 -1792 96 ) (512 -1600 96 ) (1024 -1600 96 ) 
4 1405 1410 (320 -1600 416 ) (320 -1600 96 ) (320 -1792 96 ) (320 -1792 416 ) 
4 1405 1407 (416 -1792 96 ) (320 -1792 96 ) (320 -1600 96 ) (480 -1600 96 ) 
3 1406 1429 (512 -1600 -16 ) (512 -1792 -16 ) (443.428589 -1792 -16 ) 
4 1406 1421 (512 -1600 -16 ) (640 -1600 -16 ) (640 -1792 -16 ) (512 -1792 -16 ) 
4 1406 1420 (640 -1600 -16 ) (1024 -1600 -16 ) (1024 -1792 -16 ) (640 -1792 -16 ) 
4 1406 1409 (443.428589 -1792 -16 ) (1024 -1792 -16 ) (1024 -1792 96 ) (443.428589 -1792 96 ) 
4 1407 1430 (320 -1600 -16 ) (480 -1600 -16 ) (416 -1792 -16 ) (320 -1792 -16 ) 
4 1407 1411 (320 -1600 96 ) (320 -1600 -16 ) (320 -1792 -16 ) (320 -1792 96 ) 
4 1408 1414 (1024 -1824 96 ) (1024 -1824 416 ) (432 -1824 416 ) (432 -1824 96 ) 
4 1408 1409 (1024 -1824 96 ) (432 -1824 96 ) (443.428589 -1792 96 ) (1024 -1792 96 ) 
4 1409 1432 (512 -1824 -16 ) (432 -1824 -16 ) (443.428589 -1792 -16 ) (512 -1792 -16 ) 
4 1409 1422 (1024 -1792 -16 ) (1024 -1824 -16 ) (512 -1824 -16 ) (512 -1792 -16 ) 
4 1409 1415 (432 -1824 -16 ) (1024 -1824 -16 ) (1024 -1824 96 ) (432 -1824 96 ) 
4 1410 1412 (192 -1600 416 ) (192 -1600 96 ) (192 -1792 96 ) (192 -1792 416 ) 
4 1410 1411 (320 -1792 96 ) (192 -1792 96 ) (192 -1600 96 ) (320 -1600 96 ) 
4 1411 1431 (192 -1600 -16 ) (320 -1600 -16 ) (320 -1792 -16 ) (192 -1792 -16 ) 
4 1411 1413 (192 -1600 96 ) (192 -1600 -16 ) (192 -1792 -16 ) (192 -1792 96 ) 
4 1412 1465 (0 -1792 96 ) (0 -1824 96 ) (0 -1824 256 ) (0 -1792 256 ) 
4 1412 1463 (0 -1760 96 ) (0 -1792 96 ) (0 -1792 256 ) (0 -1760 256 ) 
4 1412 1461 (0 -1664 96 ) (0 -1760 96 ) (0 -1760 256 ) (0 -1664 256 ) 
4 1412 1458 (0 -1600 256 ) (0 -1600 96 ) (0 -1664 96 ) (0 -1664 256 ) 
4 1412 1449 (0 -1824 416 ) (0 -1664 416 ) (0 -1664 256 ) (0 -1824 256 ) 
4 1412 1447 (0 -1664 416 ) (0 -1600 416 ) (0 -1600 256 ) (0 -1664 256 ) 
4 1412 1419 (128 -1824 416 ) (0 -1824 416 ) (0 -1824 96 ) (128 -1824 96 ) 
4 1412 1416 (192 -1824 96 ) (192 -1824 416 ) (128 -1824 416 ) (128 -1824 96 ) 
4 1412 1413 (0 -1600 96 ) (192 -1600 96 ) (192 -1824 96 ) (0 -1824 96 ) 
4 1413 1465 (0 -1792 -16 ) (0 -1824 -16 ) (0 -1824 96 ) (0 -1792 96 ) 
4 1413 1463 (0 -1760 -16 ) (0 -1792 -16 ) (0 -1792 96 ) (0 -1760 96 ) 
4 1413 1461 (0 -1664 -16 ) (0 -1760 -16 ) (0 -1760 96 ) (0 -1664 96 ) 
4 1413 1458 (0 -1600 96 ) (0 -1600 -16 ) (0 -1664 -16 ) (0 -1664 96 ) 
4 1413 1433 (0 -1824 -16 ) (0 -1600 -16 ) (192 -1600 -16 ) (192 -1824 -16 ) 
4 1413 1419 (0 -1824 -16 ) (128 -1824 -16 ) (128 -1824 96 ) (0 -1824 96 ) 
4 1413 1417 (128 -1824 -16 ) (192 -1824 -16 ) (192 -1824 96 ) (128 -1824 96 ) 
4 1414 1471 (512 -2048 416 ) (320 -2048 416 ) (320 -2048 96 ) (512 -2048 96 ) 
4 1414 1468 (1024 -2048 96 ) (1024 -2048 416 ) (512 -2048 416 ) (512 -2048 96 ) 
4 1414 1415 (1024 -2048 96 ) (320 -2048 96 ) (320 -1824 96 ) (1024 -1824 96 ) 
4 1415 1473 (512 -2048 96 ) (320 -2048 96 ) (320 -2048 -16 ) (512 -2048 -16 ) 
4 1415 1469 (1024 -2048 -16 ) (1024 -2048 96 ) (512 -2048 96 ) (512 -2048 -16 ) 
4 1415 1434 (512 -2048 -16 ) (320 -2048 -16 ) (320 -1824 -16 ) (512 -1824 -16 ) 
4 1415 1422 (1024 -2048 -16 ) (512 -2048 -16 ) (512 -1824 -16 ) (1024 -1824 -16 ) 
4 1416 1419 (128 -1824 416 ) (128 -1824 96 ) (128 -1984 96 ) (128 -1984 416 ) 
4 1416 1417 (256 -1984 96 ) (128 -1984 96 ) (128 -1824 96 ) (256 -1824 96 ) 
4 1417 1435 (128 -1984 -16 ) (128 -1824 -16 ) (256 -1824 -16 ) (256 -1984 -16 ) 
4 1417 1419 (128 -1824 96 ) (128 -1824 -16 ) (128 -1984 -16 ) (128 -1984 96 ) 
4 1418 1478 (0 -2048 96 ) (0 -2048 -16 ) (128 -2048 -16 ) (128 -2048 96 ) 
4 1418 1476 (128 -2048 416 ) (0 -2048 416 ) (0 -2048 96 ) (128 -2048 96 ) 
4 1418 1464 (0 -2048 -16 ) (0 -2048 256 ) (0 -1920 256 ) (0 -1920 -16 ) 
4 1418 1448 (0 -2048 256 ) (0 -2048 416 ) (0 -1920 416 ) (0 -1920 256 ) 
3 1418 1436 (128 -2048 -16 ) (0 -2048 -16 ) (0 -1920 -16 ) 
4 1418 1419 (128 -2048 416 ) (128 -2048 -16 ) (0 -1920 -16 ) (0 -1920 416 ) 
4 1419 1465 (0 -1824 256 ) (0 -1824 -16 ) (0 -1920 -16 ) (0 -1920 256 ) 
4 1419 1449 (0 -1920 416 ) (0 -1824 416 ) (0 -1824 256 ) (0 -1920 256 ) 
4 1419 1437 (128 -2048 -16 ) (0 -1920 -16 ) (0 -1824 -16 ) (128 -1824 -16 ) 
4 1420 1421 (640 -1280 -128 ) (640 -1792 -128 ) (640 -1792 -16 ) (640 -1280 -16 ) 
4 1420 1422 (640 -1792 -128 ) (1024 -1792 -128 ) (1024 -1792 -16 ) (640 -1792 -16 ) 
4 1421 1429 (512 -1600 -128 ) (512 -1792 -128 ) (512 -1792 -16 ) (512 -1600 -16 ) 
4 1421 1422 (512 -1792 -16 ) (512 -1792 -128 ) (640 -1792 -128 ) (640 -1792 -16 ) 
4 1422 1482 (1024 -2048 -128 ) (1024 -2048 -16 ) (512 -2048 -16 ) (512 -2048 -128 ) 
4 1422 1434 (512 -1824 -128 ) (512 -2048 -128 ) (512 -2048 -16 ) (512 -1824 -16 ) 
4 1422 1432 (512 -1792 -128 ) (512 -1824 -128 ) (512 -1824 -16 ) (512 -1792 -16 ) 
4 1423 1427 (320 -1376 -128 ) (480 -1376 -128 ) (480 -1376 -16 ) (320 -1376 -16 ) 
4 1423 1424 (320 -1216 -128 ) (320 -1376 -128 ) (320 -1376 -16 ) (320 -1216 -16 ) 
4 1424 1425 (160 -1024 -128 ) (160 -1216 -128 ) (160 -1216 -16 ) (160 -1024 -16 ) 
4 1426 1458 (0 -1376 -16 ) (0 -1280 -16 ) (0 -1280 -128 ) (0 -1376 -128 ) 
4 1426 1444 (0 -1280 -16 ) (0 -1216 -16 ) (0 -1216 -128 ) (0 -1280 -128 ) 
4 1426 1428 (0 -1376 -128 ) (128 -1376 -128 ) (128 -1376 -16 ) (0 -1376 -16 ) 
4 1427 1430 (320 -1600 -128 ) (480 -1600 -128 ) (480 -1600 -16 ) (320 -1600 -16 ) 
4 1428 1458 (0 -1600 -16 ) (0 -1376 -16 ) (0 -1376 -128 ) (0 -1600 -128 ) 
4 1428 1433 (0 -1600 -128 ) (192 -1600 -128 ) (192 -1600 -16 ) (0 -1600 -16 ) 
4 1429 1432 (443.428589 -1792 -128 ) (512 -1792 -128 ) (512 -1792 -16 ) (443.428589 -1792 -16 ) 
4 1430 1431 (320 -1600 -16 ) (320 -1600 -128 ) (320 -1792 -128 ) (320 -1792 -16 ) 
4 1431 1433 (192 -1600 -16 ) (192 -1600 -128 ) (192 -1792 -128 ) (192 -1792 -16 ) 
4 1432 1434 (432 -1824 -128 ) (512 -1824 -128 ) (512 -1824 -16 ) (432 -1824 -16 ) 
4 1433 1465 (0 -1824 -16 ) (0 -1792 -16 ) (0 -1792 -128 ) (0 -1824 -128 ) 
4 1433 1463 (0 -1792 -16 ) (0 -1760 -16 ) (0 -1760 -128 ) (0 -1792 -128 ) 
4 1433 1461 (0 -1760 -16 ) (0 -1664 -16 ) (0 -1664 -128 ) (0 -1760 -128 ) 
4 1433 1458 (0 -1664 -16 ) (0 -1600 -16 ) (0 -1600 -128 ) (0 -1664 -128 ) 
4 1433 1437 (0 -1824 -128 ) (128 -1824 -128 ) (128 -1824 -16 ) (0 -1824 -16 ) 
4 1433 1435 (128 -1824 -128 ) (192 -1824 -128 ) (192 -1824 -16 ) (128 -1824 -16 ) 
4 1434 1486 (512 -2048 -16 ) (320 -2048 -16 ) (320 -2048 -128 ) (512 -2048 -128 ) 
4 1435 1437 (128 -1824 -16 ) (128 -1824 -128 ) (128 -1984 -128 ) (128 -1984 -16 ) 
4 1436 1485 (128 -2048 -16 ) (0 -2048 -16 ) (0 -2048 -128 ) (128 -2048 -128 ) 
4 1436 1464 (0 -2048 -128 ) (0 -2048 -16 ) (0 -1920 -16 ) (0 -1920 -128 ) 
4 1436 1437 (128 -2048 -16 ) (128 -2048 -128 ) (0 -1920 -128 ) (0 -1920 -16 ) 
4 1437 1465 (0 -1920 -16 ) (0 -1824 -16 ) (0 -1824 -128 ) (0 -1920 -128 ) 
4 1438 1488 (-1024 -2048 2048 ) (-1024 -2048 1024 ) (0 -2048 1024 ) (0 -2048 2048 ) 
4 1438 1441 (-256 -1280 1024 ) (-256 -2048 1024 ) (-640 -2048 1024 ) (-640 -1280 1024 ) 
4 1438 1442 (-1024 -1024 1024 ) (-640 -1024 1024 ) (-640 -2048 1024 ) (-1024 -2048 1024 ) 
4 1438 1440 (0 -1216 1024 ) (0 -2048 1024 ) (-256 -2048 1024 ) (-256 -1216 1024 ) 
4 1439 1443 (-256 -1152 768 ) (-256 -1024 768 ) (0 -1024 768 ) (0 -1152 768 ) 
4 1440 1488 (-256 -2048 768 ) (0 -2048 768 ) (0 -2048 1024 ) (-256 -2048 1024 ) 
3 1440 1449 (-256 -1664 768 ) (0 -1664 768 ) (0 -1920 768 ) 
4 1440 1448 (0 -2048 768 ) (-256 -2048 768 ) (-256 -1664 768 ) (0 -1920 768 ) 
4 1440 1447 (-256 -1664 768 ) (-256 -1280 768 ) (0 -1280 768 ) (0 -1664 768 ) 
4 1440 1444 (-256 -1280 768 ) (-256 -1216 768 ) (0 -1216 768 ) (0 -1280 768 ) 
4 1440 1441 (-256 -1280 768 ) (-256 -2048 768 ) (-256 -2048 1024 ) (-256 -1280 1024 ) 
4 1441 1488 (-640 -2048 768 ) (-256 -2048 768 ) (-256 -2048 1024 ) (-640 -2048 1024 ) 
4 1441 1453 (-448 -2048 768 ) (-640 -2048 768 ) (-640 -1792 768 ) (-448 -1792 768 ) 
4 1441 1451 (-640 -1792 768 ) (-640 -1760 768 ) (-448 -1760 768 ) (-448 -1792 768 ) 
4 1441 1450 (-640 -1760 768 ) (-640 -1280 768 ) (-448 -1472 768 ) (-448 -1760 768 ) 
3 1441 1456 (-640 -1280 768 ) (-448 -1280 768 ) (-448 -1472 768 ) 
4 1441 1448 (-256 -2048 768 ) (-384 -2048 768 ) (-384 -1792 768 ) (-256 -1664 768 ) 
4 1441 1447 (-448 -1472 768 ) (-448 -1280 768 ) (-256 -1280 768 ) (-256 -1664 768 ) 
3 1441 1446 (-448 -1664 768 ) (-448 -1472 768 ) (-256 -1664 768 ) 
4 1441 1442 (-640 -1280 768 ) (-640 -2048 768 ) (-640 -2048 1024 ) (-640 -1280 1024 ) 
4 1442 1488 (-1024 -2048 1024 ) (-1024 -2048 768 ) (-640 -2048 768 ) (-640 -2048 1024 ) 
4 1442 1453 (-640 -2048 768 ) (-1024 -2048 768 ) (-1024 -1792 768 ) (-640 -1792 768 ) 
4 1442 1451 (-1024 -1792 768 ) (-1024 -1760 768 ) (-640 -1760 768 ) (-640 -1792 768 ) 
4 1442 1450 (-1024 -1760 768 ) (-1024 -1280 768 ) (-640 -1280 768 ) (-640 -1760 768 ) 
4 1442 1445 (-1024 -1280 768 ) (-1024 -1024 768 ) (-640 -1024 768 ) (-640 -1280 768 ) 
4 1444 1458 (-256 -1280 -128 ) (0 -1280 -128 ) (0 -1280 256 ) (-256 -1280 256 ) 
4 1444 1447 (0 -1280 256 ) (0 -1280 768 ) (-256 -1280 768 ) (-256 -1280 256 ) 
4 1445 1457 (-1024 -1280 -128 ) (-640 -1280 -128 ) (-640 -1280 256 ) (-1024 -1280 256 ) 
4 1445 1450 (-640 -1280 256 ) (-640 -1280 768 ) (-1024 -1280 768 ) (-1024 -1280 256 ) 
3 1446 1457 (-448 -1664 256 ) (-448 -1472 256 ) (-256 -1664 256 ) 
4 1446 1450 (-448 -1472 256 ) (-448 -1664 256 ) (-448 -1664 768 ) (-448 -1472 768 ) 
4 1446 1447 (-255.998032 -1664 768 ) (-255.998047 -1664 256 ) (-448 -1471.998047 256 ) (-448 -1471.998047 768 ) 
5 1447 1458 (-448 -1472 256 ) (-448 -1280 256 ) (0 -1280 256 ) (0 -1664 256 ) (-256 -1664 256 ) 
4 1447 1456 (-448 -1280 768 ) (-448 -1280 256 ) (-448 -1472 256 ) (-448 -1472 768 ) 
4 1447 1449 (-256 -1664 256 ) (0 -1664 256 ) (0 -1664 768 ) (-256 -1664 768 ) 
4 1448 1489 (-384 -2048 256 ) (0 -2048 256 ) (0 -2048 768 ) (-384 -2048 768 ) 
5 1448 1464 (0 -2048 256 ) (-383.998016 -2048 256 ) (-298.664703 -1792 256 ) (-128 -1792 256 ) (0 -1920 256 ) 
4 1448 1462 (-287.997986 -1760 256 ) (-160 -1760 256 ) (-128 -1792 256 ) (-298.664673 -1792 256 ) 
3 1448 1460 (-255.998505 -1664.001465 256 ) (-160 -1760 256 ) (-287.997986 -1760 256 ) 
4 1448 1449 (0 -1920 256 ) (-255.998047 -1664.001953 256 ) (-255.998032 -1664.001953 768 ) (0 -1920 768 ) 
3 1449 1465 (0 -1792 256 ) (0 -1920 256 ) (-128 -1792 256 ) 
4 1449 1463 (0 -1760 256 ) (0 -1792 256 ) (-128 -1792 256 ) (-160 -1760 256 ) 
4 1449 1461 (-256 -1664 256 ) (0 -1664 256 ) (0 -1760 256 ) (-160 -1760 256 ) 
4 1450 1643 (-1024 -1568 288 ) (-1024 -1760 288 ) (-1024 -1760 416 ) (-1024 -1568 416 ) 
4 1450 1459 (-1024 -1760 256 ) (-1024 -1664 256 ) (-512 -1664 256 ) (-544 -1760 256 ) 
5 1450 1457 (-1024 -1664 256 ) (-1024 -1280 256 ) (-640 -1280 256 ) (-448 -1472 256 ) (-448 -1664 256 ) 
4 1450 1452 (-1024 -1760 256 ) (-448 -1760 256 ) (-448 -1760 672 ) (-1024 -1760 672 ) 
4 1450 1451 (-448 -1760 672 ) (-448 -1760 768 ) (-1024 -1760 768 ) (-1024 -1760 672 ) 
4 1450 1456 (-448 -1472 768 ) (-448 -1472 256 ) (-640 -1280 256 ) (-640 -1280 768 ) 
4 1451 1453 (-448 -1792 672 ) (-448 -1792 768 ) (-1024 -1792 768 ) (-1024 -1792 672 ) 
4 1451 1452 (-448 -1792 672 ) (-1024 -1792 672 ) (-1024 -1760 672 ) (-448 -1760 672 ) 
4 1452 1454 (-448 -1792 656 ) (-448 -1792 672 ) (-1024 -1792 672 ) (-1024 -1792 656 ) 
4 1452 1455 (-1024 -1792 256 ) (-448 -1792 256 ) (-448 -1792 656 ) (-1024 -1792 656 ) 
4 1453 1500 (-1024 -2048 768 ) (-1024 -2048 672 ) (-736 -2048 672 ) (-736 -2048 768 ) 
4 1453 1497 (-736 -2048 672 ) (-640 -2048 672 ) (-640 -2048 768 ) (-736 -2048 768 ) 
4 1453 1494 (-640 -2048 672 ) (-448 -2048 672 ) (-448 -2048 768 ) (-640 -2048 768 ) 
4 1453 1454 (-1024 -1792 672 ) (-448 -1792 672 ) (-448 -2048 672 ) (-1024 -2048 672 ) 
4 1454 1501 (-1024 -2048 672 ) (-1024 -2048 656 ) (-736 -2048 656 ) (-736 -2048 672 ) 
4 1454 1498 (-736 -2048 656 ) (-640 -2048 656 ) (-640 -2048 672 ) (-736 -2048 672 ) 
4 1454 1495 (-640 -2048 656 ) (-448 -2048 656 ) (-448 -2048 672 ) (-640 -2048 672 ) 
4 1454 1455 (-1024 -2048 656 ) (-1024 -1792 656 ) (-448 -1792 656 ) (-448 -2048 656 ) 
4 1455 1502 (-1024 -2048 656 ) (-1024 -2048 256 ) (-736 -2048 256 ) (-736 -2048 656 ) 
4 1455 1499 (-736 -2048 256 ) (-640 -2048 256 ) (-640 -2048 656 ) (-736 -2048 656 ) 
4 1455 1496 (-640 -2048 256 ) (-448 -2048 256 ) (-448 -2048 656 ) (-640 -2048 656 ) 
4 1455 1466 (-640 -2048 256 ) (-1024 -2048 256 ) (-1024 -1792 256 ) (-554.665649 -1792 256 ) 
3 1456 1458 (-640 -1280 256 ) (-448 -1280 256 ) (-448 -1472 256 ) 
4 1457 1459 (-1024 -1664 -128 ) (-512 -1664 -128 ) (-512 -1664 256 ) (-1024 -1664 256 ) 
4 1457 1458 (-255.998047 -1664 256 ) (-255.998062 -1664 -128 ) (-639.996094 -1280 -128 ) (-639.996094 -1280 256 ) 
4 1458 1461 (-256 -1664 -128 ) (0 -1664 -128 ) (0 -1664 256 ) (-256 -1664 256 ) 
4 1460 1462 (-287.997955 -1760 -128 ) (-160 -1760 -128 ) (-160 -1760 256 ) (-287.997955 -1760 256 ) 
4 1460 1461 (-160 -1760 256 ) (-160 -1760 -128 ) (-255.996094 -1664.003906 -128 ) (-255.996094 -1664.003906 256 ) 
4 1461 1463 (-160 -1760 -128 ) (0 -1760 -128 ) (0 -1760 256 ) (-160 -1760 256 ) 
4 1462 1464 (-298.664703 -1792 -128 ) (-128 -1792 -128 ) (-128 -1792 256 ) (-298.664673 -1792 256 ) 
4 1462 1463 (-128 -1792 256 ) (-128 -1792 -128 ) (-160 -1760 -128 ) (-160 -1760 256 ) 
4 1463 1465 (-128 -1792 -128 ) (0 -1792 -128 ) (0 -1792 256 ) (-128 -1792 256 ) 
4 1464 1489 (-383.997986 -2048 -128 ) (0 -2048 -128 ) (0 -2048 256 ) (-383.998016 -2048 256 ) 
4 1464 1465 (0 -1920 -128 ) (-128 -1792 -128 ) (-128 -1792 256 ) (0 -1920 256 ) 
4 1466 1663 (-1024 -2048 -128 ) (-1024 -2048 192 ) (-1024 -1792 192 ) (-1024 -1792 -128 ) 
4 1466 1502 (-1024 -2048 256 ) (-1024 -2048 -128 ) (-736 -2048 -128 ) (-736 -2048 256 ) 
4 1466 1499 (-736 -2048 -128 ) (-640 -2048 -128 ) (-640 -2048 256 ) (-736 -2048 256 ) 
4 1467 1728 (1024 -3072 768 ) (1024 -3072 2048 ) (0 -3072 2048 ) (0 -3072 768 ) 
4 1467 1488 (0 -2048 2048 ) (0 -2048 768 ) (0 -3072 768 ) (0 -3072 2048 ) 
4 1467 1480 (1024 -3072 768 ) (384 -3072 768 ) (384 -2816 768 ) (1024 -2816 768 ) 
3 1467 1477 (128 -2048 768 ) (256 -2048 768 ) (256 -2176 768 ) 
5 1467 1476 (0 -2816 768 ) (0 -2048 768 ) (128 -2048 768 ) (256 -2176 768 ) (256 -2816 768 ) 
3 1467 1474 (512 -2688 768 ) (512 -2816 768 ) (384 -2816 768 ) 
4 1467 1471 (256 -2048 768 ) (512 -2048 768 ) (512 -2432 768 ) (256 -2176 768 ) 
3 1467 1470 (512 -2432 768 ) (256 -2688 768 ) (256 -2176 768 ) 
4 1467 1468 (512 -2048 768 ) (1024 -2048 768 ) (1024 -2816 768 ) (512 -2816 768 ) 
4 1468 1480 (1024 -2816 96 ) (1024 -2816 768 ) (512 -2816 768 ) (512 -2816 96 ) 
4 1468 1474 (512 -2816 96 ) (512 -2816 768 ) (512 -2688 768 ) (512 -2688 96 ) 
4 1468 1471 (512 -2432 768 ) (512 -2048 768 ) (512 -2048 96 ) (512 -2432 96 ) 
4 1468 1469 (1024 -2816 96 ) (512 -2816 96 ) (512 -2048 96 ) (1024 -2048 96 ) 
4 1469 1482 (512 -2048 -16 ) (1024 -2048 -16 ) (1024 -2816 -16 ) (512 -2816 -16 ) 
4 1469 1481 (512 -2816 -16 ) (1024 -2816 -16 ) (1024 -2816 96 ) (512 -2816 96 ) 
4 1469 1475 (512 -2688 -16 ) (512 -2816 -16 ) (512 -2816 96 ) (512 -2688 96 ) 
4 1469 1473 (512 -2048 -16 ) (512 -2432 -16 ) (512 -2432 96 ) (512 -2048 96 ) 
4 1470 1476 (256 -2688 96 ) (256 -2688 768 ) (256 -2176 768 ) (256 -2176 96 ) 
3 1470 1472 (511.998016 -2431.998047 96 ) (256 -2687.996094 96 ) (256 -2176 96 ) 
4 1470 1471 (512 -2432 768 ) (512 -2432 96 ) (256 -2176 96 ) (256 -2176 768 ) 
4 1471 1477 (256 -2176 768 ) (256 -2048 768 ) (256 -2048 96 ) (256 -2176 96 ) 
5 1471 1473 (512 -2431.996094 96 ) (511.998016 -2431.998047 96 ) (256 -2176 96 ) (256 -2048 96 ) (512 -2048 96 ) 
3 1472 1483 (512 -2432 -16 ) (256 -2688 -16 ) (256 -2176 -16 ) 
4 1472 1478 (256 -2176 -16 ) (256 -2688 -16 ) (256 -2688 96 ) (256 -2176 96 ) 
4 1472 1473 (256 -2176 -16 ) (256 -2176 96 ) (512 -2432 96 ) (512 -2432 -16 ) 
4 1473 1486 (256 -2048 -16 ) (512 -2048 -16 ) (512 -2432 -16 ) (256 -2176 -16 ) 
4 1473 1479 (256 -2048 -16 ) (256 -2176 -16 ) (256 -2176 96 ) (256 -2048 96 ) 
4 1474 1480 (512 -2816 96 ) (512 -2816 768 ) (384 -2816 768 ) (384 -2816 96 ) 
3 1474 1475 (512 -2688 96 ) (512 -2816 96 ) (384 -2816 96 ) 
3 1475 1484 (512 -2688 -16 ) (512 -2816 -16 ) (384 -2816 -16 ) 
4 1475 1481 (384 -2816 -16 ) (512 -2816 -16 ) (512 -2816 96 ) (384 -2816 96 ) 
4 1476 1489 (0 -2048 768 ) (0 -2048 96 ) (0 -2816 96 ) (0 -2816 768 ) 
5 1476 1478 (256 -2176 96 ) (256 -2816 96 ) (0 -2816 96 ) (0 -2048 96 ) (128 -2048 96 ) 
4 1476 1477 (256 -2176 768 ) (256 -2176 96 ) (128 -2048 96 ) (128 -2048 768 ) 
3 1477 1479 (256 -2048 96 ) (256 -2176 96 ) (128 -2048 96 ) 
4 1478 1489 (0 -2048 96 ) (0 -2048 -16 ) (0 -2816 -16 ) (0 -2816 96 ) 
5 1478 1485 (0 -2048 -16 ) (128 -2048 -16 ) (256 -2176 -16 ) (256 -2816 -16 ) (0 -2816 -16 ) 
4 1478 1479 (127.996094 -2048 96 ) (256 -2176.003906 96 ) (256 -2176.003906 -16 ) (127.996109 -2048 -16 ) 
3 1479 1486 (128 -2048 -16 ) (256 -2048 -16 ) (256 -2176 -16 ) 
4 1480 1729 (1024 -3072 96 ) (1024 -3072 768 ) (384 -3072 768 ) (384 -3072 96 ) 
4 1480 1481 (1024 -3072 96 ) (384 -3072 96 ) (384 -2816 96 ) (1024 -2816 96 ) 
4 1481 1730 (1024 -3072 -16 ) (1024 -3072 96 ) (384 -3072 96 ) (384 -3072 -16 ) 
4 1481 1487 (512 -3072 -16 ) (384 -3072 -16 ) (384 -2816 -16 ) (512 -2816 -16 ) 
4 1481 1482 (1024 -2816 -16 ) (1024 -3072 -16 ) (512 -3072 -16 ) (512 -2816 -16 ) 
4 1482 1731 (1024 -3072 -128 ) (1024 -3072 -16 ) (512 -3072 -16 ) (512 -3072 -128 ) 
4 1482 1487 (512 -2816 -128 ) (512 -3072 -128 ) (512 -3072 -16 ) (512 -2816 -16 ) 
4 1482 1484 (512 -2688 -128 ) (512 -2816 -128 ) (512 -2816 -16 ) (512 -2688 -16 ) 
4 1482 1486 (512 -2048 -128 ) (512 -2432 -128 ) (512 -2432 -16 ) (512 -2048 -16 ) 
4 1483 1485 (256 -2176 -16 ) (256 -2176 -128 ) (256 -2688 -128 ) (256 -2688 -16 ) 
4 1483 1486 (512 -2432 -16 ) (512 -2432 -128 ) (256 -2176 -128 ) (256 -2176 -16 ) 
4 1484 1487 (384 -2816 -128 ) (512 -2816 -128 ) (512 -2816 -16 ) (384 -2816 -16 ) 
4 1485 1489 (0 -2048 -16 ) (0 -2048 -128 ) (0 -2816 -128 ) (0 -2816 -16 ) 
4 1485 1486 (256 -2176 -128 ) (128 -2048 -128 ) (128 -2048 -16 ) (256 -2176 -16 ) 
4 1487 1733 (512 -3072 -16 ) (384 -3072 -16 ) (384 -3072 -128 ) (512 -3072 -128 ) 
4 1488 1735 (-384 -3072 2048 ) (-1024 -3072 2048 ) (-1024 -3072 768 ) (-384 -3072 768 ) 
4 1488 1734 (0 -3072 768 ) (0 -3072 2048 ) (-384 -3072 2048 ) (-384 -3072 768 ) 
4 1488 1704 (-1024 -3072 768 ) (-1024 -3072 2048 ) (-1024 -2304 2048 ) (-1024 -2304 768 ) 
4 1488 1684 (-1024 -2304 2048 ) (-1024 -2048 2048 ) (-1024 -2048 768 ) (-1024 -2304 768 ) 
4 1488 1516 (-1024 -3072 768 ) (-1024 -2848 768 ) (-736 -2848 768 ) (-736 -3072 768 ) 
4 1488 1515 (-672 -2912 768 ) (-672 -3072 768 ) (-736 -3072 768 ) (-736 -2912 768 ) 
4 1488 1514 (-448 -2912 768 ) (-448 -3072 768 ) (-672 -3072 768 ) (-672 -2912 768 ) 
4 1488 1511 (-1024 -2848 768 ) (-1024 -2304 768 ) (-736 -2304 768 ) (-736 -2848 768 ) 
4 1488 1503 (-1024 -2304 768 ) (-1024 -2240 768 ) (-736 -2240 768 ) (-736 -2304 768 ) 
4 1488 1500 (-1024 -2240 768 ) (-1024 -2048 768 ) (-736 -2048 768 ) (-736 -2240 768 ) 
4 1488 1497 (-736 -2048 768 ) (-640 -2048 768 ) (-640 -2240 768 ) (-736 -2240 768 ) 
4 1488 1494 (-640 -2048 768 ) (-448 -2048 768 ) (-448 -2240 768 ) (-640 -2240 768 ) 
4 1488 1493 (-384 -2848 768 ) (-384 -3072 768 ) (-448 -3072 768 ) (-448 -2848 768 ) 
4 1488 1492 (-384 -2816 768 ) (-384 -2848 768 ) (-448 -2848 768 ) (-448 -2816 768 ) 
4 1488 1489 (-384 -2048 768 ) (0 -2048 768 ) (0 -2816 768 ) (-384 -2816 768 ) 
4 1489 1490 (-384 -2368 704 ) (-384 -2368 448 ) (-384 -2688 448 ) (-384 -2688 704 ) 
4 1490 1491 (-416 -2368 448 ) (-416 -2688 448 ) (-416 -2688 704 ) (-416 -2368 704 ) 
4 1491 1506 (-448 -2688 448 ) (-448 -2688 704 ) (-448 -2368 704 ) (-448 -2368 448 ) 
4 1492 1493 (-448 -2848 768 ) (-448 -2848 672 ) (-384 -2848 672 ) (-384 -2848 768 ) 
4 1493 1735 (-384 -3072 672 ) (-384 -3072 768 ) (-448 -3072 768 ) (-448 -3072 672 ) 
4 1493 1514 (-448 -3072 672 ) (-448 -3072 768 ) (-448 -2912 768 ) (-448 -2912 672 ) 
4 1494 1497 (-640 -2240 672 ) (-640 -2240 768 ) (-640 -2048 768 ) (-640 -2048 672 ) 
4 1494 1495 (-448 -2240 672 ) (-640 -2240 672 ) (-640 -2048 672 ) (-448 -2048 672 ) 
4 1495 1498 (-640 -2240 656 ) (-640 -2240 672 ) (-640 -2048 672 ) (-640 -2048 656 ) 
4 1495 1496 (-448 -2240 656 ) (-640 -2240 656 ) (-640 -2048 656 ) (-448 -2048 656 ) 
4 1496 1499 (-640 -2240 256 ) (-640 -2240 656 ) (-640 -2048 656 ) (-640 -2048 256 ) 
4 1497 1500 (-736 -2240 672 ) (-736 -2240 768 ) (-736 -2048 768 ) (-736 -2048 672 ) 
4 1497 1498 (-640 -2048 672 ) (-640 -2240 672 ) (-736 -2240 672 ) (-736 -2048 672 ) 
4 1498 1501 (-736 -2240 656 ) (-736 -2240 672 ) (-736 -2048 672 ) (-736 -2048 656 ) 
4 1498 1499 (-640 -2048 656 ) (-640 -2240 656 ) (-736 -2240 656 ) (-736 -2048 656 ) 
4 1499 1502 (-736 -2048 -128 ) (-736 -2240 -128 ) (-736 -2240 656 ) (-736 -2048 656 ) 
4 1500 1684 (-1024 -2240 768 ) (-1024 -2048 768 ) (-1024 -2048 672 ) (-1024 -2240 672 ) 
4 1500 1503 (-736 -2240 672 ) (-736 -2240 768 ) (-1024 -2240 768 ) (-1024 -2240 672 ) 
4 1500 1501 (-736 -2240 672 ) (-1024 -2240 672 ) (-1024 -2048 672 ) (-736 -2048 672 ) 
4 1501 1688 (-1024 -2048 672 ) (-1024 -2048 656 ) (-1024 -2240 656 ) (-1024 -2240 672 ) 
4 1501 1504 (-736 -2240 656 ) (-736 -2240 672 ) (-1024 -2240 672 ) (-1024 -2240 656 ) 
4 1501 1502 (-736 -2240 656 ) (-1024 -2240 656 ) (-1024 -2048 656 ) (-736 -2048 656 ) 
4 1502 1703 (-1024 -2048 256 ) (-1024 -2048 -128 ) (-1024 -2240 -128 ) (-1024 -2240 256 ) 
4 1502 1699 (-1024 -2048 464 ) (-1024 -2048 256 ) (-1024 -2240 256 ) (-1024 -2240 464 ) 
4 1502 1696 (-1024 -2048 480 ) (-1024 -2048 464 ) (-1024 -2240 464 ) (-1024 -2240 480 ) 
4 1502 1692 (-1024 -2048 656 ) (-1024 -2048 480 ) (-1024 -2240 480 ) (-1024 -2240 656 ) 
4 1502 1505 (-1024 -2240 -128 ) (-736 -2240 -128 ) (-736 -2240 656 ) (-1024 -2240 656 ) 
4 1503 1684 (-1024 -2304 768 ) (-1024 -2240 768 ) (-1024 -2240 672 ) (-1024 -2304 672 ) 
4 1503 1511 (-736 -2304 672 ) (-736 -2304 768 ) (-1024 -2304 768 ) (-1024 -2304 672 ) 
4 1503 1504 (-1024 -2240 672 ) (-736 -2240 672 ) (-736 -2304 672 ) (-1024 -2304 672 ) 
4 1504 1689 (-1024 -2240 672 ) (-1024 -2240 656 ) (-1024 -2304 656 ) (-1024 -2304 672 ) 
4 1504 1512 (-736 -2304 656 ) (-736 -2304 672 ) (-1024 -2304 672 ) (-1024 -2304 656 ) 
4 1504 1505 (-1024 -2240 656 ) (-736 -2240 656 ) (-736 -2304 656 ) (-1024 -2304 656 ) 
4 1505 1703 (-1024 -2240 256 ) (-1024 -2240 -128 ) (-1024 -2304 -128 ) (-1024 -2304 256 ) 
4 1505 1699 (-1024 -2240 464 ) (-1024 -2240 256 ) (-1024 -2304 256 ) (-1024 -2304 464 ) 
4 1505 1696 (-1024 -2240 480 ) (-1024 -2240 464 ) (-1024 -2304 464 ) (-1024 -2304 480 ) 
4 1505 1692 (-1024 -2240 656 ) (-1024 -2240 480 ) (-1024 -2304 480 ) (-1024 -2304 656 ) 
4 1505 1513 (-1024 -2304 -128 ) (-736 -2304 -128 ) (-736 -2304 656 ) (-1024 -2304 656 ) 
4 1506 1508 (-640 -2624 256 ) (-640 -2688 256 ) (-640 -2688 288 ) (-640 -2624 288 ) 
4 1506 1507 (-640 -2304 704 ) (-640 -2304 288 ) (-640 -2688 288 ) (-640 -2688 704 ) 
4 1507 1509 (-672 -2304 592 ) (-672 -2304 288 ) (-672 -2624 288 ) (-672 -2624 592 ) 
4 1507 1508 (-640 -2688 288 ) (-672 -2688 288 ) (-672 -2624 288 ) (-640 -2624 288 ) 
4 1509 1510 (-704 -2304 288 ) (-704 -2624 288 ) (-704 -2624 592 ) (-704 -2304 592 ) 
4 1510 1513 (-736 -2304 592 ) (-736 -2304 288 ) (-736 -2624 288 ) (-736 -2624 592 ) 
4 1511 1704 (-1024 -2848 768 ) (-1024 -2304 768 ) (-1024 -2304 672 ) (-1024 -2848 672 ) 
4 1511 1516 (-736 -2848 672 ) (-736 -2848 768 ) (-1024 -2848 768 ) (-1024 -2848 672 ) 
4 1511 1512 (-1024 -2304 672 ) (-736 -2304 672 ) (-736 -2848 672 ) (-1024 -2848 672 ) 
4 1512 1708 (-1024 -2304 672 ) (-1024 -2304 656 ) (-1024 -2848 656 ) (-1024 -2848 672 ) 
4 1512 1513 (-1024 -2304 656 ) (-736 -2304 656 ) (-736 -2848 656 ) (-1024 -2848 656 ) 
4 1513 1724 (-1024 -2304 288 ) (-1024 -2304 -128 ) (-1024 -2848 -128 ) (-1024 -2848 288 ) 
4 1513 1721 (-1024 -2832 288 ) (-1024 -2848 288 ) (-1024 -2848 480 ) (-1024 -2832 480 ) 
4 1513 1719 (-1024 -2336 288 ) (-1024 -2832 288 ) (-1024 -2832 480 ) (-1024 -2336 480 ) 
4 1513 1717 (-1024 -2304 480 ) (-1024 -2304 288 ) (-1024 -2336 288 ) (-1024 -2336 480 ) 
4 1513 1713 (-1024 -2336 480 ) (-1024 -2848 480 ) (-1024 -2848 656 ) (-1024 -2336 656 ) 
4 1513 1711 (-1024 -2304 656 ) (-1024 -2304 480 ) (-1024 -2336 480 ) (-1024 -2336 656 ) 
4 1514 1735 (-448 -3072 768 ) (-672 -3072 768 ) (-672 -3072 672 ) (-448 -3072 672 ) 
4 1514 1515 (-672 -3072 672 ) (-672 -3072 768 ) (-672 -2912 768 ) (-672 -2912 672 ) 
4 1515 1735 (-672 -3072 768 ) (-736 -3072 768 ) (-736 -3072 672 ) (-672 -3072 672 ) 
4 1515 1516 (-736 -3072 672 ) (-736 -3072 768 ) (-736 -2912 768 ) (-736 -2912 672 ) 
4 1516 1735 (-736 -3072 768 ) (-1024 -3072 768 ) (-1024 -3072 672 ) (-736 -3072 672 ) 
4 1516 1704 (-1024 -3072 672 ) (-1024 -3072 768 ) (-1024 -2848 768 ) (-1024 -2848 672 ) 
4 1517 1518 (-1024 -256 768 ) (-1088 -256 768 ) (-1088 0 768 ) (-1024 0 768 ) 
4 1518 1544 (-1088 0 672 ) (-1024 0 672 ) (-1024 -256 672 ) (-1088 -256 672 ) 
4 1519 1545 (-1680 -16 672 ) (-1680 -112 672 ) (-1776 -112 672 ) (-1776 -16 672 ) 
4 1520 1620 (-2016 -1024 864 ) (-2016 -1024 848 ) (-1888 -1024 848 ) (-1888 -1024 864 ) 
4 1520 1619 (-1888 -1024 848 ) (-1408 -1024 848 ) (-1408 -1024 864 ) (-1888 -1024 864 ) 
4 1520 1543 (-1536 -1024 848 ) (-2016 -1024 848 ) (-2016 -544 848 ) (-1536 -544 848 ) 
4 1520 1542 (-1408 -1024 848 ) (-1536 -1024 848 ) (-1536 -544 848 ) (-1408 -544 848 ) 
4 1521 1522 (-1200 -288 848 ) (-1200 -288 672 ) (-1200 -448 672 ) (-1200 -448 848 ) 
4 1522 1523 (-1216 -288 848 ) (-1216 -288 672 ) (-1216 -448 672 ) (-1216 -448 848 ) 
4 1523 1540 (-1408 -448 848 ) (-1408 -288 848 ) (-1408 -288 672 ) (-1408 -448 672 ) 
4 1523 1524 (-1392 -448 672 ) (-1216 -448 672 ) (-1216 -448 848 ) (-1392 -448 848 ) 
4 1524 1527 (-1392 -480 848 ) (-1392 -480 672 ) (-1216 -480 672 ) (-1216 -480 848 ) 
4 1525 1528 (-1040 -560 672 ) (-1024 -560 672 ) (-1024 -560 848 ) (-1040 -560 848 ) 
4 1525 1526 (-1040 -480 848 ) (-1040 -480 672 ) (-1040 -560 672 ) (-1040 -560 848 ) 
4 1526 1529 (-1056 -560 672 ) (-1040 -560 672 ) (-1040 -560 848 ) (-1056 -560 848 ) 
4 1526 1527 (-1056 -480 848 ) (-1056 -480 672 ) (-1056 -560 672 ) (-1056 -560 848 ) 
4 1527 1539 (-1392 -560 672 ) (-1248 -560 672 ) (-1248 -560 704 ) (-1392 -560 704 ) 
4 1527 1533 (-1248 -560 704 ) (-1248 -560 832 ) (-1392 -560 832 ) (-1392 -560 704 ) 
4 1527 1532 (-1248 -560 832 ) (-1248 -560 848 ) (-1392 -560 848 ) (-1392 -560 832 ) 
4 1527 1530 (-1248 -560 672 ) (-1056 -560 672 ) (-1056 -560 848 ) (-1248 -560 848 ) 
4 1528 1529 (-1040 -560 848 ) (-1040 -560 672 ) (-1040 -768 672 ) (-1040 -768 848 ) 
4 1529 1530 (-1056 -560 848 ) (-1056 -560 672 ) (-1056 -768 672 ) (-1056 -768 848 ) 
4 1530 1562 (-1056 -768 672 ) (-1216 -768 672 ) (-1216 -640 672 ) (-1056 -640 672 ) 
4 1530 1539 (-1248 -560 704 ) (-1248 -560 672 ) (-1248 -768 672 ) (-1248 -768 704 ) 
4 1530 1533 (-1248 -560 832 ) (-1248 -560 704 ) (-1248 -768 704 ) (-1248 -768 832 ) 
4 1530 1532 (-1248 -560 848 ) (-1248 -560 832 ) (-1248 -768 832 ) (-1248 -768 848 ) 
4 1530 1531 (-1216 -768 672 ) (-1056 -768 672 ) (-1056 -768 848 ) (-1216 -768 848 ) 
4 1531 1562 (-1056 -992 672 ) (-1216 -992 672 ) (-1216 -768 672 ) (-1056 -768 672 ) 
4 1532 1533 (-1392 -560 832 ) (-1248 -560 832 ) (-1248 -1008 832 ) (-1392 -1008 832 ) 
4 1533 1539 (-1392 -560 704 ) (-1248 -560 704 ) (-1248 -1008 704 ) (-1392 -1008 704 ) 
4 1533 1535 (-1396 -560 704 ) (-1396 -1012 704 ) (-1396 -1012 832 ) (-1396 -560 832 ) 
4 1533 1534 (-1396 -1012 832 ) (-1396 -1012 704 ) (-1248 -1012 704 ) (-1248 -1012 832 ) 
4 1534 1536 (-1396 -1012 704 ) (-1396 -1020 704 ) (-1396 -1020 832 ) (-1396 -1012 832 ) 
4 1534 1538 (-1396 -1020 704 ) (-1248 -1020 704 ) (-1248 -1020 832 ) (-1396 -1020 832 ) 
4 1535 1537 (-1404 -560 704 ) (-1404 -1020 704 ) (-1404 -1020 832 ) (-1404 -560 832 ) 
4 1535 1536 (-1404 -1020 832 ) (-1404 -1020 704 ) (-1396 -1012 704 ) (-1396 -1012 832 ) 
4 1536 1538 (-1404 -1020 704 ) (-1396 -1020 704 ) (-1396 -1020 832 ) (-1404 -1020 832 ) 
4 1537 1542 (-1408 -560 832 ) (-1408 -560 704 ) (-1408 -1020 704 ) (-1408 -1020 832 ) 
4 1537 1538 (-1408 -1020 704 ) (-1404 -1020 704 ) (-1404 -1020 832 ) (-1408 -1020 832 ) 
4 1538 1619 (-1408 -1024 832 ) (-1408 -1024 704 ) (-1248 -1024 704 ) (-1248 -1024 832 ) 
4 1538 1542 (-1408 -1020 704 ) (-1408 -1024 704 ) (-1408 -1024 832 ) (-1408 -1020 832 ) 
4 1540 1541 (-1536 -512 800 ) (-1536 -512 672 ) (-1408 -512 672 ) (-1408 -512 800 ) 
4 1541 1542 (-1536 -544 800 ) (-1536 -544 672 ) (-1408 -544 672 ) (-1408 -544 800 ) 
4 1542 1619 (-1408 -1024 848 ) (-1536 -1024 848 ) (-1536 -1024 672 ) (-1408 -1024 672 ) 
4 1542 1568 (-1408 -672 672 ) (-1408 -1024 672 ) (-1536 -1024 672 ) (-1536 -672 672 ) 
4 1542 1543 (-1536 -1024 848 ) (-1536 -544 848 ) (-1536 -544 672 ) (-1536 -1024 672 ) 
4 1543 1620 (-1888 -1024 848 ) (-2016 -1024 848 ) (-2016 -1024 672 ) (-1888 -1024 672 ) 
4 1543 1619 (-1536 -1024 848 ) (-1888 -1024 848 ) (-1888 -1024 672 ) (-1536 -1024 672 ) 
4 1543 1568 (-1536 -672 672 ) (-1536 -1024 672 ) (-2016 -1024 672 ) (-2016 -672 672 ) 
4 1545 1553 (-1680 -16 576 ) (-1680 -112 576 ) (-1776 -112 576 ) (-1776 -16 576 ) 
4 1546 1564 (-1216 -416 656 ) (-1248 -416 656 ) (-1248 -416 576 ) (-1216 -416 576 ) 
4 1546 1565 (-1248 -416 656 ) (-1408 -416 656 ) (-1408 -416 576 ) (-1248 -416 576 ) 
4 1546 1561 (-1024 -416 576 ) (-1024 -416 656 ) (-1216 -416 656 ) (-1216 -416 576 ) 
4 1546 1559 (-1024 -416 576 ) (-1504 -416 576 ) (-1504 -400 576 ) (-1024 -400 576 ) 
4 1546 1549 (-1504 -400 576 ) (-1504 -304 576 ) (-1280 -304 576 ) (-1280 -400 576 ) 
4 1546 1548 (-1504 -304 576 ) (-1504 -288 576 ) (-1280 -288 576 ) (-1280 -304 576 ) 
4 1546 1547 (-1280 -288 576 ) (-1024 -288 576 ) (-1024 -400 576 ) (-1280 -400 576 ) 
4 1547 1559 (-1280 -400 480 ) (-1024 -400 480 ) (-1024 -400 576 ) (-1280 -400 576 ) 
4 1547 1549 (-1280 -304 480 ) (-1280 -400 480 ) (-1280 -400 576 ) (-1280 -304 576 ) 
4 1547 1548 (-1280 -288 480 ) (-1280 -304 480 ) (-1280 -304 576 ) (-1280 -288 576 ) 
4 1548 1549 (-1504 -304 480 ) (-1280 -304 480 ) (-1280 -304 576 ) (-1504 -304 576 ) 
4 1549 1559 (-1504 -400 480 ) (-1280 -400 480 ) (-1280 -400 576 ) (-1504 -400 576 ) 
4 1549 1550 (-1504 -304 576 ) (-1504 -304 480 ) (-1504 -400 480 ) (-1504 -400 576 ) 
4 1550 1551 (-1536 -304 576 ) (-1536 -304 480 ) (-1536 -400 480 ) (-1536 -400 576 ) 
4 1551 1560 (-1680 -400 480 ) (-1616 -400 480 ) (-1616 -400 576 ) (-1680 -400 576 ) 
4 1551 1554 (-1680 -304 480 ) (-1680 -400 480 ) (-1680 -400 576 ) (-1680 -304 576 ) 
4 1552 1553 (-1904 -16 576 ) (-1904 -16 480 ) (-1808 -16 480 ) (-1808 -16 576 ) 
4 1553 1558 (-1904 -16 480 ) (-1904 -112 480 ) (-1904 -112 576 ) (-1904 -16 576 ) 
4 1553 1556 (-1904 -112 576 ) (-1904 -112 480 ) (-1808 -112 480 ) (-1808 -112 576 ) 
4 1554 1560 (-1712 -400 480 ) (-1680 -400 480 ) (-1680 -400 576 ) (-1712 -400 576 ) 
4 1554 1555 (-1808 -304.001984 576 ) (-1808 -304.001984 480 ) (-1712.001953 -400 480 ) (-1712.001953 -400 576 ) 
4 1555 1557 (-1808 -304 480 ) (-1808 -400 480 ) (-1808 -400 576 ) (-1808 -304 576 ) 
4 1556 1557 (-1904 -207.998032 576 ) (-1904 -207.998032 480 ) (-1808 -303.998016 480 ) (-1808 -303.998016 576 ) 
4 1558 1572 (-2032 -16 480 ) (-1936 -16 480 ) (-1936 -112 480 ) (-2032 -112 480 ) 
4 1559 1564 (-1248 -416 480 ) (-1216 -416 480 ) (-1216 -416 576 ) (-1248 -416 576 ) 
4 1559 1565 (-1408 -416 480 ) (-1248 -416 480 ) (-1248 -416 576 ) (-1408 -416 576 ) 
4 1559 1561 (-1216 -416 480 ) (-1024 -416 480 ) (-1024 -416 576 ) (-1216 -416 576 ) 
4 1560 1566 (-1712 -416 480 ) (-1616 -416 480 ) (-1616 -416 576 ) (-1712 -416 576 ) 
4 1561 1564 (-1216 -416 656 ) (-1216 -416 480 ) (-1216 -608 480 ) (-1216 -608 656 ) 
4 1562 1563 (-1216 -992 640 ) (-1216 -992 496 ) (-1056 -992 496 ) (-1056 -992 640 ) 
4 1563 1621 (-1216 -1024 640 ) (-1216 -1024 480 ) (-1056 -1024 480 ) (-1056 -1024 640 ) 
4 1564 1565 (-1248 -608 656 ) (-1248 -416 656 ) (-1248 -416 480 ) (-1248 -608 480 ) 
4 1565 1621 (-1408 -1024 640 ) (-1408 -1024 480 ) (-1248 -1024 480 ) (-1248 -1024 640 ) 
4 1565 1619 (-1408 -1024 656 ) (-1408 -1024 640 ) (-1248 -1024 640 ) (-1248 -1024 656 ) 
4 1565 1569 (-1408 -544 480 ) (-1408 -1024 480 ) (-1408 -1024 656 ) (-1408 -544 656 ) 
4 1566 1567 (-1712 -512 576 ) (-1712 -512 480 ) (-1616 -512 480 ) (-1616 -512 576 ) 
4 1567 1569 (-1712 -544 480 ) (-1616 -544 480 ) (-1616 -544 576 ) (-1712 -544 576 ) 
4 1568 1620 (-1888 -1024 672 ) (-2016 -1024 672 ) (-2016 -1024 656 ) (-1888 -1024 656 ) 
4 1568 1619 (-1408 -1024 672 ) (-1888 -1024 672 ) (-1888 -1024 656 ) (-1408 -1024 656 ) 
4 1568 1569 (-1408 -672 656 ) (-1408 -1024 656 ) (-2016 -1024 656 ) (-2016 -672 656 ) 
4 1569 1629 (-2016 -1024 480 ) (-1904 -1024 480 ) (-1904 -1024 512 ) (-2016 -1024 512 ) 
4 1569 1628 (-1904 -1024 480 ) (-1888 -1024 480 ) (-1888 -1024 512 ) (-1904 -1024 512 ) 
4 1569 1623 (-1892 -1024 640 ) (-2016 -1024 640 ) (-2016 -1024 512 ) (-1892 -1024 512 ) 
4 1569 1622 (-1888 -1024 512 ) (-1888 -1024 640 ) (-1892 -1024 640 ) (-1892 -1024 512 ) 
4 1569 1621 (-1888 -1024 480 ) (-1408 -1024 480 ) (-1408 -1024 640 ) (-1888 -1024 640 ) 
4 1569 1620 (-1888 -1024 656 ) (-2016 -1024 656 ) (-2016 -1024 640 ) (-1888 -1024 640 ) 
4 1569 1619 (-1408 -1024 640 ) (-1408 -1024 656 ) (-1888 -1024 656 ) (-1888 -1024 640 ) 
4 1569 1594 (-1728 -1024 480 ) (-2016 -1024 480 ) (-2016 -544 480 ) (-1728 -544 480 ) 
4 1569 1593 (-1600 -1024 480 ) (-1728 -1024 480 ) (-1728 -544 480 ) (-1600 -544 480 ) 
4 1569 1591 (-1408 -1024 480 ) (-1600 -1024 480 ) (-1600 -544 480 ) (-1408 -544 480 ) 
4 1570 1582 (-1920 0 320 ) (-1408 0 320 ) (-1408 -256 320 ) (-1920 -256 320 ) 
4 1570 1571 (-1920 -128 320 ) (-1920 -256 320 ) (-1920 -256 384 ) (-1920 -128 384 ) 
4 1571 1582 (-1920 -128 320 ) (-1920 -256 320 ) (-1936 -256 320 ) (-1936 -128 320 ) 
4 1571 1575 (-1936 -128 320 ) (-1936 -256 320 ) (-1936 -256 384 ) (-1936 -128 384 ) 
3 1572 1574 (-2032 -112 464 ) (-2032 -16 464 ) (-1936 -16 464 ) 
3 1572 1573 (-1936 -112 464 ) (-2032 -112 464 ) (-1936 -16 464 ) 
3 1573 1582 (-1936 -16 320 ) (-1936 -112 320 ) (-2032 -112 320 ) 
4 1573 1574 (-2032 -112 320 ) (-2032 -112 464 ) (-1936 -16 464 ) (-1936 -16 320 ) 
3 1574 1583 (-2032 -16 320 ) (-1936 -16 320 ) (-2032 -112 320 ) 
4 1575 1604 (-2048 -128 320 ) (-2048 -256 320 ) (-2048 -256 384 ) (-2048 -128 384 ) 
4 1575 1582 (-2048 -256 320 ) (-2048 -128 320 ) (-1936 -128 320 ) (-1936 -256 320 ) 
4 1576 1577 (-1152 0 0 ) (-1152 -64 0 ) (-1152 -64 320 ) (-1152 0 320 ) 
4 1577 1579 (-1184 0 0 ) (-1184 -64 0 ) (-1184 -64 192 ) (-1184 0 192 ) 
4 1577 1578 (-1184 -64 192 ) (-1184 -64 320 ) (-1184 0 320 ) (-1184 0 192 ) 
4 1578 1581 (-1376 -64 320 ) (-1376 0 320 ) (-1376 0 192 ) (-1376 -64 192 ) 
4 1578 1579 (-1376 -128 192 ) (-1376 0 192 ) (-1184 0 192 ) (-1184 -128 192 ) 
4 1579 1581 (-1376 -64 192 ) (-1376 0 192 ) (-1376 0 64 ) (-1376 -64 64 ) 
4 1579 1580 (-1376 -256 0 ) (-1184 -256 0 ) (-1184 -256 192 ) (-1376 -256 192 ) 
4 1580 1598 (-1376 -288 192 ) (-1376 -288 48 ) (-1184 -288 48 ) (-1184 -288 192 ) 
4 1581 1582 (-1408 0 64 ) (-1408 -64 64 ) (-1408 -64 320 ) (-1408 0 320 ) 
4 1582 1604 (-2048 -128 64 ) (-2048 -256 64 ) (-2048 -256 320 ) (-2048 -128 320 ) 
4 1582 1583 (-1920 0 64 ) (-2048 -128 64 ) (-2048 -128 320 ) (-1920 0 320 ) 
4 1583 1606 (-2048 0 320 ) (-2048 0 64 ) (-2048 -128 64 ) (-2048 -128 320 ) 
4 1584 1596 (-1208 -288 288 ) (-1024 -288 288 ) (-1024 -416 288 ) (-1208 -416 288 ) 
4 1584 1586 (-1208 -416 288 ) (-1024 -416 288 ) (-1024 -416 416 ) (-1208 -416 416 ) 
4 1584 1585 (-1024 -416 416 ) (-1024 -416 448 ) (-1208 -416 448 ) (-1208 -416 416 ) 
4 1585 1586 (-1024 -544 416 ) (-1208 -544 416 ) (-1208 -416 416 ) (-1024 -416 416 ) 
4 1586 1597 (-1208 -416 288 ) (-1024 -416 288 ) (-1024 -544 288 ) (-1208 -544 288 ) 
4 1586 1587 (-1232 -544 288 ) (-1232 -544 416 ) (-1232 -416 416 ) (-1232 -416 288 ) 
4 1587 1590 (-1248 -512 288 ) (-1248 -544 288 ) (-1248 -544 416 ) (-1248 -512 416 ) 
4 1587 1588 (-1248 -416 288 ) (-1248 -512 288 ) (-1248 -512 416 ) (-1248 -416 416 ) 
4 1588 1590 (-1408 -512 288 ) (-1248 -512 288 ) (-1248 -512 464 ) (-1408 -512 464 ) 
4 1589 1592 (-1728 -512 288 ) (-1600 -512 288 ) (-1600 -512 432 ) (-1728 -512 432 ) 
4 1590 1645 (-1408 -1024 464 ) (-1408 -1024 288 ) (-1248 -1024 288 ) (-1248 -1024 464 ) 
4 1590 1591 (-1408 -544 288 ) (-1408 -1024 288 ) (-1408 -1024 464 ) (-1408 -544 464 ) 
4 1591 1645 (-1600 -1024 464 ) (-1600 -1024 288 ) (-1408 -1024 288 ) (-1408 -1024 464 ) 
4 1591 1640 (-1408 -1024 480 ) (-1600 -1024 480 ) (-1600 -1024 464 ) (-1408 -1024 464 ) 
4 1591 1593 (-1600 -544 288 ) (-1600 -1024 288 ) (-1600 -1024 480 ) (-1600 -544 480 ) 
4 1592 1593 (-1728 -544 432 ) (-1728 -544 288 ) (-1600 -544 288 ) (-1600 -544 432 ) 
4 1593 1645 (-1728 -1024 464 ) (-1728 -1024 288 ) (-1600 -1024 288 ) (-1600 -1024 464 ) 
4 1593 1640 (-1600 -1024 480 ) (-1728 -1024 480 ) (-1728 -1024 464 ) (-1600 -1024 464 ) 
4 1593 1594 (-1728 -544 288 ) (-1728 -1024 288 ) (-1728 -1024 480 ) (-1728 -544 480 ) 
4 1594 1646 (-2016 -1024 464 ) (-2016 -1024 288 ) (-1888 -1024 288 ) (-1888 -1024 464 ) 
4 1594 1645 (-1888 -1024 288 ) (-1728 -1024 288 ) (-1728 -1024 464 ) (-1888 -1024 464 ) 
4 1594 1641 (-1904 -1024 480 ) (-2016 -1024 480 ) (-2016 -1024 464 ) (-1904 -1024 464 ) 
4 1594 1640 (-1728 -1024 480 ) (-1904 -1024 480 ) (-1904 -1024 464 ) (-1728 -1024 464 ) 
4 1594 1595 (-2016 -672 288 ) (-2016 -864 288 ) (-2016 -864 416 ) (-2016 -672 416 ) 
4 1595 1618 (-2048 -672 416 ) (-2048 -672 288 ) (-2048 -864 288 ) (-2048 -864 416 ) 
4 1596 1598 (-1208 -288 256 ) (-1024 -288 256 ) (-1024 -416 256 ) (-1208 -416 256 ) 
4 1596 1597 (-1208 -416 256 ) (-1024 -416 256 ) (-1024 -416 288 ) (-1208 -416 288 ) 
4 1597 1599 (-1024 -416 256 ) (-1024 -544 256 ) (-1208 -544 256 ) (-1208 -416 256 ) 
5 1598 1599 (-1376 -416 256 ) (-1376 -416 48 ) (-1168 -416 48 ) (-1024 -416 141.598236 ) (-1024 -416 256 ) 
4 1600 1618 (-2048 -640 512 ) (-2048 -640 2048 ) (-2816 -640 2048 ) (-2816 -640 512 ) 
4 1600 1601 (-2816 -384 512 ) (-2816 -640 512 ) (-2816 -640 2048 ) (-2816 -384 2048 ) 
4 1601 1744 (-3072 -128 512 ) (-3072 -640 512 ) (-3072 -640 2048 ) (-3072 -128 2048 ) 
4 1601 1618 (-2816 -640 2048 ) (-3072 -640 2048 ) (-3072 -640 512 ) (-2816 -640 512 ) 
4 1601 1602 (-2816 -640 512 ) (-3072 -640 512 ) (-3072 -128 512 ) (-2816 -128 512 ) 
4 1602 1744 (-3072 -128 464 ) (-3072 -640 464 ) (-3072 -640 512 ) (-3072 -128 512 ) 
4 1602 1618 (-2816 -640 512 ) (-3072 -640 512 ) (-3072 -640 464 ) (-2816 -640 464 ) 
4 1602 1615 (-2816 -640 464 ) (-3072 -640 464 ) (-3072 -608 464 ) (-2816 -608 464 ) 
4 1602 1613 (-3072 -608 464 ) (-3072 -128 464 ) (-2816 -128 464 ) (-2816 -608 464 ) 
4 1603 1616 (-2592 0 256 ) (-2592 0 192 ) (-2592 -38.001019 192 ) (-2592 -38.001526 256 ) 
4 1603 1612 (-2592 0 368 ) (-2592 0 256 ) (-2592 -38.001526 256 ) (-2592 -38.002415 368 ) 
4 1604 1606 (-2048 -128 64 ) (-2176 -256 64 ) (-2176 -256 464 ) (-2048 -128 464 ) 
4 1605 1608 (-2304 -608 240 ) (-2304 -608 256 ) (-2528 -608 256 ) (-2528 -608 240 ) 
4 1605 1607 (-2304 -608 256 ) (-2304 -608 464 ) (-2528 -608 464 ) (-2528 -608 256 ) 
4 1605 1606 (-2176 -256 64 ) (-2528 -608 64 ) (-2528 -608 464 ) (-2176 -256 464 ) 
4 1606 1610 (-2528 -608 240 ) (-2528 -608 256 ) (-2560 -608 256 ) (-2560 -608 240 ) 
4 1606 1609 (-2528 -608 256 ) (-2528 -608 464 ) (-2560 -608 464 ) (-2560 -608 256 ) 
4 1607 1618 (-2304 -640 464 ) (-2560 -640 464 ) (-2560 -640 256 ) (-2304 -640 256 ) 
4 1607 1609 (-2528 -608 464 ) (-2528 -608 256 ) (-2560 -640 256 ) (-2560 -640 464 ) 
5 1607 1608 (-2560 -640 256 ) (-2560 -639.996094 256 ) (-2528.003906 -608 256 ) (-2304 -608 256 ) (-2304 -640 256 ) 
4 1608 1610 (-2528 -608 256 ) (-2528 -608 240 ) (-2560 -640 240 ) (-2560 -640 256 ) 
3 1609 1610 (-2528 -608 256 ) (-2560 -640 256 ) (-2560 -608 256 ) 
4 1610 1611 (-2560 -608 256 ) (-2560 -608 240 ) (-2560 -640 240 ) (-2560 -640 256 ) 
4 1612 1616 (-2592 0 256 ) (-2592 -512 256 ) (-2688 -512 256 ) (-2688 0 256 ) 
4 1612 1617 (-2688 -512 256 ) (-2784 -512 256 ) (-2784 0 256 ) (-2688 0 256 ) 
4 1612 1614 (-2688 -608 256 ) (-2592 -608 256 ) (-2592 -608 384 ) (-2688 -608 384 ) 
4 1613 1744 (-3072 -128 256 ) (-3072 -608 256 ) (-3072 -608 464 ) (-3072 -128 464 ) 
4 1613 1615 (-3072 -608 256 ) (-2816 -608 256 ) (-2816 -608 464 ) (-3072 -608 464 ) 
4 1614 1618 (-2592 -640 256 ) (-2592 -640 384 ) (-2688 -640 384 ) (-2688 -640 256 ) 
4 1615 1744 (-3072 -608 256 ) (-3072 -640 256 ) (-3072 -640 464 ) (-3072 -608 464 ) 
4 1615 1618 (-2816 -640 464 ) (-3072 -640 464 ) (-3072 -640 256 ) (-2816 -640 256 ) 
4 1616 1617 (-2688 0 192 ) (-2688 -415.996979 192 ) (-2688 -511.996979 256 ) (-2688 0 256 ) 
4 1618 1750 (-3072 -1024 256 ) (-3072 -1024 448 ) (-3072 -896 448 ) (-3072 -896 256 ) 
4 1618 1749 (-3072 -896 448 ) (-3072 -640 448 ) (-3072 -640 256 ) (-3072 -896 256 ) 
4 1618 1747 (-3072 -1024 448 ) (-3072 -1024 640 ) (-3072 -640 640 ) (-3072 -640 448 ) 
4 1618 1746 (-3072 -1024 640 ) (-3072 -1024 752 ) (-3072 -640 752 ) (-3072 -640 640 ) 
4 1618 1745 (-3072 -1024 752 ) (-3072 -1024 2048 ) (-3072 -640 2048 ) (-3072 -640 752 ) 
4 1618 1683 (-3072 -1024 712 ) (-3072 -1024 256 ) (-2832 -1024 256 ) (-2832 -1024 712 ) 
4 1618 1682 (-2832 -1024 256 ) (-2304 -1024 256 ) (-2304 -1024 712 ) (-2832 -1024 712 ) 
4 1618 1681 (-2304 -1024 2048 ) (-3072 -1024 2048 ) (-3072 -1024 712 ) (-2304 -1024 712 ) 
4 1618 1680 (-2048 -1024 256 ) (-2048 -1024 288 ) (-2304 -1024 288 ) (-2304 -1024 256 ) 
4 1618 1675 (-2048 -1024 288 ) (-2048 -1024 480 ) (-2304 -1024 480 ) (-2304 -1024 288 ) 
4 1618 1674 (-2304 -1024 672 ) (-2304 -1024 480 ) (-2272 -1024 480 ) (-2272 -1024 672 ) 
4 1618 1673 (-2272 -1024 2048 ) (-2304 -1024 2048 ) (-2304 -1024 672 ) (-2272 -1024 672 ) 
4 1618 1667 (-2048 -1024 480 ) (-2048 -1024 640 ) (-2272 -1024 640 ) (-2272 -1024 480 ) 
4 1618 1664 (-2048 -1024 640 ) (-2048 -1024 2048 ) (-2272 -1024 2048 ) (-2272 -1024 640 ) 
4 1619 1621 (-1056 -2016 640 ) (-1888 -2016 640 ) (-1888 -1024 640 ) (-1056 -1024 640 ) 
4 1619 1620 (-1888 -1024 640 ) (-1888 -1536 640 ) (-1888 -1536 864 ) (-1888 -1024 864 ) 
4 1620 1623 (-2016 -1536 640 ) (-2016 -1024 640 ) (-1892 -1024 640 ) (-1892 -1536 640 ) 
4 1620 1622 (-1892 -1024 640 ) (-1888 -1024 640 ) (-1888 -1536 640 ) (-1892 -1536 640 ) 
4 1621 1642 (-1408 -1540 480 ) (-1408 -1760 480 ) (-1888 -1760 480 ) (-1888 -1540 480 ) 
4 1621 1640 (-1888 -1024 480 ) (-1408 -1024 480 ) (-1408 -1276 480 ) (-1888 -1276 480 ) 
4 1621 1639 (-1056 -1151.995972 480 ) (-1056 -1536 480 ) (-1248 -1536 480 ) (-1248 -1152 480 ) 
4 1621 1634 (-1440 -2016 480 ) (-1312 -2016 480 ) (-1312 -2016 608 ) (-1440 -2016 608 ) 
4 1621 1631 (-1888 -1792 480 ) (-1888 -1920 480 ) (-1888 -1920 608 ) (-1888 -1792 608 ) 
4 1621 1628 (-1888 -1024 480 ) (-1888 -1536 480 ) (-1888 -1536 512 ) (-1888 -1024 512 ) 
4 1621 1622 (-1888 -1736 512 ) (-1888 -1736 640 ) (-1888 -1024 640 ) (-1888 -1024 512 ) 
4 1622 1628 (-1892 -1536 512 ) (-1892 -1024 512 ) (-1888 -1024 512 ) (-1888 -1536 512 ) 
4 1622 1624 (-1892 -1540 512 ) (-1892 -1736 512 ) (-1892 -1736 640 ) (-1892 -1540 640 ) 
4 1622 1623 (-1892 -1024 512 ) (-1892 -1540 512 ) (-1892 -1540 640 ) (-1892 -1024 640 ) 
4 1623 1636 (-2016 -1472 640 ) (-2016 -1280 640 ) (-2016 -1280 512 ) (-2016 -1472 512 ) 
4 1623 1635 (-2016 -1072 608 ) (-2016 -1072 512 ) (-2016 -1168 512 ) (-2016 -1168 608 ) 
4 1623 1629 (-2016 -1536 512 ) (-2016 -1024 512 ) (-1904 -1024 512 ) (-1904 -1536 512 ) 
4 1623 1628 (-1904 -1024 512 ) (-1892 -1024 512 ) (-1892 -1536 512 ) (-1904 -1536 512 ) 
4 1623 1626 (-2016 -1540 512 ) (-1900 -1540 512 ) (-1900 -1540 640 ) (-2016 -1540 640 ) 
4 1623 1625 (-1900 -1540 512 ) (-1892 -1540 512 ) (-1892 -1540 640 ) (-1900 -1540 640 ) 
4 1624 1627 (-1900 -1548 512 ) (-1900 -1736 512 ) (-1900 -1736 640 ) (-1900 -1548 640 ) 
4 1624 1625 (-1892 -1540 640 ) (-1892 -1540 512 ) (-1900 -1548 512 ) (-1900 -1548 640 ) 
4 1625 1626 (-1900 -1540 640 ) (-1900 -1540 512 ) (-1900 -1548 512 ) (-1900 -1548 640 ) 
4 1626 1627 (-2016 -1548 512 ) (-1900 -1548 512 ) (-1900 -1548 640 ) (-2016 -1548 640 ) 
4 1627 1637 (-2016 -1736 512 ) (-2016 -1736 640 ) (-2016 -1552 640 ) (-2016 -1552 512 ) 
4 1627 1630 (-1904 -1736 512 ) (-2016 -1736 512 ) (-2016 -1552 512 ) (-1904 -1552 512 ) 
4 1628 1640 (-1904 -1024 480 ) (-1888 -1024 480 ) (-1888 -1276 480 ) (-1904 -1276 480 ) 
4 1628 1629 (-1904 -1024 480 ) (-1904 -1536 480 ) (-1904 -1536 512 ) (-1904 -1024 512 ) 
4 1629 1641 (-2016 -1280 480 ) (-2016 -1024 480 ) (-1904 -1024 480 ) (-1904 -1280 480 ) 
4 1629 1636 (-2016 -1280 480 ) (-2016 -1472 480 ) (-2016 -1472 512 ) (-2016 -1280 512 ) 
4 1629 1635 (-2016 -1072 480 ) (-2016 -1168 480 ) (-2016 -1168 512 ) (-2016 -1072 512 ) 
4 1630 1637 (-2016 -1552 480 ) (-2016 -1736 480 ) (-2016 -1736 512 ) (-2016 -1552 512 ) 
4 1631 1632 (-1904 -1792 608 ) (-1904 -1792 480 ) (-1904 -1920 480 ) (-1904 -1920 608 ) 
4 1632 1637 (-2016 -1792 480 ) (-2016 -1920 480 ) (-2016 -1920 640 ) (-2016 -1792 640 ) 
4 1632 1633 (-1904 -1920 640 ) (-2016 -1920 640 ) (-2016 -1920 480 ) (-1904 -1920 480 ) 
4 1633 1650 (-2016 -2016 480 ) (-2016 -1920 480 ) (-1904 -1920 480 ) (-1904 -2016 480 ) 
4 1633 1637 (-2016 -1920 480 ) (-2016 -2016 480 ) (-2016 -2016 640 ) (-2016 -1920 640 ) 
4 1634 1693 (-1440 -2048 608 ) (-1440 -2048 480 ) (-1312 -2048 480 ) (-1312 -2048 608 ) 
4 1635 1667 (-2048 -1072 608 ) (-2048 -1072 480 ) (-2048 -1168 480 ) (-2048 -1168 608 ) 
4 1636 1668 (-2048 -1280 480 ) (-2048 -1472 480 ) (-2048 -1472 640 ) (-2048 -1280 640 ) 
4 1637 1650 (-2016 -1920 480 ) (-2016 -2016 480 ) (-2032 -2016 480 ) (-2032 -1920 480 ) 
4 1637 1638 (-2032 -1552 480 ) (-2032 -2016 480 ) (-2032 -2016 640 ) (-2032 -1552 640 ) 
4 1638 1669 (-2048 -1488 480 ) (-2048 -2016 480 ) (-2048 -2016 640 ) (-2048 -1488 640 ) 
4 1638 1650 (-2048 -2016 480 ) (-2048 -1920 480 ) (-2032 -1920 480 ) (-2032 -2016 480 ) 
4 1639 1644 (-1248 -1536 464 ) (-1248 -1184 464 ) (-1056 -1183.996826 464 ) (-1056 -1536 464 ) 
4 1640 1646 (-1904 -1024 464 ) (-1888 -1024 464 ) (-1888 -1276 464 ) (-1904 -1276 464 ) 
4 1640 1645 (-1888 -1024 464 ) (-1408 -1024 464 ) (-1408 -1276 464 ) (-1888 -1276 464 ) 
4 1640 1641 (-1904 -1024 464 ) (-1904 -1276 464 ) (-1904 -1276 480 ) (-1904 -1024 480 ) 
4 1641 1646 (-2016 -1024 464 ) (-1904 -1024 464 ) (-1904 -1280 464 ) (-2016 -1280 464 ) 
4 1642 1645 (-1408 -1760 464 ) (-1888 -1760 464 ) (-1888 -1540 464 ) (-1408 -1540 464 ) 
4 1643 1644 (-1056 -1568 288 ) (-1056 -1760 288 ) (-1056 -1760 416 ) (-1056 -1568 416 ) 
4 1644 1645 (-1248 -1536.010010 288 ) (-1248 -1760 288 ) (-1248 -1760 464 ) (-1248 -1184 464 ) 
4 1645 1656 (-1488 -1760 328 ) (-1488 -1760 456 ) (-1776 -1760 456 ) (-1776 -1760 328 ) 
4 1645 1652 (-1408 -1760 288 ) (-1248 -1760 288 ) (-1248 -1760 416 ) (-1408 -1760 416 ) 
4 1645 1648 (-1888 -1584 288 ) (-1888 -1712 288 ) (-1888 -1712 416 ) (-1888 -1584 416 ) 
4 1645 1646 (-1888 -1024 288 ) (-1888 -1280 288 ) (-1888 -1280 464 ) (-1888 -1024 464 ) 
4 1647 1676 (-2048 -1760 416 ) (-2048 -1760 464 ) (-2048 -1536 464 ) (-2048 -1536 416 ) 
4 1647 1661 (-1904 -1760 464 ) (-2048 -1760 464 ) (-2048 -1760 416 ) (-1904 -1760 416 ) 
4 1647 1649 (-2048 -1536 416 ) (-1904 -1536 416 ) (-1904 -1760 416 ) (-2048 -1760 416 ) 
4 1648 1649 (-1904 -1712 416 ) (-1904 -1584 416 ) (-1904 -1584 288 ) (-1904 -1712 288 ) 
4 1649 1676 (-2048 -1536 288 ) (-2048 -1760 288 ) (-2048 -1760 416 ) (-2048 -1536 416 ) 
4 1649 1661 (-2048 -1760 288 ) (-1904 -1760 288 ) (-1904 -1760 416 ) (-2048 -1760 416 ) 
4 1650 1678 (-2048 -2016 480 ) (-2048 -1920 480 ) (-2048 -1920 464 ) (-2048 -2016 464 ) 
4 1650 1661 (-1904 -2016 464 ) (-2048 -2016 464 ) (-2048 -1920 464 ) (-1904 -1920 464 ) 
4 1651 1653 (-1248 -2016 288 ) (-1248 -2016 464 ) (-1248 -1776 464 ) (-1248 -1776 288 ) 
4 1652 1653 (-1408 -1776 416 ) (-1408 -1776 288 ) (-1248 -1776 288 ) (-1248 -1776 416 ) 
4 1653 1654 (-1408 -2016 288 ) (-1408 -2016 464 ) (-1408 -1776 464 ) (-1408 -1776 288 ) 
4 1654 1659 (-1488 -2016 288 ) (-1488 -2016 328 ) (-1488 -1776 328 ) (-1488 -1776 288 ) 
4 1654 1658 (-1488 -2016 328 ) (-1488 -2016 456 ) (-1488 -1776 456 ) (-1488 -1776 328 ) 
4 1654 1655 (-1488 -2016 456 ) (-1488 -2016 464 ) (-1488 -1776 464 ) (-1488 -1776 456 ) 
4 1655 1660 (-1776 -2016 456 ) (-1776 -2016 464 ) (-1776 -1776 464 ) (-1776 -1776 456 ) 
4 1655 1658 (-1776 -2016 456 ) (-1776 -1776 456 ) (-1488 -1776 456 ) (-1488 -2016 456 ) 
4 1656 1657 (-1776 -1764 328 ) (-1488 -1764 328 ) (-1488 -1764 456 ) (-1776 -1764 456 ) 
4 1657 1658 (-1776 -1772 328 ) (-1488 -1772 328 ) (-1488 -1772 456 ) (-1776 -1772 456 ) 
4 1658 1662 (-1760 -2016 392 ) (-1760 -2016 328 ) (-1568 -2016 328 ) (-1568 -2016 392 ) 
4 1658 1660 (-1776 -2016 328 ) (-1776 -2016 456 ) (-1776 -1776 456 ) (-1776 -1776 328 ) 
4 1658 1659 (-1776 -2016 328 ) (-1776 -1776 328 ) (-1488 -1776 328 ) (-1488 -2016 328 ) 
4 1659 1662 (-1760 -2016 288 ) (-1568 -2016 288 ) (-1568 -2016 328 ) (-1760 -2016 328 ) 
4 1659 1660 (-1776 -2016 288 ) (-1776 -2016 328 ) (-1776 -1776 328 ) (-1776 -1776 288 ) 
4 1660 1661 (-1904 -2016 288 ) (-1904 -2016 464 ) (-1904 -1776 464 ) (-1904 -1776 288 ) 
4 1661 1677 (-2048 -1760 464 ) (-2048 -1760 288 ) (-2048 -1920 288 ) (-2048 -1920 464 ) 
4 1661 1678 (-2048 -1920 288 ) (-2048 -2016 288 ) (-2048 -2016 464 ) (-2048 -1920 464 ) 
4 1662 1701 (-1760 -2048 392 ) (-1760 -2048 288 ) (-1568 -2048 288 ) (-1568 -2048 392 ) 
4 1663 1703 (-1024 -2048 -128 ) (-1024 -2048 192 ) (-1248 -2048 192 ) (-1248 -2048 -128 ) 
4 1664 1674 (-2272 -1024 672 ) (-2272 -1024 640 ) (-2272 -1248 640 ) (-2272 -1248 672 ) 
4 1664 1673 (-2272 -1024 2048 ) (-2272 -1024 672 ) (-2272 -1248 672 ) (-2272 -1248 2048 ) 
4 1664 1667 (-2272 -1248 640 ) (-2272 -1024 640 ) (-2048 -1024 640 ) (-2048 -1248 640 ) 
4 1664 1665 (-2048 -1248 672 ) (-2048 -1248 2048 ) (-2272 -1248 2048 ) (-2272 -1248 672 ) 
4 1665 1673 (-2272 -1280 672 ) (-2272 -1280 2048 ) (-2272 -1248 2048 ) (-2272 -1248 672 ) 
4 1665 1666 (-2048 -1280 672 ) (-2048 -1280 2048 ) (-2272 -1280 2048 ) (-2272 -1280 672 ) 
4 1666 1673 (-2272 -2016 672 ) (-2272 -2016 2048 ) (-2272 -1280 2048 ) (-2272 -1280 672 ) 
4 1666 1672 (-2272 -2016 2048 ) (-2272 -2016 672 ) (-2048 -2016 672 ) (-2048 -2016 2048 ) 
4 1667 1675 (-2272 -1248 480 ) (-2272 -1024 480 ) (-2048 -1024 480 ) (-2048 -1248 480 ) 
4 1667 1674 (-2272 -1024 640 ) (-2272 -1024 480 ) (-2272 -1248 480 ) (-2272 -1248 640 ) 
4 1668 1670 (-2272 -1472 608 ) (-2272 -1472 480 ) (-2144 -1472 480 ) (-2144 -1472 608 ) 
4 1669 1678 (-2048 -1920 480 ) (-2048 -2016 480 ) (-2144 -2016 480 ) (-2144 -1920 480 ) 
4 1669 1671 (-2144 -1488 480 ) (-2144 -2016 480 ) (-2144 -2016 640 ) (-2144 -1488 640 ) 
4 1670 1671 (-2144 -1488 480 ) (-2144 -1488 608 ) (-2272 -1488 608 ) (-2272 -1488 480 ) 
4 1671 1678 (-2144 -1920 480 ) (-2144 -2016 480 ) (-2176 -2016 480 ) (-2176 -1920 480 ) 
4 1671 1679 (-2272 -2016 480 ) (-2272 -1760 480 ) (-2176 -1760 480 ) (-2176 -2016 480 ) 
4 1672 1727 (-2048 -2048 672 ) (-2048 -2048 2048 ) (-2272 -2048 2048 ) (-2272 -2048 672 ) 
4 1672 1673 (-2272 -2048 672 ) (-2272 -2048 2048 ) (-2272 -2016 2048 ) (-2272 -2016 672 ) 
4 1673 1727 (-2304 -2048 2048 ) (-2304 -2048 672 ) (-2272 -2048 672 ) (-2272 -2048 2048 ) 
4 1673 1682 (-2304 -1024 712 ) (-2304 -1024 672 ) (-2304 -2048 672 ) (-2304 -2048 712 ) 
4 1673 1681 (-2304 -1024 2048 ) (-2304 -1024 712 ) (-2304 -2048 712 ) (-2304 -2048 2048 ) 
4 1673 1674 (-2304 -1248 672 ) (-2304 -1024 672 ) (-2272 -1024 672 ) (-2272 -1248 672 ) 
4 1674 1682 (-2304 -1024 672 ) (-2304 -1024 480 ) (-2304 -1248 480 ) (-2304 -1248 672 ) 
4 1674 1675 (-2304 -1248 480 ) (-2304 -1024 480 ) (-2272 -1024 480 ) (-2272 -1248 480 ) 
4 1675 1682 (-2304 -1024 480 ) (-2304 -1024 288 ) (-2304 -1248 288 ) (-2304 -1248 480 ) 
4 1675 1680 (-2304 -1248 288 ) (-2304 -1024 288 ) (-2048 -1024 288 ) (-2048 -1248 288 ) 
4 1676 1677 (-2176 -1760 288 ) (-2048 -1760 288 ) (-2048 -1760 464 ) (-2176 -1760 464 ) 
4 1676 1679 (-2272 -1760 464 ) (-2272 -1760 288 ) (-2176 -1760 288 ) (-2176 -1760 464 ) 
4 1677 1678 (-2176 -1920 464 ) (-2176 -1920 288 ) (-2048 -1920 288 ) (-2048 -1920 464 ) 
4 1677 1679 (-2176 -1760 464 ) (-2176 -1760 288 ) (-2176 -1920 288 ) (-2176 -1920 464 ) 
4 1678 1679 (-2176 -1920 288 ) (-2176 -2016 288 ) (-2176 -2016 480 ) (-2176 -1920 480 ) 
4 1680 1682 (-2304 -1024 288 ) (-2304 -1024 256 ) (-2304 -1248 256 ) (-2304 -1248 288 ) 
4 1681 1793 (-3072 -2048 712 ) (-3072 -2048 2048 ) (-3072 -1024 2048 ) (-3072 -1024 712 ) 
4 1681 1727 (-3072 -2048 2048 ) (-3072 -2048 712 ) (-2304 -2048 712 ) (-2304 -2048 2048 ) 
4 1681 1683 (-3072 -1024 712 ) (-2832 -1024 712 ) (-2832 -1792 712 ) (-3072 -1792 712 ) 
4 1681 1682 (-2832 -1024 712 ) (-2304 -1024 712 ) (-2304 -2048 712 ) (-2832 -2048 712 ) 
4 1682 1727 (-2832 -2048 256 ) (-2304 -2048 256 ) (-2304 -2048 712 ) (-2832 -2048 712 ) 
4 1682 1683 (-2832 -1024 256 ) (-2832 -1792 256 ) (-2832 -1792 712 ) (-2832 -1024 712 ) 
4 1683 1812 (-3072 -1024 448 ) (-3072 -1024 256 ) (-3072 -1792 256 ) (-3072 -1792 448 ) 
4 1683 1795 (-3072 -1024 640 ) (-3072 -1024 448 ) (-3072 -1792 448 ) (-3072 -1792 640 ) 
4 1683 1793 (-3072 -1792 712 ) (-3072 -1024 712 ) (-3072 -1024 640 ) (-3072 -1792 640 ) 
4 1684 1704 (-1024 -2304 672 ) (-1024 -2304 2048 ) (-1248 -2304 2048 ) (-1248 -2304 672 ) 
4 1684 1689 (-1024 -2304 672 ) (-1248 -2304 672 ) (-1248 -2240 672 ) (-1024 -2240 672 ) 
4 1684 1688 (-1248 -2240 672 ) (-1248 -2048 672 ) (-1024 -2048 672 ) (-1024 -2240 672 ) 
4 1684 1685 (-1248 -2048 672 ) (-1248 -2304 672 ) (-1248 -2304 2048 ) (-1248 -2048 2048 ) 
4 1685 1705 (-1248 -2304 2048 ) (-1280 -2304 2048 ) (-1280 -2304 672 ) (-1248 -2304 672 ) 
4 1685 1686 (-1280 -2048 672 ) (-1280 -2304 672 ) (-1280 -2304 2048 ) (-1280 -2048 2048 ) 
4 1686 1706 (-1280 -2304 2048 ) (-2016 -2304 2048 ) (-2016 -2304 672 ) (-1280 -2304 672 ) 
4 1686 1690 (-1504 -2304 672 ) (-2016 -2304 672 ) (-2016 -2048 672 ) (-1504 -2048 672 ) 
4 1686 1687 (-2016 -2048 672 ) (-2016 -2304 672 ) (-2016 -2304 2048 ) (-2016 -2048 2048 ) 
4 1687 1727 (-2048 -2048 2048 ) (-2048 -2048 672 ) (-2048 -2304 672 ) (-2048 -2304 2048 ) 
4 1687 1707 (-2016 -2304 2048 ) (-2048 -2304 2048 ) (-2048 -2304 672 ) (-2016 -2304 672 ) 
4 1687 1691 (-2016 -2304 672 ) (-2048 -2304 672 ) (-2048 -2048 672 ) (-2016 -2048 672 ) 
4 1688 1692 (-1248 -2240 656 ) (-1248 -2048 656 ) (-1024 -2048 656 ) (-1024 -2240 656 ) 
4 1688 1689 (-1248 -2240 672 ) (-1248 -2240 656 ) (-1024 -2240 656 ) (-1024 -2240 672 ) 
4 1689 1708 (-1024 -2304 656 ) (-1024 -2304 672 ) (-1248 -2304 672 ) (-1248 -2304 656 ) 
4 1689 1692 (-1024 -2304 656 ) (-1248 -2304 656 ) (-1248 -2240 656 ) (-1024 -2240 656 ) 
4 1690 1694 (-1504 -2304 656 ) (-2016 -2304 656 ) (-2016 -2048 656 ) (-1504 -2048 656 ) 
4 1690 1691 (-2016 -2048 656 ) (-2016 -2304 656 ) (-2016 -2304 672 ) (-2016 -2048 672 ) 
4 1691 1727 (-2048 -2048 672 ) (-2048 -2048 656 ) (-2048 -2304 656 ) (-2048 -2304 672 ) 
4 1691 1695 (-2016 -2304 656 ) (-2048 -2304 656 ) (-2048 -2048 656 ) (-2016 -2048 656 ) 
4 1692 1711 (-1024 -2304 480 ) (-1024 -2304 656 ) (-1248 -2304 656 ) (-1248 -2304 480 ) 
4 1692 1696 (-1024 -2304 480 ) (-1248 -2304 480 ) (-1248 -2048 480 ) (-1024 -2048 480 ) 
4 1693 1712 (-1440 -2304 608 ) (-1440 -2304 480 ) (-1312 -2304 480 ) (-1312 -2304 608 ) 
4 1694 1697 (-1504 -2304 480 ) (-2016 -2304 480 ) (-2016 -2048 480 ) (-1504 -2048 480 ) 
4 1694 1695 (-2016 -2048 480 ) (-2016 -2304 480 ) (-2016 -2304 656 ) (-2016 -2048 656 ) 
4 1695 1727 (-2048 -2048 656 ) (-2048 -2048 480 ) (-2048 -2304 480 ) (-2048 -2304 656 ) 
4 1695 1698 (-2016 -2304 480 ) (-2048 -2304 480 ) (-2048 -2048 480 ) (-2016 -2048 480 ) 
4 1696 1717 (-1024 -2304 464 ) (-1024 -2304 480 ) (-1248 -2304 480 ) (-1248 -2304 464 ) 
4 1696 1699 (-1024 -2304 464 ) (-1248 -2304 464 ) (-1248 -2048 464 ) (-1024 -2048 464 ) 
4 1697 1701 (-1504 -2304 464 ) (-2016 -2304 464 ) (-2016 -2048 464 ) (-1504 -2048 464 ) 
4 1697 1698 (-2016 -2048 464 ) (-2016 -2304 464 ) (-2016 -2304 480 ) (-2016 -2048 480 ) 
4 1698 1727 (-2048 -2048 480 ) (-2048 -2048 464 ) (-2048 -2304 464 ) (-2048 -2304 480 ) 
4 1698 1702 (-2016 -2304 464 ) (-2048 -2304 464 ) (-2048 -2048 464 ) (-2016 -2048 464 ) 
4 1699 1724 (-1024 -2304 256 ) (-1024 -2304 288 ) (-1248 -2304 288 ) (-1248 -2304 256 ) 
4 1699 1717 (-1024 -2304 288 ) (-1024 -2304 464 ) (-1248 -2304 464 ) (-1248 -2304 288 ) 
4 1699 1703 (-1024 -2304 256 ) (-1248 -2304 256 ) (-1248 -2048 256 ) (-1024 -2048 256 ) 
4 1699 1700 (-1248 -2048 256 ) (-1248 -2304 256 ) (-1248 -2304 464 ) (-1248 -2048 464 ) 
4 1700 1701 (-1280 -2048 256 ) (-1280 -2304 256 ) (-1280 -2304 464 ) (-1280 -2048 464 ) 
4 1701 1718 (-1744 -2304 392 ) (-1744 -2304 288 ) (-1552 -2304 288 ) (-1552 -2304 392 ) 
4 1701 1702 (-2016 -2048 256 ) (-2016 -2304 256 ) (-2016 -2304 464 ) (-2016 -2048 464 ) 
4 1702 1727 (-2048 -2048 464 ) (-2048 -2048 256 ) (-2048 -2304 256 ) (-2048 -2304 464 ) 
4 1703 1724 (-1024 -2304 -128 ) (-1024 -2304 256 ) (-1248 -2304 256 ) (-1248 -2304 -128 ) 
4 1704 1736 (-1024 -3072 672 ) (-1024 -3072 2048 ) (-1248 -3072 2048 ) (-1248 -3072 672 ) 
4 1704 1708 (-1248 -2304 672 ) (-1024 -2304 672 ) (-1024 -2848 672 ) (-1248 -2848 672 ) 
4 1704 1705 (-1248 -2304 672 ) (-1248 -3072 672 ) (-1248 -3072 2048 ) (-1248 -2304 2048 ) 
4 1705 1737 (-1248 -3072 2048 ) (-1280 -3072 2048 ) (-1280 -3072 672 ) (-1248 -3072 672 ) 
4 1705 1709 (-1248 -2848 672 ) (-1248 -3072 672 ) (-1280 -3072 672 ) (-1280 -2848 672 ) 
4 1705 1706 (-1280 -2304 672 ) (-1280 -3072 672 ) (-1280 -3072 2048 ) (-1280 -2304 2048 ) 
4 1706 1738 (-1280 -3072 2048 ) (-2016 -3072 2048 ) (-2016 -3072 672 ) (-1280 -3072 672 ) 
4 1706 1709 (-1280 -2848 672 ) (-1280 -3072 672 ) (-2016 -3072 672 ) (-2016 -2848 672 ) 
4 1706 1707 (-2016 -2304 672 ) (-2016 -3072 672 ) (-2016 -3072 2048 ) (-2016 -2304 2048 ) 
4 1707 1739 (-2016 -3072 2048 ) (-2048 -3072 2048 ) (-2048 -3072 672 ) (-2016 -3072 672 ) 
4 1707 1727 (-2048 -3072 672 ) (-2048 -3072 2048 ) (-2048 -2304 2048 ) (-2048 -2304 672 ) 
4 1707 1710 (-2048 -3072 672 ) (-2048 -2848 672 ) (-2016 -2848 672 ) (-2016 -3072 672 ) 
4 1708 1713 (-1024 -2336 656 ) (-1024 -2848 656 ) (-1248 -2848 656 ) (-1248 -2336 656 ) 
4 1708 1711 (-1248 -2304 656 ) (-1024 -2304 656 ) (-1024 -2336 656 ) (-1248 -2336 656 ) 
4 1709 1740 (-1248 -3072 672 ) (-2016 -3072 672 ) (-2016 -3072 656 ) (-1248 -3072 656 ) 
4 1709 1715 (-1248 -3072 656 ) (-2016 -3072 656 ) (-2016 -2848 656 ) (-1248 -2848 656 ) 
4 1709 1710 (-2016 -2848 672 ) (-2016 -2848 656 ) (-2016 -3072 656 ) (-2016 -3072 672 ) 
4 1710 1741 (-2016 -3072 672 ) (-2048 -3072 672 ) (-2048 -3072 656 ) (-2016 -3072 656 ) 
4 1710 1727 (-2048 -3072 656 ) (-2048 -3072 672 ) (-2048 -2848 672 ) (-2048 -2848 656 ) 
4 1710 1716 (-2016 -3072 656 ) (-2048 -3072 656 ) (-2048 -2848 656 ) (-2016 -2848 656 ) 
4 1711 1717 (-1248 -2304 480 ) (-1024 -2304 480 ) (-1024 -2336 480 ) (-1248 -2336 480 ) 
4 1711 1713 (-1248 -2336 480 ) (-1024 -2336 480 ) (-1024 -2336 656 ) (-1248 -2336 656 ) 
4 1712 1714 (-1440 -2336 480 ) (-1312 -2336 480 ) (-1312 -2336 608 ) (-1440 -2336 608 ) 
4 1713 1721 (-1024 -2832 480 ) (-1024 -2848 480 ) (-1248 -2848 480 ) (-1248 -2832 480 ) 
4 1713 1719 (-1248 -2336 480 ) (-1024 -2336 480 ) (-1024 -2832 480 ) (-1248 -2832 480 ) 
4 1714 1720 (-2016 -2336 480 ) (-1472 -2336 480 ) (-1472 -2832 480 ) (-2016 -2832 480 ) 
4 1715 1740 (-1248 -3072 656 ) (-2016 -3072 656 ) (-2016 -3072 480 ) (-1248 -3072 480 ) 
4 1715 1722 (-2016 -2848 480 ) (-1248 -2848 480 ) (-1248 -3072 480 ) (-2016 -3072 480 ) 
4 1715 1716 (-2016 -2848 656 ) (-2016 -2848 480 ) (-2016 -3072 480 ) (-2016 -3072 656 ) 
4 1716 1741 (-2016 -3072 656 ) (-2048 -3072 656 ) (-2048 -3072 480 ) (-2016 -3072 480 ) 
4 1716 1727 (-2048 -3072 480 ) (-2048 -3072 656 ) (-2048 -2848 656 ) (-2048 -2848 480 ) 
4 1716 1723 (-2048 -3072 480 ) (-2048 -2848 480 ) (-2016 -2848 480 ) (-2016 -3072 480 ) 
4 1717 1724 (-1248 -2304 288 ) (-1024 -2304 288 ) (-1024 -2336 288 ) (-1248 -2336 288 ) 
4 1717 1719 (-1248 -2336 288 ) (-1024 -2336 288 ) (-1024 -2336 480 ) (-1248 -2336 480 ) 
4 1718 1720 (-1744 -2336 288 ) (-1552 -2336 288 ) (-1552 -2336 392 ) (-1744 -2336 392 ) 
4 1719 1724 (-1248 -2336 288 ) (-1024 -2336 288 ) (-1024 -2832 288 ) (-1248 -2832 288 ) 
4 1719 1721 (-1248 -2832 288 ) (-1024 -2832 288 ) (-1024 -2832 480 ) (-1248 -2832 480 ) 
4 1721 1724 (-1248 -2832 288 ) (-1024 -2832 288 ) (-1024 -2848 288 ) (-1248 -2848 288 ) 
4 1722 1740 (-1248 -3072 480 ) (-2016 -3072 480 ) (-2016 -3072 288 ) (-1248 -3072 288 ) 
4 1722 1725 (-1248 -3072 288 ) (-2016 -3072 288 ) (-2016 -2848 288 ) (-1248 -2848 288 ) 
4 1722 1723 (-2016 -2848 480 ) (-2016 -2848 288 ) (-2016 -3072 288 ) (-2016 -3072 480 ) 
4 1723 1741 (-2016 -3072 480 ) (-2048 -3072 480 ) (-2048 -3072 288 ) (-2016 -3072 288 ) 
4 1723 1727 (-2048 -3072 288 ) (-2048 -3072 480 ) (-2048 -2848 480 ) (-2048 -2848 288 ) 
4 1723 1726 (-2016 -3072 288 ) (-2048 -3072 288 ) (-2048 -2848 288 ) (-2016 -2848 288 ) 
4 1725 1740 (-1248 -3072 288 ) (-2016 -3072 288 ) (-2016 -3072 256 ) (-1248 -3072 256 ) 
4 1725 1726 (-2016 -2848 288 ) (-2016 -2848 256 ) (-2016 -3072 256 ) (-2016 -3072 288 ) 
4 1726 1741 (-2016 -3072 288 ) (-2048 -3072 288 ) (-2048 -3072 256 ) (-2016 -3072 256 ) 
4 1726 1727 (-2048 -3072 256 ) (-2048 -3072 288 ) (-2048 -2848 288 ) (-2048 -2848 256 ) 
4 1727 1860 (-3072 -3072 256 ) (-3072 -3072 2048 ) (-3072 -2176 2048 ) (-3072 -2176 256 ) 
4 1727 1856 (-3072 -2176 2048 ) (-3072 -2048 2048 ) (-3072 -2048 256 ) (-3072 -2176 256 ) 
4 1727 1743 (-2048 -3072 256 ) (-2048 -3072 2048 ) (-3072 -3072 2048 ) (-3072 -3072 256 ) 
4 1728 1734 (0 -3072 2048 ) (0 -3072 768 ) (0 -3584 768 ) (0 -3584 2048 ) 
4 1728 1729 (1024 -3584 768 ) (384 -3584 768 ) (384 -3072 768 ) (1024 -3072 768 ) 
4 1729 1730 (1024 -3584 96 ) (384 -3584 96 ) (384 -3072 96 ) (1024 -3072 96 ) 
4 1730 1733 (384 -3072 -16 ) (512 -3072 -16 ) (512 -3584 -16 ) (384 -3584 -16 ) 
4 1730 1732 (1024 -3328 -16 ) (1024 -3584 -16 ) (512 -3584 -16 ) (512 -3328 -16 ) 
4 1730 1731 (512 -3072 -16 ) (1024 -3072 -16 ) (1024 -3328 -16 ) (512 -3328 -16 ) 
4 1731 1733 (512 -3072 -128 ) (512 -3328 -128 ) (512 -3328 -16 ) (512 -3072 -16 ) 
4 1731 1732 (512 -3328 -16 ) (512 -3328 -128 ) (1024 -3328 -128 ) (1024 -3328 -16 ) 
4 1732 1733 (512 -3328 -128 ) (512 -3584 -128 ) (512 -3584 -16 ) (512 -3328 -16 ) 
4 1734 1735 (-384 -3584 768 ) (-384 -3584 2048 ) (-384 -3072 2048 ) (-384 -3072 768 ) 
4 1735 1742 (-1024 -3104 672 ) (-1024 -3584 672 ) (-1024 -3584 2048 ) (-1024 -3104 2048 ) 
4 1735 1736 (-1024 -3072 2048 ) (-1024 -3072 672 ) (-1024 -3104 672 ) (-1024 -3104 2048 ) 
4 1736 1742 (-1024 -3104 672 ) (-1024 -3104 2048 ) (-1248 -3104 2048 ) (-1248 -3104 672 ) 
4 1736 1737 (-1248 -3072 672 ) (-1248 -3104 672 ) (-1248 -3104 2048 ) (-1248 -3072 2048 ) 
4 1737 1740 (-1248 -3104 672 ) (-1280 -3104 672 ) (-1280 -3072 672 ) (-1248 -3072 672 ) 
4 1737 1738 (-1280 -3072 672 ) (-1280 -3104 672 ) (-1280 -3104 2048 ) (-1280 -3072 2048 ) 
4 1738 1740 (-1280 -3104 672 ) (-2016 -3104 672 ) (-2016 -3072 672 ) (-1280 -3072 672 ) 
4 1738 1739 (-2016 -3072 672 ) (-2016 -3104 672 ) (-2016 -3104 2048 ) (-2016 -3072 2048 ) 
4 1739 1743 (-2048 -3072 2048 ) (-2048 -3072 672 ) (-2048 -3104 672 ) (-2048 -3104 2048 ) 
4 1739 1741 (-2016 -3104 672 ) (-2048 -3104 672 ) (-2048 -3072 672 ) (-2016 -3072 672 ) 
4 1740 1741 (-2016 -3072 256 ) (-2016 -3104 256 ) (-2016 -3104 672 ) (-2016 -3072 672 ) 
4 1741 1743 (-2048 -3072 672 ) (-2048 -3072 256 ) (-2048 -3104 256 ) (-2048 -3104 672 ) 
4 1743 1879 (-3072 -3104 256 ) (-3072 -3104 2048 ) (-3072 -3072 2048 ) (-3072 -3072 256 ) 
4 1744 1754 (-3968 -640 752 ) (-3968 -640 2048 ) (-4000 -640 2048 ) (-4000 -640 752 ) 
4 1744 1749 (-3328 -640 256 ) (-3072 -640 256 ) (-3072 -640 448 ) (-3328 -640 448 ) 
4 1744 1747 (-3072 -640 448 ) (-3072 -640 640 ) (-3328 -640 640 ) (-3328 -640 448 ) 
4 1744 1746 (-3072 -640 640 ) (-3072 -640 752 ) (-3328 -640 752 ) (-3328 -640 640 ) 
4 1744 1745 (-3072 -640 752 ) (-3072 -640 2048 ) (-3968 -640 2048 ) (-3968 -640 752 ) 
4 1745 1794 (-3328 -1024 2048 ) (-3968 -1024 2048 ) (-3968 -1024 752 ) (-3328 -1024 752 ) 
4 1745 1793 (-3072 -1024 752 ) (-3072 -1024 2048 ) (-3328 -1024 2048 ) (-3328 -1024 752 ) 
4 1745 1754 (-3968 -640 2048 ) (-3968 -640 752 ) (-3968 -1024 752 ) (-3968 -1024 2048 ) 
4 1745 1746 (-3328 -640 752 ) (-3072 -640 752 ) (-3072 -1024 752 ) (-3328 -1024 752 ) 
4 1746 1793 (-3072 -1024 640 ) (-3072 -1024 752 ) (-3328 -1024 752 ) (-3328 -1024 640 ) 
4 1746 1747 (-3072 -1024 640 ) (-3328 -1024 640 ) (-3328 -640 640 ) (-3072 -640 640 ) 
4 1747 1795 (-3072 -1024 448 ) (-3072 -1024 640 ) (-3328 -1024 640 ) (-3328 -1024 448 ) 
4 1747 1750 (-3072 -896 448 ) (-3072 -1024 448 ) (-3328 -1024 448 ) (-3328 -896 448 ) 
4 1747 1749 (-3328 -640 448 ) (-3072 -640 448 ) (-3072 -896 448 ) (-3328 -896 448 ) 
4 1748 1802 (-3952 -1024 640 ) (-3968 -1024 640 ) (-3968 -1024 448 ) (-3952 -1024 448 ) 
4 1748 1799 (-3856 -1024 640 ) (-3952 -1024 640 ) (-3952 -1024 448 ) (-3856 -1024 448 ) 
4 1748 1797 (-3360 -1024 640 ) (-3856 -1024 640 ) (-3856 -1024 448 ) (-3360 -1024 448 ) 
4 1748 1756 (-3968 -816 484.838135 ) (-3968 -816 560 ) (-3968 -720 560 ) (-3968 -720 484.838135 ) 
4 1748 1755 (-3968 -816 464 ) (-3968 -816 484.838135 ) (-3968 -720 484.838135 ) (-3968 -720 464 ) 
4 1748 1752 (-3840 -672 448 ) (-3360 -672 448 ) (-3360 -1024 448 ) (-3840 -1024 448 ) 
4 1749 1750 (-3328 -896 256 ) (-3072 -896 256 ) (-3072 -896 448 ) (-3328 -896 448 ) 
4 1750 1812 (-3072 -1024 256 ) (-3072 -1024 448 ) (-3328 -1024 448 ) (-3328 -1024 256 ) 
4 1750 1751 (-3328 -896 416 ) (-3328 -896 256 ) (-3328 -1024 256 ) (-3328 -1024 416 ) 
4 1751 1813 (-3360 -1024 416 ) (-3360 -1024 256 ) (-3328 -1024 256 ) (-3328 -1024 416 ) 
4 1751 1752 (-3360 -896 416 ) (-3360 -896 256 ) (-3360 -1024 256 ) (-3360 -1024 416 ) 
4 1752 1815 (-3360 -1024 448 ) (-3840 -1024 448 ) (-3840 -1024 256 ) (-3360 -1024 256 ) 
4 1752 1757 (-3472 -1024 256 ) (-3728 -1024 256 ) (-3728 -960 256 ) (-3472 -960 256 ) 
4 1752 1753 (-3840 -672 432 ) (-3840 -672 256 ) (-3840 -1024 256 ) (-3840 -1024 432 ) 
4 1753 1816 (-3968 -1024 432 ) (-3968 -1024 256 ) (-3840 -1024 256 ) (-3840 -1024 432 ) 
4 1754 1794 (-4000 -1024 2048 ) (-4000 -1024 752 ) (-3968 -1024 752 ) (-3968 -1024 2048 ) 
4 1755 1756 (-3968 -720 484.838806 ) (-4000.002686 -720 464 ) (-4000.004150 -816 464 ) (-3968 -816 484.839844 ) 
4 1756 1773 (-4096 -816 401.490051 ) (-4096 -816 448 ) (-4096 -720 448 ) (-4096 -720 401.490051 ) 
4 1756 1772 (-4096 -816 448 ) (-4096 -816 528.744019 ) (-4096 -720 528.744019 ) (-4096 -720 448 ) 
4 1757 1821 (-3472 -1024 256 ) (-3728 -1024 256 ) (-3728 -1024 248 ) (-3483.199951 -1024 248 ) 
4 1757 1758 (-3728 -1024 248 ) (-3728 -960 248 ) (-3483.203125 -960 248 ) (-3483.203125 -1024 248 ) 
4 1758 1822 (-3728 -1024 248 ) (-3728 -1024 240 ) (-3494.399902 -1024 240 ) (-3483.199951 -1024 248 ) 
4 1758 1768 (-3728 -960 240 ) (-3696 -960 240 ) (-3696 -1024 240 ) (-3728 -1024 240 ) 
4 1758 1766 (-3696 -960 240 ) (-3494.399902 -960 240 ) (-3494.399902 -1024 240 ) (-3696 -1024 240 ) 
4 1759 1774 (-4096 -416 0 ) (-4096 -480 0 ) (-4096 -480 240 ) (-4096 -416 240 ) 
4 1759 1761 (-4096 -480 0 ) (-3920 -480 0 ) (-3920 -480 96 ) (-4096 -480 96 ) 
4 1759 1760 (-3920 -480 96 ) (-3920 -480 240 ) (-4096 -480 240 ) (-4096 -480 96 ) 
4 1760 1774 (-4096 -608 96 ) (-4096 -608 240 ) (-4096 -480 240 ) (-4096 -480 96 ) 
4 1760 1763 (-3920 -608 240 ) (-4096 -608 240 ) (-4096 -608 96 ) (-3920 -608 96 ) 
4 1760 1762 (-3808 -608 224 ) (-3808 -608 96 ) (-3696 -608 96 ) (-3696 -608 224 ) 
4 1760 1761 (-4096 -480 96 ) (-3808 -480 96 ) (-3808 -608 96 ) (-4096 -608 96 ) 
4 1761 1774 (-4096 -480 0 ) (-4096 -608 0 ) (-4096 -608 96 ) (-4096 -480 96 ) 
4 1761 1763 (-4096 -608 0 ) (-3920 -608 0 ) (-3920 -608 96 ) (-4096 -608 96 ) 
4 1762 1764 (-3808 -640 224 ) (-3808 -640 96 ) (-3696 -640 96 ) (-3696 -640 224 ) 
4 1763 1774 (-4096 -608 0 ) (-4096 -640 0 ) (-4096 -640 240 ) (-4096 -608 240 ) 
4 1763 1771 (-4096 -640 96 ) (-4096 -640 0 ) (-3920 -640 0 ) (-3920 -640 96 ) 
4 1763 1765 (-3920 -640 240 ) (-4096 -640 240 ) (-4096 -640 96 ) (-3920 -640 96 ) 
4 1764 1767 (-3808 -928 96 ) (-3696 -928 96 ) (-3696 -928 224 ) (-3808 -928 224 ) 
4 1765 1776 (-4096 -928 240 ) (-4096 -840 240 ) (-4096 -840 96 ) (-4096 -928 96 ) 
4 1765 1774 (-4096 -840 240 ) (-4096 -640 240 ) (-4096 -640 96 ) (-4096 -840 96 ) 
4 1765 1771 (-4096 -928 96 ) (-4096 -640 96 ) (-3920 -640 96 ) (-3920 -928 96 ) 
4 1765 1770 (-4096 -928 96 ) (-3920 -928 96 ) (-3920 -928 240 ) (-4096 -928 240 ) 
3 1766 1825 (-3494.399902 -1024 240 ) (-3696 -1024 240 ) (-3696 -1024 96 ) 
4 1766 1768 (-3696 -960 96 ) (-3696 -1024 96 ) (-3696 -1024 240 ) (-3696 -960 240 ) 
4 1767 1768 (-3808 -960 224 ) (-3808 -960 96 ) (-3696 -960 96 ) (-3696 -960 224 ) 
4 1768 1825 (-3696 -1024 240 ) (-3808 -1024 240 ) (-3808 -1024 96 ) (-3696 -1024 96 ) 
4 1768 1769 (-3808 -960 96 ) (-3808 -1024 96 ) (-3808 -1024 240 ) (-3808 -960 240 ) 
4 1769 1825 (-3808 -1024 240 ) (-3872 -1024 240 ) (-3872 -1024 96 ) (-3808 -1024 96 ) 
4 1770 1826 (-3920 -1024 240 ) (-4096 -1024 240 ) (-4096 -1024 96 ) (-3920 -1024 96 ) 
4 1770 1776 (-4096 -1024 96 ) (-4096 -1024 240 ) (-4096 -928 240 ) (-4096 -928 96 ) 
4 1770 1771 (-4096 -1024 96 ) (-4096 -928 96 ) (-3920 -928 96 ) (-3920 -1024 96 ) 
4 1771 1829 (-3920 -1024 96 ) (-4096 -1024 96 ) (-4096 -1024 0 ) (-3920 -1024 0 ) 
4 1771 1776 (-4096 -1024 0 ) (-4096 -1024 96 ) (-4096 -840 96 ) (-4096 -840 0 ) 
4 1771 1774 (-4096 -840 96 ) (-4096 -640 96 ) (-4096 -640 0 ) (-4096 -840 0 ) 
4 1772 1773 (-4220 -816 448 ) (-4220 -720 448 ) (-4096 -720 448 ) (-4096 -816 448 ) 
4 1773 1779 (-4256 -720 360 ) (-4256 -720 352 ) (-4256 -816 352 ) (-4256 -816 360 ) 
4 1773 1777 (-4256 -816 448 ) (-4256 -720 448 ) (-4256 -720 360 ) (-4256 -816 360 ) 
4 1774 1776 (-4176 -840 0 ) (-4096 -840 0 ) (-4096 -840 240 ) (-4176 -840 240 ) 
4 1774 1775 (-4176 -512 0 ) (-4176 -840 0 ) (-4176 -840 240 ) (-4176 -512 240 ) 
4 1775 1783 (-4256 -832 0 ) (-4256 -840 0 ) (-4256 -840 240 ) (-4256 -832 240 ) 
4 1775 1781 (-4256 -704 0 ) (-4256 -832 0 ) (-4256 -832 240 ) (-4256 -704 240 ) 
4 1775 1780 (-4256 -512 0 ) (-4256 -704 0 ) (-4256 -704 240 ) (-4256 -512 240 ) 
4 1775 1776 (-4224 -840 0 ) (-4176 -840 0 ) (-4176 -840 240 ) (-4224 -840 240 ) 
4 1776 1839 (-4096 -1024 0 ) (-4096 -1024 240 ) (-4224 -1024 240 ) (-4224 -1024 0 ) 
4 1777 1779 (-4256 -720 360 ) (-4256 -816 360 ) (-4316 -816 360 ) (-4316 -720 360 ) 
4 1777 1778 (-4316 -816 360 ) (-4556 -816 360 ) (-4556 -720 360 ) (-4316 -720 360 ) 
4 1778 1785 (-4808 -816 360 ) (-4808 -720 360 ) (-4808 -720 264 ) (-4808 -816 264 ) 
4 1778 1779 (-4316 -816 360 ) (-4332 -816 352 ) (-4332 -720 352 ) (-4316 -720 360 ) 
4 1780 1789 (-4808 -704 -32 ) (-4808 -704 208 ) (-4808 -416 208 ) (-4808 -416 -32 ) 
4 1780 1784 (-4808 -704 208 ) (-4808 -704 240 ) (-4808 -416 240 ) (-4808 -416 208 ) 
4 1780 1782 (-4808 -704 208 ) (-4808 -704 -32 ) (-4784 -704 -32 ) (-4784 -704 208 ) 
4 1780 1781 (-4256 -704 -32 ) (-4256 -704 240 ) (-4784 -704 240 ) (-4784 -704 -32 ) 
4 1781 1783 (-4256 -832 -32 ) (-4256 -832 240 ) (-4784 -832 240 ) (-4784 -832 -32 ) 
4 1781 1782 (-4784 -704 208 ) (-4784 -704 -32 ) (-4784 -832 -32 ) (-4784 -832 208 ) 
4 1782 1789 (-4808 -832 -32 ) (-4808 -832 208 ) (-4808 -704 208 ) (-4808 -704 -32 ) 
4 1782 1783 (-4808 -832 208 ) (-4808 -832 -32 ) (-4784 -832 -32 ) (-4784 -832 208 ) 
4 1783 1848 (-4256 -1024 -32 ) (-4256 -1024 0 ) (-4808 -1024 0 ) (-4808 -1024 -32 ) 
4 1783 1847 (-4256 -1024 0 ) (-4256 -1024 240 ) (-4808 -1024 240 ) (-4808 -1024 0 ) 
4 1783 1789 (-4808 -1024 -32 ) (-4808 -1024 208 ) (-4808 -832 208 ) (-4808 -832 -32 ) 
4 1783 1788 (-4808 -1024 208 ) (-4808 -1024 240 ) (-4808 -832 240 ) (-4808 -832 208 ) 
4 1784 1790 (-5056 -704 208 ) (-5056 -416 208 ) (-4832 -416 208 ) (-4832 -704 208 ) 
4 1784 1789 (-4832 -416 208 ) (-4808 -416 208 ) (-4808 -704 208 ) (-4832 -704 208 ) 
4 1784 1787 (-5056 -704 208 ) (-4920 -704 208 ) (-4920 -704 240 ) (-5056 -704 240 ) 
4 1785 1786 (-4808 -816 215 ) (-4904 -816 215 ) (-4904 -720 215 ) (-4808 -720 215 ) 
4 1786 1790 (-4832 -816 208 ) (-4904 -816 208 ) (-4904 -720 208 ) (-4832 -720 208 ) 
4 1786 1789 (-4808 -720 208 ) (-4808 -816 208 ) (-4832 -816 208 ) (-4832 -720 208 ) 
4 1787 1790 (-5056 -832 208 ) (-5056 -704 208 ) (-4920 -704 208 ) (-4920 -832 208 ) 
4 1787 1788 (-5056 -832 208 ) (-4920 -832 208 ) (-4920 -832 240 ) (-5056 -832 240 ) 
4 1788 1847 (-4808 -1024 208 ) (-4808 -1024 240 ) (-5056 -1024 240 ) (-5056 -1024 208 ) 
4 1788 1790 (-5056 -1024 208 ) (-5056 -832 208 ) (-4832 -832 208 ) (-4832 -1024 208 ) 
4 1788 1789 (-4832 -832 208 ) (-4808 -832 208 ) (-4808 -1024 208 ) (-4832 -1024 208 ) 
4 1789 1848 (-4808 -1024 -32 ) (-4808 -1024 0 ) (-4832 -1024 0 ) (-4832 -1024 -32 ) 
4 1789 1847 (-4808 -1024 0 ) (-4808 -1024 208 ) (-4832 -1024 208 ) (-4832 -1024 0 ) 
4 1789 1790 (-4832 -1024 0 ) (-4832 -1024 208 ) (-4832 -416 208 ) (-4832 -416 0 ) 
4 1790 1847 (-4832 -1024 208 ) (-5056 -1024 208 ) (-5056 -1024 0 ) (-4832 -1024 0 ) 
4 1790 1791 (-5056 -688 96 ) (-5056 -688 0 ) (-5056 -848 0 ) (-5056 -848 96 ) 
4 1791 1792 (-5088 -848 0 ) (-5088 -848 96 ) (-5088 -688 96 ) (-5088 -688 0 ) 
4 1792 1873 (-5120 -640 0 ) (-5120 -1024 0 ) (-5120 -1024 256 ) (-5120 -640 256 ) 
4 1792 1855 (-5088 -1024 0 ) (-5088 -1024 64 ) (-5120 -1024 64 ) (-5120 -1024 0 ) 
4 1792 1854 (-5088 -1024 64 ) (-5088 -1024 256 ) (-5120 -1024 256 ) (-5120 -1024 64 ) 
4 1793 1856 (-3072 -2048 640 ) (-3072 -2048 2048 ) (-3328 -2048 2048 ) (-3328 -2048 640 ) 
4 1793 1795 (-3072 -2048 640 ) (-3328 -2048 640 ) (-3328 -1024 640 ) (-3072 -1024 640 ) 
4 1793 1794 (-3328 -2048 752 ) (-3328 -2048 2048 ) (-3328 -1024 2048 ) (-3328 -1024 752 ) 
4 1794 1856 (-3328 -2048 2048 ) (-4000 -2048 2048 ) (-4000 -2048 752 ) (-3328 -2048 752 ) 
4 1795 1856 (-3072 -2048 448 ) (-3072 -2048 640 ) (-3328 -2048 640 ) (-3328 -2048 448 ) 
4 1795 1812 (-3328 -1024 448 ) (-3072 -1024 448 ) (-3072 -2048 448 ) (-3328 -2048 448 ) 
4 1795 1796 (-3328 -1888 448 ) (-3328 -1984 448 ) (-3328 -1984 576 ) (-3328 -1888 576 ) 
4 1796 1808 (-3360 -1888 448 ) (-3360 -1984 448 ) (-3360 -1984 576 ) (-3360 -1888 576 ) 
4 1797 1815 (-3840 -1024 448 ) (-3360 -1024 448 ) (-3360 -1312 448 ) (-3840 -1312 448 ) 
4 1797 1799 (-3856 -1024 448 ) (-3856 -1312 448 ) (-3856 -1312 640 ) (-3856 -1024 640 ) 
4 1798 1818 (-3360 -1344 448 ) (-3360 -1760 448 ) (-3840 -1760 448 ) (-3840 -1344 448 ) 
4 1798 1806 (-3856 -1760 448 ) (-3712 -1760 448 ) (-3712 -1760 624 ) (-3856 -1760 624 ) 
4 1798 1805 (-3360 -1760 480 ) (-3360 -1760 576 ) (-3680 -1760 576 ) (-3680 -1760 480 ) 
4 1798 1804 (-3712 -1760 640 ) (-3856 -1760 640 ) (-3856 -1760 624 ) (-3712 -1760 624 ) 
4 1798 1801 (-3856 -1344 448 ) (-3856 -1760 448 ) (-3856 -1760 640 ) (-3856 -1344 640 ) 
4 1799 1802 (-3952 -1024 448 ) (-3952 -1312 448 ) (-3952 -1312 640 ) (-3952 -1024 640 ) 
4 1799 1800 (-3952 -1312 576 ) (-3952 -1312 448 ) (-3856 -1312 448 ) (-3856 -1312 576 ) 
4 1800 1801 (-3952 -1344 576 ) (-3952 -1344 448 ) (-3856 -1344 448 ) (-3856 -1344 576 ) 
4 1801 1806 (-3952 -1760 448 ) (-3856 -1760 448 ) (-3856 -1760 624 ) (-3952 -1760 624 ) 
4 1801 1804 (-3856 -1760 624 ) (-3856 -1760 640 ) (-3952 -1760 640 ) (-3952 -1760 624 ) 
4 1801 1803 (-3952 -1344 448 ) (-3952 -1760 448 ) (-3952 -1760 640 ) (-3952 -1344 640 ) 
4 1803 1806 (-3968 -1760 448 ) (-3952 -1760 448 ) (-3952 -1760 624 ) (-3968 -1760 624 ) 
4 1803 1804 (-3952 -1760 624 ) (-3952 -1760 640 ) (-3968 -1760 640 ) (-3968 -1760 624 ) 
4 1804 1811 (-3712 -1776 624 ) (-3712 -2016 624 ) (-3968 -2016 624 ) (-3968 -1776 624 ) 
4 1804 1806 (-3968 -1760 624 ) (-3712 -1760 624 ) (-3712 -1776 624 ) (-3968 -1776 624 ) 
4 1805 1807 (-3360 -1776 480 ) (-3360 -1776 576 ) (-3680 -1776 576 ) (-3680 -1776 480 ) 
4 1806 1811 (-3968 -1776 448 ) (-3712 -1776 448 ) (-3712 -1776 624 ) (-3968 -1776 624 ) 
4 1807 1808 (-3696 -1856 448 ) (-3360 -1856 448 ) (-3360 -1856 624 ) (-3696 -1856 624 ) 
4 1808 1810 (-3696 -1984 448 ) (-3360 -1984 448 ) (-3360 -1984 624 ) (-3696 -1984 624 ) 
4 1808 1809 (-3696 -1856 576 ) (-3696 -1856 448 ) (-3696 -1984 448 ) (-3696 -1984 576 ) 
4 1809 1811 (-3712 -1856 448 ) (-3712 -1984 448 ) (-3712 -1984 576 ) (-3712 -1856 576 ) 
4 1812 1856 (-3072 -2048 256 ) (-3072 -2048 448 ) (-3328 -2048 448 ) (-3328 -2048 256 ) 
4 1812 1814 (-3328 -1408 256 ) (-3328 -1664 256 ) (-3328 -1664 416 ) (-3328 -1408 416 ) 
4 1812 1813 (-3328 -1024 256 ) (-3328 -1152 256 ) (-3328 -1152 416 ) (-3328 -1024 416 ) 
4 1813 1815 (-3360 -1024 256 ) (-3360 -1152 256 ) (-3360 -1152 416 ) (-3360 -1024 416 ) 
4 1814 1818 (-3360 -1408 256 ) (-3360 -1664 256 ) (-3360 -1664 416 ) (-3360 -1408 416 ) 
4 1815 1821 (-3728 -1024 256 ) (-3472 -1024 256 ) (-3472 -1152 256 ) (-3728 -1152 256 ) 
4 1815 1817 (-3488 -1312 256 ) (-3392 -1312 256 ) (-3392 -1312 384 ) (-3488 -1312 384 ) 
4 1815 1816 (-3840 -1024 256 ) (-3840 -1312 256 ) (-3840 -1312 432 ) (-3840 -1024 432 ) 
4 1817 1818 (-3488 -1344 256 ) (-3392 -1344 256 ) (-3392 -1344 384 ) (-3488 -1344 384 ) 
4 1818 1823 (-3632 -1584 256 ) (-3840 -1584 256 ) (-3840 -1408 256 ) (-3632 -1408 256 ) 
4 1818 1820 (-3840 -1760 256 ) (-3360 -1760 256 ) (-3360 -1760 432 ) (-3840 -1760 432 ) 
4 1818 1819 (-3840 -1344 432 ) (-3840 -1344 256 ) (-3840 -1760 256 ) (-3840 -1760 432 ) 
4 1819 1823 (-3968 -1584 256 ) (-3968 -1408 256 ) (-3840 -1408 256 ) (-3840 -1584 256 ) 
4 1819 1820 (-3968 -1760 432 ) (-3968 -1760 256 ) (-3840 -1760 256 ) (-3840 -1760 432 ) 
4 1821 1822 (-3728 -1152 248 ) (-3728 -1024 248 ) (-3483.203125 -1024 248 ) (-3483.203125 -1152 248 ) 
4 1822 1825 (-3728 -1024 240 ) (-3494.399902 -1024 240 ) (-3494.399902 -1152 240 ) (-3728 -1152 240 ) 
4 1823 1824 (-3968 -1408 248 ) (-3644.500000 -1408 248 ) (-3644.500000 -1584 248 ) (-3968 -1584 248 ) 
4 1824 1833 (-3657 -1584 240 ) (-3968 -1584 240 ) (-3968 -1408 240 ) (-3657 -1408 240 ) 
4 1825 1827 (-3808 -1152 96 ) (-3696 -1152 96 ) (-3696 -1152 224 ) (-3808 -1152 224 ) 
4 1826 1839 (-4096 -1152 240 ) (-4096 -1024 240 ) (-4096 -1024 96 ) (-4096 -1152 96 ) 
4 1826 1829 (-4096 -1152 96 ) (-4096 -1024 96 ) (-3920 -1024 96 ) (-3920 -1152 96 ) 
4 1826 1828 (-4096 -1152 96 ) (-3920 -1152 96 ) (-3920 -1152 240 ) (-4096 -1152 240 ) 
4 1827 1830 (-3808 -1184 224 ) (-3808 -1184 96 ) (-3696 -1184 96 ) (-3696 -1184 224 ) 
4 1828 1839 (-4096 -1184 96 ) (-4096 -1184 240 ) (-4096 -1152 240 ) (-4096 -1152 96 ) 
4 1828 1830 (-3920 -1184 240 ) (-4096 -1184 240 ) (-4096 -1184 96 ) (-3920 -1184 96 ) 
4 1828 1829 (-3920 -1184 96 ) (-4096 -1184 96 ) (-4096 -1152 96 ) (-3920 -1152 96 ) 
4 1829 1839 (-4096 -1184 0 ) (-4096 -1184 96 ) (-4096 -1024 96 ) (-4096 -1024 0 ) 
4 1829 1831 (-3920 -1184 96 ) (-4096 -1184 96 ) (-4096 -1184 0 ) (-3920 -1184 0 ) 
4 1830 1839 (-4096 -1312 240 ) (-4096 -1184 240 ) (-4096 -1184 96 ) (-4096 -1312 96 ) 
4 1830 1832 (-3904 -1312 240 ) (-4096 -1312 240 ) (-4096 -1312 96 ) (-3904 -1312 96 ) 
4 1830 1831 (-3808 -1312 96 ) (-4096 -1312 96 ) (-4096 -1184 96 ) (-3808 -1184 96 ) 
4 1831 1839 (-4096 -1184 96 ) (-4096 -1184 0 ) (-4096 -1312 0 ) (-4096 -1312 96 ) 
5 1831 1832 (-4096 -1312 0 ) (-3920 -1312 0 ) (-3904 -1312 13.714256 ) (-3904 -1312 96 ) (-4096 -1312 96 ) 
4 1832 1839 (-4096 -1344 240 ) (-4096 -1312 240 ) (-4096 -1312 0 ) (-4096 -1344 0 ) 
4 1833 1834 (-3968 -1408 224 ) (-3682 -1408 224 ) (-3682 -1584 224 ) (-3968 -1584 224 ) 
4 1834 1837 (-4032 -1408 32 ) (-4032 -1408 0 ) (-4032 -1584 0 ) (-4032 -1584 32 ) 
4 1834 1836 (-4032 -1408 176 ) (-4032 -1408 32 ) (-4032 -1584 32 ) (-4032 -1584 176 ) 
4 1834 1835 (-4032 -1584 224 ) (-4032 -1408 224 ) (-4032 -1408 176 ) (-4032 -1584 176 ) 
4 1835 1840 (-4096 -1664 224 ) (-4096 -1408 224 ) (-4096 -1408 176 ) (-4096 -1664 176 ) 
4 1835 1836 (-4096 -1408 176 ) (-4032 -1408 176 ) (-4032 -1664 176 ) (-4096 -1664 176 ) 
4 1836 1843 (-4096 -1760 32 ) (-4096 -1760 176 ) (-4096 -1664 176 ) (-4096 -1664 32 ) 
4 1836 1840 (-4096 -1664 176 ) (-4096 -1408 176 ) (-4096 -1408 32 ) (-4096 -1664 32 ) 
4 1836 1838 (-4032 -1760 32 ) (-4032 -1760 176 ) (-4096 -1760 176 ) (-4096 -1760 32 ) 
4 1836 1837 (-4096 -1408 32 ) (-4032 -1408 32 ) (-4032 -1728 32 ) (-4096 -1728 32 ) 
3 1837 1844 (-4096 -1728 32 ) (-4096 -1664 32 ) (-4096 -1664 0 ) 
4 1837 1840 (-4096 -1664 32 ) (-4096 -1408 32 ) (-4096 -1408 0 ) (-4096 -1664 0 ) 
4 1838 1858 (-4016 -2048 224 ) (-4096 -2048 224 ) (-4096 -2048 32 ) (-4016 -2048 32 ) 
4 1838 1857 (-3968 -2048 32 ) (-3968 -2048 224 ) (-4016 -2048 224 ) (-4016 -2048 32 ) 
4 1838 1845 (-4096 -2048 32 ) (-4096 -2048 224 ) (-4096 -1760 224 ) (-4096 -1760 32 ) 
4 1840 1844 (-4160 -1664 0 ) (-4096 -1664 0 ) (-4096 -1664 32 ) (-4160 -1664 32 ) 
4 1840 1843 (-4096 -1664 32 ) (-4096 -1664 176 ) (-4160 -1664 176 ) (-4160 -1664 32 ) 
4 1840 1842 (-4160 -1664 0 ) (-4224 -1664 0 ) (-4224 -1408 0 ) (-4160 -1408 0 ) 
4 1840 1841 (-4224 -1408 160 ) (-4224 -1408 0 ) (-4224 -1664 0 ) (-4224 -1664 160 ) 
4 1841 1849 (-4256 -1664 0 ) (-4256 -1664 160 ) (-4256 -1408 160 ) (-4256 -1408 0 ) 
4 1841 1842 (-4224 -1664 0 ) (-4256 -1664 0 ) (-4256 -1408 0 ) (-4224 -1408 0 ) 
4 1842 1849 (-4256 -1664 -32 ) (-4256 -1664 0 ) (-4256 -1408 0 ) (-4256 -1408 -32 ) 
4 1843 1845 (-4096 -1760 32 ) (-4096 -1760 176 ) (-4160 -1760 176 ) (-4160 -1760 32 ) 
4 1843 1844 (-4160 -1728 32 ) (-4160 -1664 32 ) (-4096 -1664 32 ) (-4096 -1728 32 ) 
4 1845 1863 (-4096 -2048 32 ) (-4096 -2048 224 ) (-4224 -2048 224 ) (-4224 -2048 32 ) 
4 1845 1846 (-4224 -1984 32 ) (-4224 -2048 32 ) (-4224 -2048 160 ) (-4224 -1984 160 ) 
4 1846 1864 (-4224 -2048 32 ) (-4224 -2048 160 ) (-4256 -2048 160 ) (-4256 -2048 32 ) 
4 1846 1851 (-4256 -2048 32 ) (-4256 -2048 160 ) (-4256 -1984 160 ) (-4256 -1984 32 ) 
4 1847 1850 (-5056 -1136 240 ) (-5056 -1136 0 ) (-4864 -1136 0 ) (-4864 -1136 240 ) 
4 1847 1849 (-4864 -1136 0 ) (-4256 -1136 0 ) (-4256 -1136 240 ) (-4864 -1136 240 ) 
4 1847 1848 (-4256 -1136 0 ) (-4832 -1136 0 ) (-4832 -1024 0 ) (-4256 -1024 0 ) 
4 1848 1849 (-4832 -1136 -32 ) (-4256 -1136 -32 ) (-4256 -1136 0 ) (-4832 -1136 0 ) 
4 1849 1851 (-4256 -1760 32 ) (-4256 -1760 240 ) (-4864 -1760 240 ) (-4864 -1760 32 ) 
5 1849 1850 (-4864 -1760 -32 ) (-4864 -1760 240 ) (-4864 -1136 240 ) (-4864 -1136 0.002014 ) (-4864 -1216 -32 ) 
4 1850 1852 (-5056 -1648 96 ) (-5056 -1648 192 ) (-5056 -1424 192 ) (-5056 -1424 96 ) 
4 1850 1851 (-4864 -1760 32 ) (-4864 -1760 240 ) (-5056 -1760 240 ) (-5056 -1760 32 ) 
4 1851 1865 (-4256 -2048 32 ) (-4256 -2048 224 ) (-5056 -2048 224 ) (-5056 -2048 32 ) 
4 1851 1862 (-4256 -2048 224 ) (-4256 -2048 240 ) (-5056 -2048 240 ) (-5056 -2048 224 ) 
4 1851 1853 (-5056 -2048 64 ) (-5056 -2048 160 ) (-5056 -1952 160 ) (-5056 -1952 64 ) 
4 1852 1854 (-5088 -1648 96 ) (-5088 -1648 192 ) (-5088 -1424 192 ) (-5088 -1424 96 ) 
4 1853 1871 (-5056 -2048 64 ) (-5056 -2048 160 ) (-5088 -2048 160 ) (-5088 -2048 64 ) 
4 1853 1854 (-5088 -2048 64 ) (-5088 -2048 160 ) (-5088 -1952 160 ) (-5088 -1952 64 ) 
4 1854 1874 (-5120 -2048 64 ) (-5120 -2048 256 ) (-5120 -1024 256 ) (-5120 -1024 64 ) 
4 1854 1872 (-5120 -2048 256 ) (-5120 -2048 64 ) (-5088 -2048 64 ) (-5088 -2048 256 ) 
4 1854 1855 (-5120 -1024 64 ) (-5088 -1024 64 ) (-5088 -1280 64 ) (-5120 -1280 64 ) 
4 1855 1875 (-5120 -1280 64 ) (-5120 -1024 64 ) (-5120 -1024 0 ) (-5120 -1184 0 ) 
4 1856 1860 (-3072 -2176 256 ) (-3072 -2176 2048 ) (-4000 -2176 2048 ) (-4000 -2176 256 ) 
4 1857 1858 (-4016 -2048 32 ) (-4016 -2144 32 ) (-4016 -2144 224 ) (-4016 -2048 224 ) 
4 1858 1863 (-4096 -2048 224 ) (-4096 -2048 32 ) (-4096 -2144 32 ) (-4096 -2144 224 ) 
4 1858 1859 (-4096 -2144 32 ) (-4016 -2144 32 ) (-4016 -2144 160 ) (-4096 -2144 160 ) 
4 1859 1866 (-4096 -2144 32 ) (-4096 -2176 32 ) (-4096 -2176 160 ) (-4096 -2144 160 ) 
4 1859 1861 (-4096 -2176 160 ) (-4096 -2176 32 ) (-4016 -2176 32 ) (-4016 -2176 160 ) 
4 1860 1879 (-3072 -3072 256 ) (-3072 -3072 2048 ) (-4000 -3072 2048 ) (-4000 -3072 256 ) 
4 1861 1867 (-4096 -2512 32 ) (-4096 -2512 224 ) (-4096 -2176 224 ) (-4096 -2176 32 ) 
4 1862 1865 (-5056 -2144 224 ) (-5056 -2048 224 ) (-4256 -2048 224 ) (-4256 -2144 224 ) 
4 1863 1866 (-4096 -2144 32 ) (-4096 -2144 160 ) (-4176 -2144 160 ) (-4176 -2144 32 ) 
4 1863 1864 (-4224 -2080 160 ) (-4224 -2048 160 ) (-4224 -2048 32 ) (-4224 -2080 32 ) 
4 1864 1865 (-4256 -2080 160 ) (-4256 -2048 160 ) (-4256 -2048 32 ) (-4256 -2080 32 ) 
4 1865 1871 (-5056 -2048 160 ) (-5056 -2048 64 ) (-5056 -2112 64 ) (-5056 -2112 160 ) 
4 1865 1869 (-4864 -2144 160 ) (-4864 -2144 32 ) (-4768 -2144 32 ) (-4768 -2144 160 ) 
4 1865 1868 (-4352 -2144 64 ) (-4352 -2144 160 ) (-4736 -2144 160 ) (-4736 -2144 64 ) 
4 1866 1867 (-4176 -2176 32 ) (-4096 -2176 32 ) (-4096 -2176 160 ) (-4176 -2176 160 ) 
4 1867 1870 (-4352 -2512 224 ) (-4352 -2176 224 ) (-4352 -2176 32 ) (-4352 -2512 32 ) 
4 1868 1870 (-4352 -2176 64 ) (-4352 -2176 160 ) (-4736 -2176 160 ) (-4736 -2176 64 ) 
4 1869 1870 (-4768 -2176 160 ) (-4864 -2176 160 ) (-4864 -2176 32 ) (-4768 -2176 32 ) 
4 1871 1872 (-5088 -2048 160 ) (-5088 -2048 64 ) (-5088 -2112 64 ) (-5088 -2112 160 ) 
4 1872 1878 (-5120 -2208 64 ) (-5120 -2208 256 ) (-5120 -2048 256 ) (-5120 -2048 64 ) 
4 1873 1875 (-5120 -1024 0 ) (-5120 -1024 64 ) (-5344 -1024 64 ) (-5344 -1024 0 ) 
4 1873 1874 (-5120 -1024 64 ) (-5120 -1024 256 ) (-5344 -1024 256 ) (-5344 -1024 64 ) 
4 1874 1878 (-5120 -2048 64 ) (-5120 -2048 256 ) (-5344 -2048 256 ) (-5344 -2048 64 ) 
4 1874 1876 (-5344 -1424 192 ) (-5344 -1424 64 ) (-5344 -1648 64 ) (-5344 -1648 192 ) 
4 1874 1875 (-5344 -1280 64 ) (-5344 -1024 64 ) (-5120 -1024 64 ) (-5120 -1280 64 ) 
4 1876 1877 (-5376 -1424 64 ) (-5376 -1648 64 ) (-5376 -1648 192 ) (-5376 -1424 192 ) 
